v -29.79270 16.41750 -26.97070
v -29.70370 16.13250 -26.97070
v -29.58390 15.88070 -26.97070
v -29.83310 20.90900 -26.97070
v -29.52790 15.79450 -26.97070
v -29.33330 15.56240 -26.97070
v -28.81820 15.11740 -26.97070
v -29.08010 15.32080 -26.97070
v -28.49640 14.91230 -26.97070
v -28.17730 14.74530 -26.97070
v -27.43430 14.45990 -26.97070
v -27.79830 14.58390 -26.97070
v -27.29900 14.42420 -26.97070
v -26.90400 14.34780 -26.97070
v -26.04610 14.26530 -26.97070
v -26.45700 14.29110 -26.97070
v -24.18280 14.26530 -26.97070
v -23.77190 14.29110 -26.97070
v -22.92990 14.42420 -26.97070
v -23.32490 14.34780 -26.97070
v -22.79460 14.45990 -26.97070
v -22.43060 14.58390 -26.97070
v -21.73250 14.91230 -26.97070
v -22.05160 14.74530 -26.97070
v -20.39580 16.67940 -26.97070
v -21.41070 15.11740 -26.97070
v -21.14890 15.32080 -26.97070
v -20.70100 15.79450 -26.97070
v -20.89560 15.56240 -26.97070
v -20.64500 15.88070 -26.97070
v -20.52520 16.13250 -26.97070
v -20.43630 16.41750 -26.97070
v -20.39580 20.90900 -26.97070
v -20.43850 21.18500 -26.97070
v -20.63700 21.68200 -26.97070
v -20.51070 21.41660 -26.97070
v -20.81360 21.95380 -26.97070
v -21.01870 22.19840 -26.97070
v -21.50060 22.60910 -26.97070
v -21.22450 22.39470 -26.97070
v -24.38190 23.45000 -26.97070
v -21.71480 22.74570 -26.97070
v -22.05120 22.92170 -26.97070
v -22.74290 23.18360 -26.97070
v -22.35920 23.05290 -26.97070
v -23.16920 23.29620 -26.97070
v -23.58560 23.37670 -26.97070
v -23.94890 23.42280 -26.97070
v -25.84700 23.45000 -26.97070
v -26.28000 23.42280 -26.97070
v -27.05970 23.29620 -26.97070
v -26.64330 23.37670 -26.97070
v -27.48600 23.18360 -26.97070
v -27.86970 23.05290 -26.97070
v -28.51410 22.74570 -26.97070
v -28.17770 22.92170 -26.97070
v -28.72840 22.60910 -26.97070
v -29.00440 22.39470 -26.97070
v -29.41530 21.95380 -26.97070
v -29.21020 22.19840 -26.97070
v -29.59190 21.68200 -26.97070
v -29.71820 21.41660 -26.97070
v -29.79050 21.18500 -26.97070
v -29.83310 16.67940 -26.97070
v -26.05160 14.19490 -26.96350
v -24.17730 14.19490 -26.96350
v -23.75570 14.22140 -26.96350
v -23.29810 14.27940 -26.96350
v -22.89260 14.35780 -26.96350
v -22.74740 14.39620 -26.96350
v -22.37370 14.52350 -26.96350
v -21.98570 14.68870 -26.96350
v -21.65820 14.86010 -26.96350
v -21.32880 15.07010 -26.96350
v -21.06000 15.27880 -26.96350
v -20.80080 15.52620 -26.96350
v -20.60110 15.76430 -26.96350
v -20.54090 15.85690 -26.96350
v -20.41790 16.11540 -26.96350
v -20.32690 16.40710 -26.96350
v -20.28540 16.67590 -26.96350
v -20.28540 20.91240 -26.96350
v -20.32910 21.19530 -26.96350
v -20.40350 21.43370 -26.96350
v -20.53290 21.70580 -26.96350
v -20.71360 21.98390 -26.96350
v -20.92390 22.23460 -26.96350
v -21.13570 22.43670 -26.96350
v -21.41860 22.65650 -26.96350
v -21.64060 22.79800 -26.96350
v -21.98530 22.97830 -26.96350
v -22.30230 23.11330 -26.96350
v -22.69570 23.24740 -26.96350
v -23.13200 23.36260 -26.96350
v -23.55870 23.44510 -26.96350
v -23.93270 23.49250 -26.96350
v -24.37650 23.52040 -26.96350
v -25.85240 23.52040 -26.96350
v -26.29620 23.49250 -26.96350
v -26.67020 23.44510 -26.96350
v -27.09700 23.36260 -26.96350
v -27.53330 23.24740 -26.96350
v -27.92660 23.11330 -26.96350
v -28.24360 22.97830 -26.96350
v -28.58830 22.79800 -26.96350
v -28.81030 22.65650 -26.96350
v -29.09320 22.43670 -26.96350
v -29.30500 22.23460 -26.96350
v -29.51530 21.98390 -26.96350
v -29.69600 21.70580 -26.96350
v -29.82550 21.43370 -26.96350
v -29.89980 21.19530 -26.96350
v -29.94350 20.91240 -26.96350
v -29.94350 16.67590 -26.96350
v -29.90200 16.40710 -26.96350
v -29.81100 16.11540 -26.96350
v -29.68800 15.85690 -26.96350
v -29.62780 15.76430 -26.96350
v -29.42810 15.52620 -26.96350
v -29.16890 15.27880 -26.96350
v -28.90010 15.07010 -26.96350
v -28.57070 14.86010 -26.96350
v -28.24320 14.68870 -26.96350
v -27.85520 14.52350 -26.96350
v -27.48160 14.39620 -26.96350
v -27.33630 14.35780 -26.96350
v -26.93090 14.27940 -26.96350
v -26.47320 14.22140 -26.96350
v -26.24650 7.74010 -27.21300
v -26.24650 8.93110 -27.21300
v -24.10560 8.93110 -27.21300
v -24.10560 7.74010 -27.21300
v -26.24650 7.74010 -26.79800
v -24.10560 7.74010 -26.79800
v -24.10560 8.93110 -26.79800
v -26.24650 8.93110 -26.79800
v -26.24650 7.68950 -27.16240
v -24.10560 7.68950 -27.16240
v -24.10560 7.68950 -26.84860
v -26.24650 7.68950 -26.84860
v -24.05500 7.74010 -27.16240
v -24.05500 8.93110 -27.16240
v -24.05500 8.93110 -26.84860
v -24.05500 7.74010 -26.84860
v -24.10560 8.98170 -27.16240
v -26.24650 8.98170 -27.16240
v -26.24650 8.98170 -26.84860
v -24.10560 8.98170 -26.84860
v -26.29710 8.93110 -27.16240
v -26.29710 7.74010 -27.16240
v -26.29710 7.74010 -26.84860
v -26.29710 8.93110 -26.84860
v -26.25620 7.69260 -27.18320
v -26.24650 7.69260 -27.18460
v -24.09590 7.71930 -27.20990
v -24.10560 7.71790 -27.20990
v -26.29390 8.94080 -27.18320
v -26.29390 8.93110 -27.18460
v -24.08490 8.94080 -27.20990
v -24.08350 8.93110 -27.20990
v -26.26720 7.69260 -26.83890
v -26.26860 7.69260 -26.84860
v -24.05820 7.71930 -26.83890
v -24.05820 7.71790 -26.84860
v -26.29390 8.95190 -26.83890
v -26.29390 8.95320 -26.84860
v -24.08490 8.97850 -26.83890
v -24.08350 8.97850 -26.84860
v -26.26860 8.93110 -27.20990
v -26.26860 7.74010 -27.20990
v -24.10560 8.95320 -27.20990
v -26.24650 8.95320 -27.20990
v -24.08350 7.74010 -27.20990
v -26.24650 7.71790 -27.20990
v -24.10560 7.71790 -26.80120
v -26.24650 7.71790 -26.80120
v -24.08350 8.93110 -26.80120
v -24.08350 7.74010 -26.80120
v -26.24650 8.95320 -26.80120
v -24.10560 8.95320 -26.80120
v -26.26860 7.74010 -26.80120
v -26.26860 8.93110 -26.80120
v -24.08350 7.69260 -26.84860
v -24.08350 7.69260 -27.16240
v -26.26860 7.69260 -27.16240
v -24.05820 8.95320 -26.84860
v -24.05820 8.95320 -27.16240
v -26.26860 8.97850 -26.84860
v -26.26860 8.97850 -27.16240
v -26.26720 7.69260 -27.17210
v -26.28200 7.70210 -27.17900
v -26.28440 7.70210 -27.16240
v -26.29090 7.71790 -27.18320
v -26.29390 7.71790 -27.16240
v -26.29390 7.74010 -27.18460
v -26.26310 7.69260 -27.17900
v -26.27490 7.70210 -27.19090
v -26.28200 7.71790 -27.19800
v -26.28440 7.74010 -27.20040
v -26.26310 7.70210 -27.19800
v -26.26720 7.71790 -27.20690
v -26.24650 7.70210 -27.20040
v -24.08490 7.73040 -27.20990
v -24.07000 7.72350 -27.20040
v -24.06770 7.74010 -27.20040
v -24.06110 7.71930 -27.18460
v -24.05820 7.74010 -27.18460
v -24.05820 7.71790 -27.16240
v -24.08900 7.72350 -27.20990
v -24.07720 7.71160 -27.20040
v -24.07000 7.70450 -27.18460
v -24.06770 7.70210 -27.16240
v -24.08900 7.70450 -27.20040
v -24.08490 7.69560 -27.18460
v -24.10560 7.70210 -27.20040
v -24.10560 7.69260 -27.18460
v -26.29390 8.95320 -27.16240
v -26.29390 8.95190 -27.17210
v -26.28440 8.96670 -27.17900
v -26.28440 8.96910 -27.16240
v -26.26860 8.97560 -27.18320
v -26.24650 8.97850 -27.18460
v -26.29390 8.94770 -27.17900
v -26.28440 8.95960 -27.19090
v -26.26860 8.96670 -27.19800
v -26.24650 8.96910 -27.20040
v -26.28440 8.94770 -27.19800
v -26.26860 8.95190 -27.20690
v -26.28440 8.93110 -27.20040
v -24.09590 8.95190 -27.20990
v -24.08900 8.96670 -27.20040
v -24.10560 8.96910 -27.20040
v -24.08490 8.97560 -27.18460
v -24.10560 8.97850 -27.18460
v -24.08350 8.97850 -27.16240
v -24.08900 8.94770 -27.20990
v -24.07720 8.95960 -27.20040
v -24.07000 8.96670 -27.18460
v -24.06770 8.96910 -27.16240
v -24.07000 8.94770 -27.20040
v -24.06110 8.95190 -27.18460
v -24.06770 8.93110 -27.20040
v -24.05820 8.93110 -27.18460
v -26.24650 7.69260 -26.82650
v -26.25620 7.69260 -26.82780
v -26.26310 7.70210 -26.81300
v -26.24650 7.70210 -26.81070
v -26.26720 7.71790 -26.80410
v -26.26310 7.69260 -26.83200
v -26.27490 7.70210 -26.82010
v -26.28200 7.71790 -26.81300
v -26.28440 7.74010 -26.81070
v -26.28200 7.70210 -26.83200
v -26.29090 7.71790 -26.82780
v -26.29390 7.74010 -26.82650
v -26.28440 7.70210 -26.84860
v -26.29390 7.71790 -26.84860
v -24.05820 7.74010 -26.82650
v -24.05820 7.73040 -26.82780
v -24.06770 7.72350 -26.81300
v -24.06770 7.74010 -26.81070
v -24.08350 7.71930 -26.80410
v -24.05820 7.72350 -26.83200
v -24.06770 7.71160 -26.82010
v -24.08350 7.70450 -26.81300
v -24.10560 7.70210 -26.81070
v -24.06770 7.70450 -26.83200
v -24.08350 7.69560 -26.82780
v -24.10560 7.69260 -26.82650
v -24.06770 7.70210 -26.84860
v -26.29390 8.93110 -26.82650
v -26.29390 8.94080 -26.82780
v -26.28440 8.94770 -26.81300
v -26.28440 8.93110 -26.81070
v -26.26860 8.95190 -26.80410
v -26.29390 8.94770 -26.83200
v -26.28440 8.95960 -26.82010
v -26.26860 8.96670 -26.81300
v -26.24650 8.96910 -26.81070
v -26.28440 8.96670 -26.83200
v -26.26860 8.97560 -26.82780
v -26.24650 8.97850 -26.82650
v -26.28440 8.96910 -26.84860
v -24.10560 8.97850 -26.82650
v -24.09590 8.97850 -26.82780
v -24.08900 8.96910 -26.81300
v -24.10560 8.96910 -26.81070
v -24.08490 8.95320 -26.80410
v -24.08900 8.97850 -26.83200
v -24.07720 8.96910 -26.82010
v -24.07000 8.95320 -26.81300
v -24.06770 8.93110 -26.81070
v -24.07000 8.96910 -26.83200
v -24.06110 8.95320 -26.82780
v -24.05820 8.93110 -26.82650
v -24.06770 8.96910 -26.84860
v -29.88750 14.33510 -26.75020
v -29.72330 14.37910 -26.75020
v -29.72330 14.37910 -27.10400
v -29.88750 14.33510 -27.10400
v -29.51750 14.33480 -26.75020
v -29.51750 14.33480 -27.10400
v -29.28040 14.20980 -26.75020
v -29.28040 14.20980 -27.10400
v -29.02190 14.01190 -26.75020
v -29.02190 14.01190 -27.10400
v -28.75200 13.74870 -26.75020
v -28.75200 13.74870 -27.10400
v -28.48100 13.42800 -26.75020
v -28.48100 13.42800 -27.10400
v -28.21870 13.05740 -26.75020
v -28.21870 13.05740 -27.10400
v -27.98780 12.66650 -26.75020
v -27.98780 12.66650 -27.10400
v -27.80600 12.28800 -26.75020
v -27.80600 12.28800 -27.10400
v -27.67620 11.93410 -26.75020
v -27.67620 11.93410 -27.10400
v -27.60120 11.61730 -26.75020
v -27.60120 11.61730 -27.10400
v -27.58420 11.34980 -26.75020
v -27.58420 11.34980 -27.10400
v -27.62790 11.14390 -26.75020
v -27.62790 11.14390 -27.10400
v -27.73520 11.01200 -26.75020
v -27.73520 11.01200 -27.10400
v -27.89940 10.96800 -26.75020
v -27.89940 10.96800 -27.10400
v -28.10520 11.01230 -26.75020
v -28.10520 11.01230 -27.10400
v -28.34230 11.13730 -26.75020
v -28.34230 11.13730 -27.10400
v -28.60090 11.33520 -26.75020
v -28.60090 11.33520 -27.10400
v -28.87070 11.59840 -26.75020
v -28.87070 11.59840 -27.10400
v -29.14180 11.91910 -26.75020
v -29.14180 11.91910 -27.10400
v -29.40400 12.28970 -26.75020
v -29.40400 12.28970 -27.10400
v -29.63490 12.68060 -26.75020
v -29.63490 12.68060 -27.10400
v -29.81680 13.05910 -26.75020
v -29.81680 13.05910 -27.10400
v -29.94660 13.41290 -26.75020
v -29.94660 13.41290 -27.10400
v -30.02150 13.72980 -26.75020
v -30.02150 13.72980 -27.10400
v -30.03850 13.99730 -26.75020
v -30.03850 13.99730 -27.10400
v -29.99490 14.20320 -26.75020
v -29.99490 14.20320 -27.10400
v -26.24650 5.86860 -27.21300
v -26.24650 7.05970 -27.21300
v -24.10560 7.05970 -27.21300
v -24.10560 5.86860 -27.21300
v -26.24650 5.86860 -26.79800
v -24.10560 5.86860 -26.79800
v -24.10560 7.05970 -26.79800
v -26.24650 7.05970 -26.79800
v -26.24650 5.81800 -27.16240
v -24.10560 5.81800 -27.16240
v -24.10560 5.81800 -26.84860
v -26.24650 5.81800 -26.84860
v -24.05500 5.86860 -27.16240
v -24.05500 7.05970 -27.16240
v -24.05500 7.05970 -26.84860
v -24.05500 5.86860 -26.84860
v -24.10560 7.11020 -27.16240
v -26.24650 7.11020 -27.16240
v -26.24650 7.11020 -26.84860
v -24.10560 7.11020 -26.84860
v -26.29710 7.05970 -27.16240
v -26.29710 5.86860 -27.16240
v -26.29710 5.86860 -26.84860
v -26.29710 7.05970 -26.84860
v -26.25620 5.82120 -27.18320
v -26.24650 5.82120 -27.18460
v -24.09590 5.84790 -27.20990
v -24.10560 5.84650 -27.20990
v -26.29390 7.06930 -27.18320
v -26.29390 7.05970 -27.18460
v -24.08490 7.06930 -27.20990
v -24.08350 7.05970 -27.20990
v -26.26720 5.82120 -26.83890
v -26.26860 5.82120 -26.84860
v -24.05820 5.84790 -26.83890
v -24.05820 5.84650 -26.84860
v -26.29390 7.08040 -26.83890
v -26.29390 7.08180 -26.84860
v -24.08490 7.10710 -26.83890
v -24.08350 7.10710 -26.84860
v -26.26860 7.05970 -27.20990
v -26.26860 5.86860 -27.20990
v -24.10560 7.08180 -27.20990
v -26.24650 7.08180 -27.20990
v -24.08350 5.86860 -27.20990
v -26.24650 5.84650 -27.20990
v -24.10560 5.84650 -26.80120
v -26.24650 5.84650 -26.80120
v -24.08350 7.05970 -26.80120
v -24.08350 5.86860 -26.80120
v -26.24650 7.08180 -26.80120
v -24.10560 7.08180 -26.80120
v -26.26860 5.86860 -26.80120
v -26.26860 7.05970 -26.80120
v -24.08350 5.82120 -26.84860
v -24.08350 5.82120 -27.16240
v -26.26860 5.82120 -27.16240
v -24.05820 7.08180 -26.84860
v -24.05820 7.08180 -27.16240
v -26.26860 7.10710 -26.84860
v -26.26860 7.10710 -27.16240
v -26.26720 5.82120 -27.17210
v -26.28200 5.83070 -27.17900
v -26.28440 5.83070 -27.16240
v -26.29090 5.84650 -27.18320
v -26.29390 5.84650 -27.16240
v -26.29390 5.86860 -27.18460
v -26.26310 5.82120 -27.17900
v -26.27490 5.83070 -27.19090
v -26.28200 5.84650 -27.19800
v -26.28440 5.86860 -27.20040
v -26.26310 5.83070 -27.19800
v -26.26720 5.84650 -27.20690
v -26.24650 5.83070 -27.20040
v -24.08490 5.85890 -27.20990
v -24.07000 5.85200 -27.20040
v -24.06770 5.86860 -27.20040
v -24.06110 5.84790 -27.18460
v -24.05820 5.86860 -27.18460
v -24.05820 5.84650 -27.16240
v -24.08900 5.85200 -27.20990
v -24.07720 5.84010 -27.20040
v -24.07000 5.83300 -27.18460
v -24.06770 5.83070 -27.16240
v -24.08900 5.83300 -27.20040
v -24.08490 5.82410 -27.18460
v -24.10560 5.83070 -27.20040
v -24.10560 5.82120 -27.18460
v -26.29390 7.08180 -27.16240
v -26.29390 7.08040 -27.17210
v -26.28440 7.09520 -27.17900
v -26.28440 7.09760 -27.16240
v -26.26860 7.10410 -27.18320
v -26.24650 7.10710 -27.18460
v -26.29390 7.07630 -27.17900
v -26.28440 7.08810 -27.19090
v -26.26860 7.09520 -27.19800
v -26.24650 7.09760 -27.20040
v -26.28440 7.07630 -27.19800
v -26.26860 7.08040 -27.20690
v -26.28440 7.05970 -27.20040
v -24.09590 7.08040 -27.20990
v -24.08900 7.09520 -27.20040
v -24.10560 7.09760 -27.20040
v -24.08490 7.10410 -27.18460
v -24.10560 7.10710 -27.18460
v -24.08350 7.10710 -27.16240
v -24.08900 7.07630 -27.20990
v -24.07720 7.08810 -27.20040
v -24.07000 7.09520 -27.18460
v -24.06770 7.09760 -27.16240
v -24.07000 7.07630 -27.20040
v -24.06110 7.08040 -27.18460
v -24.06770 7.05970 -27.20040
v -24.05820 7.05970 -27.18460
v -26.24650 5.82120 -26.82650
v -26.25620 5.82120 -26.82780
v -26.26310 5.83070 -26.81300
v -26.24650 5.83070 -26.81070
v -26.26720 5.84650 -26.80410
v -26.26310 5.82120 -26.83200
v -26.27490 5.83070 -26.82010
v -26.28200 5.84650 -26.81300
v -26.28440 5.86860 -26.81070
v -26.28200 5.83070 -26.83200
v -26.29090 5.84650 -26.82780
v -26.29390 5.86860 -26.82650
v -26.28440 5.83070 -26.84860
v -26.29390 5.84650 -26.84860
v -24.05820 5.86860 -26.82650
v -24.05820 5.85890 -26.82780
v -24.06770 5.85200 -26.81300
v -24.06770 5.86860 -26.81070
v -24.08350 5.84790 -26.80410
v -24.05820 5.85200 -26.83200
v -24.06770 5.84010 -26.82010
v -24.08350 5.83300 -26.81300
v -24.10560 5.83070 -26.81070
v -24.06770 5.83300 -26.83200
v -24.08350 5.82410 -26.82780
v -24.10560 5.82120 -26.82650
v -24.06770 5.83070 -26.84860
v -26.29390 7.05970 -26.82650
v -26.29390 7.06930 -26.82780
v -26.28440 7.07630 -26.81300
v -26.28440 7.05970 -26.81070
v -26.26860 7.08040 -26.80410
v -26.29390 7.07630 -26.83200
v -26.28440 7.08810 -26.82010
v -26.26860 7.09520 -26.81300
v -26.24650 7.09760 -26.81070
v -26.28440 7.09520 -26.83200
v -26.26860 7.10410 -26.82780
v -26.24650 7.10710 -26.82650
v -26.28440 7.09760 -26.84860
v -24.10560 7.10710 -26.82650
v -24.09590 7.10710 -26.82780
v -24.08900 7.09760 -26.81300
v -24.10560 7.09760 -26.81070
v -24.08490 7.08180 -26.80410
v -24.08900 7.10710 -26.83200
v -24.07720 7.09760 -26.82010
v -24.07000 7.08180 -26.81300
v -24.06770 7.05970 -26.81070
v -24.07000 7.09760 -26.83200
v -24.06110 7.08180 -26.82780
v -24.05820 7.05970 -26.82650
v -24.06770 7.09760 -26.84860
v -20.58190 14.33510 -27.10400
v -20.74620 14.37910 -27.10400
v -20.74620 14.37910 -26.75020
v -20.58190 14.33510 -26.75020
v -20.95190 14.33480 -27.10400
v -20.95190 14.33480 -26.75020
v -21.18910 14.20980 -27.10400
v -21.18910 14.20980 -26.75020
v -21.44760 14.01190 -27.10400
v -21.44760 14.01190 -26.75020
v -21.71740 13.74870 -27.10400
v -21.71740 13.74870 -26.75020
v -21.98850 13.42800 -27.10400
v -21.98850 13.42800 -26.75020
v -22.25070 13.05740 -27.10400
v -22.25070 13.05740 -26.75020
v -22.48170 12.66650 -27.10400
v -22.48170 12.66650 -26.75020
v -22.66350 12.28800 -27.10400
v -22.66350 12.28800 -26.75020
v -22.79330 11.93410 -27.10400
v -22.79330 11.93410 -26.75020
v -22.86820 11.61730 -27.10400
v -22.86820 11.61730 -26.75020
v -22.88530 11.34980 -27.10400
v -22.88530 11.34980 -26.75020
v -22.84160 11.14390 -27.10400
v -22.84160 11.14390 -26.75020
v -22.73430 11.01200 -27.10400
v -22.73430 11.01200 -26.75020
v -22.57000 10.96800 -27.10400
v -22.57000 10.96800 -26.75020
v -22.36430 11.01230 -27.10400
v -22.36430 11.01230 -26.75020
v -22.12710 11.13730 -27.10400
v -22.12710 11.13730 -26.75020
v -21.86860 11.33520 -27.10400
v -21.86860 11.33520 -26.75020
v -21.59880 11.59840 -27.10400
v -21.59880 11.59840 -26.75020
v -21.32770 11.91910 -27.10400
v -21.32770 11.91910 -26.75020
v -21.06550 12.28970 -27.10400
v -21.06550 12.28970 -26.75020
v -20.83450 12.68060 -27.10400
v -20.83450 12.68060 -26.75020
v -20.65270 13.05910 -27.10400
v -20.65270 13.05910 -26.75020
v -20.52290 13.41290 -27.10400
v -20.52290 13.41290 -26.75020
v -20.44800 13.72980 -27.10400
v -20.44800 13.72980 -26.75020
v -20.43090 13.99730 -27.10400
v -20.43090 13.99730 -26.75020
v -20.47460 14.20320 -27.10400
v -20.47460 14.20320 -26.75020
v -22.50600 5.86860 -27.21300
v -22.50600 7.05970 -27.21300
v -20.36510 7.05970 -27.21300
v -20.36510 5.86860 -27.21300
v -22.50600 5.86860 -26.79800
v -20.36510 5.86860 -26.79800
v -20.36510 7.05970 -26.79800
v -22.50600 7.05970 -26.79800
v -22.50600 5.81800 -27.16240
v -20.36510 5.81800 -27.16240
v -20.36510 5.81800 -26.84860
v -22.50600 5.81800 -26.84860
v -20.31450 5.86860 -27.16240
v -20.31450 7.05970 -27.16240
v -20.31450 7.05970 -26.84860
v -20.31450 5.86860 -26.84860
v -20.36510 7.11020 -27.16240
v -22.50600 7.11020 -27.16240
v -22.50600 7.11020 -26.84860
v -20.36510 7.11020 -26.84860
v -22.55650 7.05970 -27.16240
v -22.55650 5.86860 -27.16240
v -22.55650 5.86860 -26.84860
v -22.55650 7.05970 -26.84860
v -22.51560 5.82120 -27.18320
v -22.50600 5.82120 -27.18460
v -20.35540 5.84790 -27.20990
v -20.36510 5.84650 -27.20990
v -22.55340 7.06930 -27.18320
v -22.55340 7.05970 -27.18460
v -20.34440 7.06930 -27.20990
v -20.34300 7.05970 -27.20990
v -22.52670 5.82120 -26.83890
v -22.52810 5.82120 -26.84860
v -20.31770 5.84790 -26.83890
v -20.31770 5.84650 -26.84860
v -22.55340 7.08040 -26.83890
v -22.55340 7.08180 -26.84860
v -20.34440 7.10710 -26.83890
v -20.34300 7.10710 -26.84860
v -22.52810 7.05970 -27.20990
v -22.52810 5.86860 -27.20990
v -20.36510 7.08180 -27.20990
v -22.50600 7.08180 -27.20990
v -20.34300 5.86860 -27.20990
v -22.50600 5.84650 -27.20990
v -20.36510 5.84650 -26.80120
v -22.50600 5.84650 -26.80120
v -20.34300 7.05970 -26.80120
v -20.34300 5.86860 -26.80120
v -22.50600 7.08180 -26.80120
v -20.36510 7.08180 -26.80120
v -22.52810 5.86860 -26.80120
v -22.52810 7.05970 -26.80120
v -20.34300 5.82120 -26.84860
v -20.34300 5.82120 -27.16240
v -22.52810 5.82120 -27.16240
v -20.31770 7.08180 -26.84860
v -20.31770 7.08180 -27.16240
v -22.52810 7.10710 -26.84860
v -22.52810 7.10710 -27.16240
v -22.52670 5.82120 -27.17210
v -22.54150 5.83070 -27.17900
v -22.54390 5.83070 -27.16240
v -22.55040 5.84650 -27.18320
v -22.55340 5.84650 -27.16240
v -22.55340 5.86860 -27.18460
v -22.52260 5.82120 -27.17900
v -22.53440 5.83070 -27.19090
v -22.54150 5.84650 -27.19800
v -22.54390 5.86860 -27.20040
v -22.52260 5.83070 -27.19800
v -22.52670 5.84650 -27.20690
v -22.50600 5.83070 -27.20040
v -20.34440 5.85890 -27.20990
v -20.32950 5.85200 -27.20040
v -20.32720 5.86860 -27.20040
v -20.32060 5.84790 -27.18460
v -20.31770 5.86860 -27.18460
v -20.31770 5.84650 -27.16240
v -20.34850 5.85200 -27.20990
v -20.33660 5.84010 -27.20040
v -20.32950 5.83300 -27.18460
v -20.32720 5.83070 -27.16240
v -20.34850 5.83300 -27.20040
v -20.34440 5.82410 -27.18460
v -20.36510 5.83070 -27.20040
v -20.36510 5.82120 -27.18460
v -22.55340 7.08180 -27.16240
v -22.55340 7.08040 -27.17210
v -22.54390 7.09520 -27.17900
v -22.54390 7.09760 -27.16240
v -22.52810 7.10410 -27.18320
v -22.50600 7.10710 -27.18460
v -22.55340 7.07630 -27.17900
v -22.54390 7.08810 -27.19090
v -22.52810 7.09520 -27.19800
v -22.50600 7.09760 -27.20040
v -22.54390 7.07630 -27.19800
v -22.52810 7.08040 -27.20690
v -22.54390 7.05970 -27.20040
v -20.35540 7.08040 -27.20990
v -20.34850 7.09520 -27.20040
v -20.36510 7.09760 -27.20040
v -20.34440 7.10410 -27.18460
v -20.36510 7.10710 -27.18460
v -20.34300 7.10710 -27.16240
v -20.34850 7.07630 -27.20990
v -20.33660 7.08810 -27.20040
v -20.32950 7.09520 -27.18460
v -20.32720 7.09760 -27.16240
v -20.32950 7.07630 -27.20040
v -20.32060 7.08040 -27.18460
v -20.32720 7.05970 -27.20040
v -20.31770 7.05970 -27.18460
v -22.50600 5.82120 -26.82650
v -22.51560 5.82120 -26.82780
v -22.52260 5.83070 -26.81300
v -22.50600 5.83070 -26.81070
v -22.52670 5.84650 -26.80410
v -22.52260 5.82120 -26.83200
v -22.53440 5.83070 -26.82010
v -22.54150 5.84650 -26.81300
v -22.54390 5.86860 -26.81070
v -22.54150 5.83070 -26.83200
v -22.55040 5.84650 -26.82780
v -22.55340 5.86860 -26.82650
v -22.54390 5.83070 -26.84860
v -22.55340 5.84650 -26.84860
v -20.31770 5.86860 -26.82650
v -20.31770 5.85890 -26.82780
v -20.32720 5.85200 -26.81300
v -20.32720 5.86860 -26.81070
v -20.34300 5.84790 -26.80410
v -20.31770 5.85200 -26.83200
v -20.32720 5.84010 -26.82010
v -20.34300 5.83300 -26.81300
v -20.36510 5.83070 -26.81070
v -20.32720 5.83300 -26.83200
v -20.34300 5.82410 -26.82780
v -20.36510 5.82120 -26.82650
v -20.32720 5.83070 -26.84860
v -22.55340 7.05970 -26.82650
v -22.55340 7.06930 -26.82780
v -22.54390 7.07630 -26.81300
v -22.54390 7.05970 -26.81070
v -22.52810 7.08040 -26.80410
v -22.55340 7.07630 -26.83200
v -22.54390 7.08810 -26.82010
v -22.52810 7.09520 -26.81300
v -22.50600 7.09760 -26.81070
v -22.54390 7.09520 -26.83200
v -22.52810 7.10410 -26.82780
v -22.50600 7.10710 -26.82650
v -22.54390 7.09760 -26.84860
v -20.36510 7.10710 -26.82650
v -20.35540 7.10710 -26.82780
v -20.34850 7.09760 -26.81300
v -20.36510 7.09760 -26.81070
v -20.34440 7.08180 -26.80410
v -20.34850 7.10710 -26.83200
v -20.33660 7.09760 -26.82010
v -20.32950 7.08180 -26.81300
v -20.32720 7.05970 -26.81070
v -20.32950 7.09760 -26.83200
v -20.32060 7.08180 -26.82780
v -20.31770 7.05970 -26.82650
v -20.32720 7.09760 -26.84860
v -23.21630 12.67350 -27.10400
v -23.26860 12.83530 -27.10400
v -23.26860 12.83530 -26.75020
v -23.21630 12.67350 -26.75020
v -23.41770 12.98390 -27.10400
v -23.41770 12.98390 -26.75020
v -23.65150 13.11500 -27.10400
v -23.65150 13.11500 -26.75020
v -23.95820 13.22440 -27.10400
v -23.95820 13.22440 -26.75020
v -24.32580 13.30780 -27.10400
v -24.32580 13.30780 -26.75020
v -24.74230 13.36100 -27.10400
v -24.74230 13.36100 -26.75020
v -25.19590 13.37960 -27.10400
v -25.19590 13.37960 -26.75020
v -25.64950 13.36100 -27.10400
v -25.64950 13.36100 -26.75020
v -26.06600 13.30780 -27.10400
v -26.06600 13.30780 -26.75020
v -26.43360 13.22440 -27.10400
v -26.43360 13.22440 -26.75020
v -26.74030 13.11500 -27.10400
v -26.74030 13.11500 -26.75020
v -26.97410 12.98390 -27.10400
v -26.97410 12.98390 -26.75020
v -27.12320 12.83530 -27.10400
v -27.12320 12.83530 -26.75020
v -27.17550 12.67350 -27.10400
v -27.17550 12.67350 -26.75020
v -27.12320 12.51180 -27.10400
v -27.12320 12.51180 -26.75020
v -26.97410 12.36320 -27.10400
v -26.97410 12.36320 -26.75020
v -26.74030 12.23210 -27.10400
v -26.74030 12.23210 -26.75020
v -26.43360 12.12270 -27.10400
v -26.43360 12.12270 -26.75020
v -26.06600 12.03930 -27.10400
v -26.06600 12.03930 -26.75020
v -25.64950 11.98610 -27.10400
v -25.64950 11.98610 -26.75020
v -25.19590 11.96750 -27.10400
v -25.19590 11.96750 -26.75020
v -24.74230 11.98610 -27.10400
v -24.74230 11.98610 -26.75020
v -24.32580 12.03930 -27.10400
v -24.32580 12.03930 -26.75020
v -23.95820 12.12270 -27.10400
v -23.95820 12.12270 -26.75020
v -23.65150 12.23210 -27.10400
v -23.65150 12.23210 -26.75020
v -23.41770 12.36320 -27.10400
v -23.41770 12.36320 -26.75020
v -23.26860 12.51180 -27.10400
v -23.26860 12.51180 -26.75020
v -22.50600 7.74010 -27.21300
v -22.50600 8.93110 -27.21300
v -20.36510 8.93110 -27.21300
v -20.36510 7.74010 -27.21300
v -22.50600 7.74010 -26.79800
v -20.36510 7.74010 -26.79800
v -20.36510 8.93110 -26.79800
v -22.50600 8.93110 -26.79800
v -22.50600 7.68950 -27.16240
v -20.36510 7.68950 -27.16240
v -20.36510 7.68950 -26.84860
v -22.50600 7.68950 -26.84860
v -20.31450 7.74010 -27.16240
v -20.31450 8.93110 -27.16240
v -20.31450 8.93110 -26.84860
v -20.31450 7.74010 -26.84860
v -20.36510 8.98170 -27.16240
v -22.50600 8.98170 -27.16240
v -22.50600 8.98170 -26.84860
v -20.36510 8.98170 -26.84860
v -22.55650 8.93110 -27.16240
v -22.55650 7.74010 -27.16240
v -22.55650 7.74010 -26.84860
v -22.55650 8.93110 -26.84860
v -22.51560 7.69260 -27.18320
v -22.50600 7.69260 -27.18460
v -20.35540 7.71930 -27.20990
v -20.36510 7.71790 -27.20990
v -22.55340 8.94080 -27.18320
v -22.55340 8.93110 -27.18460
v -20.34440 8.94080 -27.20990
v -20.34300 8.93110 -27.20990
v -22.52670 7.69260 -26.83890
v -22.52810 7.69260 -26.84860
v -20.31770 7.71930 -26.83890
v -20.31770 7.71790 -26.84860
v -22.55340 8.95190 -26.83890
v -22.55340 8.95320 -26.84860
v -20.34440 8.97850 -26.83890
v -20.34300 8.97850 -26.84860
v -22.52810 8.93110 -27.20990
v -22.52810 7.74010 -27.20990
v -20.36510 8.95320 -27.20990
v -22.50600 8.95320 -27.20990
v -20.34300 7.74010 -27.20990
v -22.50600 7.71790 -27.20990
v -20.36510 7.71790 -26.80120
v -22.50600 7.71790 -26.80120
v -20.34300 8.93110 -26.80120
v -20.34300 7.74010 -26.80120
v -22.50600 8.95320 -26.80120
v -20.36510 8.95320 -26.80120
v -22.52810 7.74010 -26.80120
v -22.52810 8.93110 -26.80120
v -20.34300 7.69260 -26.84860
v -20.34300 7.69260 -27.16240
v -22.52810 7.69260 -27.16240
v -20.31770 8.95320 -26.84860
v -20.31770 8.95320 -27.16240
v -22.52810 8.97850 -26.84860
v -22.52810 8.97850 -27.16240
v -22.52670 7.69260 -27.17210
v -22.54150 7.70210 -27.17900
v -22.54390 7.70210 -27.16240
v -22.55040 7.71790 -27.18320
v -22.55340 7.71790 -27.16240
v -22.55340 7.74010 -27.18460
v -22.52260 7.69260 -27.17900
v -22.53440 7.70210 -27.19090
v -22.54150 7.71790 -27.19800
v -22.54390 7.74010 -27.20040
v -22.52260 7.70210 -27.19800
v -22.52670 7.71790 -27.20690
v -22.50600 7.70210 -27.20040
v -20.34440 7.73040 -27.20990
v -20.32950 7.72350 -27.20040
v -20.32720 7.74010 -27.20040
v -20.32060 7.71930 -27.18460
v -20.31770 7.74010 -27.18460
v -20.31770 7.71790 -27.16240
v -20.34850 7.72350 -27.20990
v -20.33660 7.71160 -27.20040
v -20.32950 7.70450 -27.18460
v -20.32720 7.70210 -27.16240
v -20.34850 7.70450 -27.20040
v -20.34440 7.69560 -27.18460
v -20.36510 7.70210 -27.20040
v -20.36510 7.69260 -27.18460
v -22.55340 8.95320 -27.16240
v -22.55340 8.95190 -27.17210
v -22.54390 8.96670 -27.17900
v -22.54390 8.96910 -27.16240
v -22.52810 8.97560 -27.18320
v -22.50600 8.97850 -27.18460
v -22.55340 8.94770 -27.17900
v -22.54390 8.95960 -27.19090
v -22.52810 8.96670 -27.19800
v -22.50600 8.96910 -27.20040
v -22.54390 8.94770 -27.19800
v -22.52810 8.95190 -27.20690
v -22.54390 8.93110 -27.20040
v -20.35540 8.95190 -27.20990
v -20.34850 8.96670 -27.20040
v -20.36510 8.96910 -27.20040
v -20.34440 8.97560 -27.18460
v -20.36510 8.97850 -27.18460
v -20.34300 8.97850 -27.16240
v -20.34850 8.94770 -27.20990
v -20.33660 8.95960 -27.20040
v -20.32950 8.96670 -27.18460
v -20.32720 8.96910 -27.16240
v -20.32950 8.94770 -27.20040
v -20.32060 8.95190 -27.18460
v -20.32720 8.93110 -27.20040
v -20.31770 8.93110 -27.18460
v -22.50600 7.69260 -26.82650
v -22.51560 7.69260 -26.82780
v -22.52260 7.70210 -26.81300
v -22.50600 7.70210 -26.81070
v -22.52670 7.71790 -26.80410
v -22.52260 7.69260 -26.83200
v -22.53440 7.70210 -26.82010
v -22.54150 7.71790 -26.81300
v -22.54390 7.74010 -26.81070
v -22.54150 7.70210 -26.83200
v -22.55040 7.71790 -26.82780
v -22.55340 7.74010 -26.82650
v -22.54390 7.70210 -26.84860
v -22.55340 7.71790 -26.84860
v -20.31770 7.74010 -26.82650
v -20.31770 7.73040 -26.82780
v -20.32720 7.72350 -26.81300
v -20.32720 7.74010 -26.81070
v -20.34300 7.71930 -26.80410
v -20.31770 7.72350 -26.83200
v -20.32720 7.71160 -26.82010
v -20.34300 7.70450 -26.81300
v -20.36510 7.70210 -26.81070
v -20.32720 7.70450 -26.83200
v -20.34300 7.69560 -26.82780
v -20.36510 7.69260 -26.82650
v -20.32720 7.70210 -26.84860
v -22.55340 8.93110 -26.82650
v -22.55340 8.94080 -26.82780
v -22.54390 8.94770 -26.81300
v -22.54390 8.93110 -26.81070
v -22.52810 8.95190 -26.80410
v -22.55340 8.94770 -26.83200
v -22.54390 8.95960 -26.82010
v -22.52810 8.96670 -26.81300
v -22.50600 8.96910 -26.81070
v -22.54390 8.96670 -26.83200
v -22.52810 8.97560 -26.82780
v -22.50600 8.97850 -26.82650
v -22.54390 8.96910 -26.84860
v -20.36510 8.97850 -26.82650
v -20.35540 8.97850 -26.82780
v -20.34850 8.96910 -26.81300
v -20.36510 8.96910 -26.81070
v -20.34440 8.95320 -26.80410
v -20.34850 8.97850 -26.83200
v -20.33660 8.96910 -26.82010
v -20.32950 8.95320 -26.81300
v -20.32720 8.93110 -26.81070
v -20.32950 8.96910 -26.83200
v -20.32060 8.95320 -26.82780
v -20.31770 8.93110 -26.82650
v -20.32720 8.96910 -26.84860
v -29.98700 7.74010 -27.21300
v -29.98700 8.93110 -27.21300
v -27.84610 8.93110 -27.21300
v -27.84610 7.74010 -27.21300
v -29.98700 7.74010 -26.79800
v -27.84610 7.74010 -26.79800
v -27.84610 8.93110 -26.79800
v -29.98700 8.93110 -26.79800
v -29.98700 7.68950 -27.16240
v -27.84610 7.68950 -27.16240
v -27.84610 7.68950 -26.84860
v -29.98700 7.68950 -26.84860
v -27.79550 7.74010 -27.16240
v -27.79550 8.93110 -27.16240
v -27.79550 8.93110 -26.84860
v -27.79550 7.74010 -26.84860
v -27.84610 8.98170 -27.16240
v -29.98700 8.98170 -27.16240
v -29.98700 8.98170 -26.84860
v -27.84610 8.98170 -26.84860
v -30.03760 8.93110 -27.16240
v -30.03760 7.74010 -27.16240
v -30.03760 7.74010 -26.84860
v -30.03760 8.93110 -26.84860
v -29.99670 7.69260 -27.18320
v -29.98700 7.69260 -27.18460
v -27.83640 7.71930 -27.20990
v -27.84610 7.71790 -27.20990
v -30.03440 8.94080 -27.18320
v -30.03440 8.93110 -27.18460
v -27.82540 8.94080 -27.20990
v -27.82400 8.93110 -27.20990
v -30.00770 7.69260 -26.83890
v -30.00910 7.69260 -26.84860
v -27.79870 7.71930 -26.83890
v -27.79870 7.71790 -26.84860
v -30.03440 8.95190 -26.83890
v -30.03440 8.95320 -26.84860
v -27.82540 8.97850 -26.83890
v -27.82400 8.97850 -26.84860
v -30.00910 8.93110 -27.20990
v -30.00910 7.74010 -27.20990
v -27.84610 8.95320 -27.20990
v -29.98700 8.95320 -27.20990
v -27.82400 7.74010 -27.20990
v -29.98700 7.71790 -27.20990
v -27.84610 7.71790 -26.80120
v -29.98700 7.71790 -26.80120
v -27.82400 8.93110 -26.80120
v -27.82400 7.74010 -26.80120
v -29.98700 8.95320 -26.80120
v -27.84610 8.95320 -26.80120
v -30.00910 7.74010 -26.80120
v -30.00910 8.93110 -26.80120
v -27.82400 7.69260 -26.84860
v -27.82400 7.69260 -27.16240
v -30.00910 7.69260 -27.16240
v -27.79870 8.95320 -26.84860
v -27.79870 8.95320 -27.16240
v -30.00910 8.97850 -26.84860
v -30.00910 8.97850 -27.16240
v -30.00770 7.69260 -27.17210
v -30.02260 7.70210 -27.17900
v -30.02490 7.70210 -27.16240
v -30.03140 7.71790 -27.18320
v -30.03440 7.71790 -27.16240
v -30.03440 7.74010 -27.18460
v -30.00360 7.69260 -27.17900
v -30.01540 7.70210 -27.19090
v -30.02260 7.71790 -27.19800
v -30.02490 7.74010 -27.20040
v -30.00360 7.70210 -27.19800
v -30.00770 7.71790 -27.20690
v -29.98700 7.70210 -27.20040
v -27.82540 7.73040 -27.20990
v -27.81060 7.72350 -27.20040
v -27.80820 7.74010 -27.20040
v -27.80170 7.71930 -27.18460
v -27.79870 7.74010 -27.18460
v -27.79870 7.71790 -27.16240
v -27.82950 7.72350 -27.20990
v -27.81770 7.71160 -27.20040
v -27.81060 7.70450 -27.18460
v -27.80820 7.70210 -27.16240
v -27.82950 7.70450 -27.20040
v -27.82540 7.69560 -27.18460
v -27.84610 7.70210 -27.20040
v -27.84610 7.69260 -27.18460
v -30.03440 8.95320 -27.16240
v -30.03440 8.95190 -27.17210
v -30.02490 8.96670 -27.17900
v -30.02490 8.96910 -27.16240
v -30.00910 8.97560 -27.18320
v -29.98700 8.97850 -27.18460
v -30.03440 8.94770 -27.17900
v -30.02490 8.95960 -27.19090
v -30.00910 8.96670 -27.19800
v -29.98700 8.96910 -27.20040
v -30.02490 8.94770 -27.19800
v -30.00910 8.95190 -27.20690
v -30.02490 8.93110 -27.20040
v -27.83640 8.95190 -27.20990
v -27.82950 8.96670 -27.20040
v -27.84610 8.96910 -27.20040
v -27.82540 8.97560 -27.18460
v -27.84610 8.97850 -27.18460
v -27.82400 8.97850 -27.16240
v -27.82950 8.94770 -27.20990
v -27.81770 8.95960 -27.20040
v -27.81060 8.96670 -27.18460
v -27.80820 8.96910 -27.16240
v -27.81060 8.94770 -27.20040
v -27.80170 8.95190 -27.18460
v -27.80820 8.93110 -27.20040
v -27.79870 8.93110 -27.18460
v -29.98700 7.69260 -26.82650
v -29.99670 7.69260 -26.82780
v -30.00360 7.70210 -26.81300
v -29.98700 7.70210 -26.81070
v -30.00770 7.71790 -26.80410
v -30.00360 7.69260 -26.83200
v -30.01540 7.70210 -26.82010
v -30.02260 7.71790 -26.81300
v -30.02490 7.74010 -26.81070
v -30.02260 7.70210 -26.83200
v -30.03140 7.71790 -26.82780
v -30.03440 7.74010 -26.82650
v -30.02490 7.70210 -26.84860
v -30.03440 7.71790 -26.84860
v -27.79870 7.74010 -26.82650
v -27.79870 7.73040 -26.82780
v -27.80820 7.72350 -26.81300
v -27.80820 7.74010 -26.81070
v -27.82400 7.71930 -26.80410
v -27.79870 7.72350 -26.83200
v -27.80820 7.71160 -26.82010
v -27.82400 7.70450 -26.81300
v -27.84610 7.70210 -26.81070
v -27.80820 7.70450 -26.83200
v -27.82400 7.69560 -26.82780
v -27.84610 7.69260 -26.82650
v -27.80820 7.70210 -26.84860
v -30.03440 8.93110 -26.82650
v -30.03440 8.94080 -26.82780
v -30.02490 8.94770 -26.81300
v -30.02490 8.93110 -26.81070
v -30.00910 8.95190 -26.80410
v -30.03440 8.94770 -26.83200
v -30.02490 8.95960 -26.82010
v -30.00910 8.96670 -26.81300
v -29.98700 8.96910 -26.81070
v -30.02490 8.96670 -26.83200
v -30.00910 8.97560 -26.82780
v -29.98700 8.97850 -26.82650
v -30.02490 8.96910 -26.84860
v -27.84610 8.97850 -26.82650
v -27.83640 8.97850 -26.82780
v -27.82950 8.96910 -26.81300
v -27.84610 8.96910 -26.81070
v -27.82540 8.95320 -26.80410
v -27.82950 8.97850 -26.83200
v -27.81770 8.96910 -26.82010
v -27.81060 8.95320 -26.81300
v -27.80820 8.93110 -26.81070
v -27.81060 8.96910 -26.83200
v -27.80170 8.95320 -26.82780
v -27.79870 8.93110 -26.82650
v -27.80820 8.96910 -26.84860
v -29.98700 5.86860 -27.21300
v -29.98700 7.05970 -27.21300
v -27.84610 7.05970 -27.21300
v -27.84610 5.86860 -27.21300
v -29.98700 5.86860 -26.79800
v -27.84610 5.86860 -26.79800
v -27.84610 7.05970 -26.79800
v -29.98700 7.05970 -26.79800
v -29.98700 5.81800 -27.16240
v -27.84610 5.81800 -27.16240
v -27.84610 5.81800 -26.84860
v -29.98700 5.81800 -26.84860
v -27.79550 5.86860 -27.16240
v -27.79550 7.05970 -27.16240
v -27.79550 7.05970 -26.84860
v -27.79550 5.86860 -26.84860
v -27.84610 7.11020 -27.16240
v -29.98700 7.11020 -27.16240
v -29.98700 7.11020 -26.84860
v -27.84610 7.11020 -26.84860
v -30.03760 7.05970 -27.16240
v -30.03760 5.86860 -27.16240
v -30.03760 5.86860 -26.84860
v -30.03760 7.05970 -26.84860
v -29.99670 5.82120 -27.18320
v -29.98700 5.82120 -27.18460
v -27.83640 5.84790 -27.20990
v -27.84610 5.84650 -27.20990
v -30.03440 7.06930 -27.18320
v -30.03440 7.05970 -27.18460
v -27.82540 7.06930 -27.20990
v -27.82400 7.05970 -27.20990
v -30.00770 5.82120 -26.83890
v -30.00910 5.82120 -26.84860
v -27.79870 5.84790 -26.83890
v -27.79870 5.84650 -26.84860
v -30.03440 7.08040 -26.83890
v -30.03440 7.08180 -26.84860
v -27.82540 7.10710 -26.83890
v -27.82400 7.10710 -26.84860
v -30.00910 7.05970 -27.20990
v -30.00910 5.86860 -27.20990
v -27.84610 7.08180 -27.20990
v -29.98700 7.08180 -27.20990
v -27.82400 5.86860 -27.20990
v -29.98700 5.84650 -27.20990
v -27.84610 5.84650 -26.80120
v -29.98700 5.84650 -26.80120
v -27.82400 7.05970 -26.80120
v -27.82400 5.86860 -26.80120
v -29.98700 7.08180 -26.80120
v -27.84610 7.08180 -26.80120
v -30.00910 5.86860 -26.80120
v -30.00910 7.05970 -26.80120
v -27.82400 5.82120 -26.84860
v -27.82400 5.82120 -27.16240
v -30.00910 5.82120 -27.16240
v -27.79870 7.08180 -26.84860
v -27.79870 7.08180 -27.16240
v -30.00910 7.10710 -26.84860
v -30.00910 7.10710 -27.16240
v -30.00770 5.82120 -27.17210
v -30.02260 5.83070 -27.17900
v -30.02490 5.83070 -27.16240
v -30.03140 5.84650 -27.18320
v -30.03440 5.84650 -27.16240
v -30.03440 5.86860 -27.18460
v -30.00360 5.82120 -27.17900
v -30.01540 5.83070 -27.19090
v -30.02260 5.84650 -27.19800
v -30.02490 5.86860 -27.20040
v -30.00360 5.83070 -27.19800
v -30.00770 5.84650 -27.20690
v -29.98700 5.83070 -27.20040
v -27.82540 5.85890 -27.20990
v -27.81060 5.85200 -27.20040
v -27.80820 5.86860 -27.20040
v -27.80170 5.84790 -27.18460
v -27.79870 5.86860 -27.18460
v -27.79870 5.84650 -27.16240
v -27.82950 5.85200 -27.20990
v -27.81770 5.84010 -27.20040
v -27.81060 5.83300 -27.18460
v -27.80820 5.83070 -27.16240
v -27.82950 5.83300 -27.20040
v -27.82540 5.82410 -27.18460
v -27.84610 5.83070 -27.20040
v -27.84610 5.82120 -27.18460
v -30.03440 7.08180 -27.16240
v -30.03440 7.08040 -27.17210
v -30.02490 7.09520 -27.17900
v -30.02490 7.09760 -27.16240
v -30.00910 7.10410 -27.18320
v -29.98700 7.10710 -27.18460
v -30.03440 7.07630 -27.17900
v -30.02490 7.08810 -27.19090
v -30.00910 7.09520 -27.19800
v -29.98700 7.09760 -27.20040
v -30.02490 7.07630 -27.19800
v -30.00910 7.08040 -27.20690
v -30.02490 7.05970 -27.20040
v -27.83640 7.08040 -27.20990
v -27.82950 7.09520 -27.20040
v -27.84610 7.09760 -27.20040
v -27.82540 7.10410 -27.18460
v -27.84610 7.10710 -27.18460
v -27.82400 7.10710 -27.16240
v -27.82950 7.07630 -27.20990
v -27.81770 7.08810 -27.20040
v -27.81060 7.09520 -27.18460
v -27.80820 7.09760 -27.16240
v -27.81060 7.07630 -27.20040
v -27.80170 7.08040 -27.18460
v -27.80820 7.05970 -27.20040
v -27.79870 7.05970 -27.18460
v -29.98700 5.82120 -26.82650
v -29.99670 5.82120 -26.82780
v -30.00360 5.83070 -26.81300
v -29.98700 5.83070 -26.81070
v -30.00770 5.84650 -26.80410
v -30.00360 5.82120 -26.83200
v -30.01540 5.83070 -26.82010
v -30.02260 5.84650 -26.81300
v -30.02490 5.86860 -26.81070
v -30.02260 5.83070 -26.83200
v -30.03140 5.84650 -26.82780
v -30.03440 5.86860 -26.82650
v -30.02490 5.83070 -26.84860
v -30.03440 5.84650 -26.84860
v -27.79870 5.86860 -26.82650
v -27.79870 5.85890 -26.82780
v -27.80820 5.85200 -26.81300
v -27.80820 5.86860 -26.81070
v -27.82400 5.84790 -26.80410
v -27.79870 5.85200 -26.83200
v -27.80820 5.84010 -26.82010
v -27.82400 5.83300 -26.81300
v -27.84610 5.83070 -26.81070
v -27.80820 5.83300 -26.83200
v -27.82400 5.82410 -26.82780
v -27.84610 5.82120 -26.82650
v -27.80820 5.83070 -26.84860
v -30.03440 7.05970 -26.82650
v -30.03440 7.06930 -26.82780
v -30.02490 7.07630 -26.81300
v -30.02490 7.05970 -26.81070
v -30.00910 7.08040 -26.80410
v -30.03440 7.07630 -26.83200
v -30.02490 7.08810 -26.82010
v -30.00910 7.09520 -26.81300
v -29.98700 7.09760 -26.81070
v -30.02490 7.09520 -26.83200
v -30.00910 7.10410 -26.82780
v -29.98700 7.10710 -26.82650
v -30.02490 7.09760 -26.84860
v -27.84610 7.10710 -26.82650
v -27.83640 7.10710 -26.82780
v -27.82950 7.09760 -26.81300
v -27.84610 7.09760 -26.81070
v -27.82540 7.08180 -26.80410
v -27.82950 7.10710 -26.83200
v -27.81770 7.09760 -26.82010
v -27.81060 7.08180 -26.81300
v -27.80820 7.05970 -26.81070
v -27.81060 7.09760 -26.83200
v -27.80170 7.08180 -26.82780
v -27.79870 7.05970 -26.82650
v -27.80820 7.09760 -26.84860
v -29.74780 16.44090 -26.96540
v -29.65980 16.15860 -26.96540
v -29.54110 15.90920 -26.96540
v -29.78790 20.88930 -26.96540
v -29.48560 15.82380 -26.96540
v -29.29290 15.59400 -26.96540
v -28.78270 15.15320 -26.96540
v -29.04210 15.35470 -26.96540
v -28.46400 14.95010 -26.96540
v -28.14800 14.78470 -26.96540
v -27.41200 14.50200 -26.96540
v -27.77260 14.62490 -26.96540
v -27.27810 14.46660 -26.96540
v -26.88680 14.39100 -26.96540
v -26.03720 14.30930 -26.96540
v -26.44410 14.33480 -26.96540
v -24.19170 14.30930 -26.96540
v -23.78480 14.33480 -26.96540
v -22.95080 14.46660 -26.96540
v -23.34210 14.39100 -26.96540
v -22.81690 14.50200 -26.96540
v -22.45630 14.62490 -26.96540
v -21.76490 14.95010 -26.96540
v -22.08100 14.78470 -26.96540
v -20.44100 16.70020 -26.96540
v -21.44620 15.15320 -26.96540
v -21.18690 15.35470 -26.96540
v -20.74330 15.82380 -26.96540
v -20.93610 15.59400 -26.96540
v -20.68780 15.90920 -26.96540
v -20.56920 16.15860 -26.96540
v -20.48110 16.44090 -26.96540
v -20.44100 20.88930 -26.96540
v -20.48330 21.16270 -26.96540
v -20.67990 21.65500 -26.96540
v -20.55480 21.39210 -26.96540
v -20.85480 21.92410 -26.96540
v -21.05800 22.16640 -26.96540
v -21.53520 22.57320 -26.96540
v -21.26180 22.36080 -26.96540
v -24.38900 23.40600 -26.96540
v -21.74740 22.70850 -26.96540
v -22.08050 22.88280 -26.96540
v -22.76570 23.14220 -26.96540
v -22.38560 23.01270 -26.96540
v -23.18790 23.25370 -26.96540
v -23.60030 23.33340 -26.96540
v -23.96010 23.37900 -26.96540
v -25.84000 23.40600 -26.96540
v -26.26880 23.37900 -26.96540
v -27.04110 23.25370 -26.96540
v -26.62870 23.33340 -26.96540
v -27.46330 23.14220 -26.96540
v -27.84330 23.01270 -26.96540
v -28.48150 22.70850 -26.96540
v -28.14840 22.88280 -26.96540
v -28.69370 22.57320 -26.96540
v -28.96710 22.36080 -26.96540
v -29.37410 21.92410 -26.96540
v -29.17100 22.16640 -26.96540
v -29.54900 21.65500 -26.96540
v -29.67410 21.39210 -26.96540
v -29.74570 21.16270 -26.96540
v -29.78790 16.70020 -26.96540
v -26.04260 14.23960 -26.95830
v -24.18630 14.23960 -26.95830
v -23.76870 14.26580 -26.95830
v -23.31550 14.32330 -26.95830
v -22.91390 14.40090 -26.95830
v -22.77000 14.43890 -26.95830
v -22.40000 14.56500 -26.95830
v -22.01570 14.72870 -26.95830
v -21.69140 14.89840 -26.95830
v -21.36510 15.10630 -26.95830
v -21.09890 15.31310 -26.95830
v -20.84210 15.55810 -26.95830
v -20.64430 15.79400 -26.95830
v -20.58470 15.88570 -26.95830
v -20.46290 16.14170 -26.95830
v -20.37280 16.43060 -26.95830
v -20.33160 16.69680 -26.95830
v -20.33160 20.89270 -26.95830
v -20.37490 21.17290 -26.95830
v -20.44860 21.40900 -26.95830
v -20.57680 21.67850 -26.95830
v -20.75580 21.95390 -26.95830
v -20.96400 22.20230 -26.95830
v -21.17380 22.40240 -26.95830
v -21.45400 22.62010 -26.95830
v -21.67390 22.76020 -26.95830
v -22.01530 22.93880 -26.95830
v -22.32930 23.07260 -26.95830
v -22.71880 23.20530 -26.95830
v -23.15100 23.31940 -26.95830
v -23.57360 23.40110 -26.95830
v -23.94400 23.44810 -26.95830
v -24.38360 23.47570 -26.95830
v -25.84530 23.47570 -26.95830
v -26.28490 23.44810 -26.95830
v -26.65530 23.40110 -26.95830
v -27.07800 23.31940 -26.95830
v -27.51010 23.20530 -26.95830
v -27.89960 23.07260 -26.95830
v -28.21360 22.93880 -26.95830
v -28.55500 22.76020 -26.95830
v -28.77490 22.62010 -26.95830
v -29.05510 22.40240 -26.95830
v -29.26490 22.20230 -26.95830
v -29.47310 21.95390 -26.95830
v -29.65210 21.67850 -26.95830
v -29.78030 21.40900 -26.95830
v -29.85400 21.17290 -26.95830
v -29.89730 20.89270 -26.95830
v -29.89730 16.69680 -26.95830
v -29.85610 16.43060 -26.95830
v -29.76600 16.14170 -26.95830
v -29.64420 15.88570 -26.95830
v -29.58460 15.79400 -26.95830
v -29.38680 15.55810 -26.95830
v -29.13000 15.31310 -26.95830
v -28.86380 15.10630 -26.95830
v -28.53760 14.89840 -26.95830
v -28.21320 14.72870 -26.95830
v -27.82890 14.56500 -26.95830
v -27.45890 14.43890 -26.95830
v -27.31500 14.40090 -26.95830
v -26.91350 14.32330 -26.95830
v -26.46020 14.26580 -26.95830
v -29.98700 3.99710 -27.21300
v -29.98700 5.18820 -27.21300
v -27.84610 5.18820 -27.21300
v -27.84610 3.99710 -27.21300
v -29.98700 3.99710 -26.79800
v -27.84610 3.99710 -26.79800
v -27.84610 5.18820 -26.79800
v -29.98700 5.18820 -26.79800
v -29.98700 3.94660 -27.16240
v -27.84610 3.94660 -27.16240
v -27.84610 3.94660 -26.84860
v -29.98700 3.94660 -26.84860
v -27.79550 3.99710 -27.16240
v -27.79550 5.18820 -27.16240
v -27.79550 5.18820 -26.84860
v -27.79550 3.99710 -26.84860
v -27.84610 5.23880 -27.16240
v -29.98700 5.23880 -27.16240
v -29.98700 5.23880 -26.84860
v -27.84610 5.23880 -26.84860
v -30.03760 5.18820 -27.16240
v -30.03760 3.99710 -27.16240
v -30.03760 3.99710 -26.84860
v -30.03760 5.18820 -26.84860
v -29.99670 3.94970 -27.18320
v -29.98700 3.94970 -27.18460
v -27.83640 3.97640 -27.20990
v -27.84610 3.97500 -27.20990
v -30.03440 5.19790 -27.18320
v -30.03440 5.18820 -27.18460
v -27.82540 5.19790 -27.20990
v -27.82400 5.18820 -27.20990
v -30.00770 3.94970 -26.83890
v -30.00910 3.94970 -26.84860
v -27.79870 3.97640 -26.83890
v -27.79870 3.97500 -26.84860
v -30.03440 5.20890 -26.83890
v -30.03440 5.21030 -26.84860
v -27.82540 5.23560 -26.83890
v -27.82400 5.23560 -26.84860
v -30.00910 5.18820 -27.20990
v -30.00910 3.99710 -27.20990
v -27.84610 5.21030 -27.20990
v -29.98700 5.21030 -27.20990
v -27.82400 3.99710 -27.20990
v -29.98700 3.97500 -27.20990
v -27.84610 3.97500 -26.80120
v -29.98700 3.97500 -26.80120
v -27.82400 5.18820 -26.80120
v -27.82400 3.99710 -26.80120
v -29.98700 5.21030 -26.80120
v -27.84610 5.21030 -26.80120
v -30.00910 3.99710 -26.80120
v -30.00910 5.18820 -26.80120
v -27.82400 3.94970 -26.84860
v -27.82400 3.94970 -27.16240
v -30.00910 3.94970 -27.16240
v -27.79870 5.21030 -26.84860
v -27.79870 5.21030 -27.16240
v -30.00910 5.23560 -26.84860
v -30.00910 5.23560 -27.16240
v -30.00770 3.94970 -27.17210
v -30.02260 3.95920 -27.17900
v -30.02490 3.95920 -27.16240
v -30.03140 3.97500 -27.18320
v -30.03440 3.97500 -27.16240
v -30.03440 3.99710 -27.18460
v -30.00360 3.94970 -27.17900
v -30.01540 3.95920 -27.19090
v -30.02260 3.97500 -27.19800
v -30.02490 3.99710 -27.20040
v -30.00360 3.95920 -27.19800
v -30.00770 3.97500 -27.20690
v -29.98700 3.95920 -27.20040
v -27.82540 3.98750 -27.20990
v -27.81060 3.98050 -27.20040
v -27.80820 3.99710 -27.20040
v -27.80170 3.97640 -27.18460
v -27.79870 3.99710 -27.18460
v -27.79870 3.97500 -27.16240
v -27.82950 3.98050 -27.20990
v -27.81770 3.96870 -27.20040
v -27.81060 3.96160 -27.18460
v -27.80820 3.95920 -27.16240
v -27.82950 3.96160 -27.20040
v -27.82540 3.95270 -27.18460
v -27.84610 3.95920 -27.20040
v -27.84610 3.94970 -27.18460
v -30.03440 5.21030 -27.16240
v -30.03440 5.20890 -27.17210
v -30.02490 5.22380 -27.17900
v -30.02490 5.22610 -27.16240
v -30.00910 5.23270 -27.18320
v -29.98700 5.23560 -27.18460
v -30.03440 5.20480 -27.17900
v -30.02490 5.21670 -27.19090
v -30.00910 5.22380 -27.19800
v -29.98700 5.22610 -27.20040
v -30.02490 5.20480 -27.19800
v -30.00910 5.20890 -27.20690
v -30.02490 5.18820 -27.20040
v -27.83640 5.20890 -27.20990
v -27.82950 5.22380 -27.20040
v -27.84610 5.22610 -27.20040
v -27.82540 5.23270 -27.18460
v -27.84610 5.23560 -27.18460
v -27.82400 5.23560 -27.16240
v -27.82950 5.20480 -27.20990
v -27.81770 5.21670 -27.20040
v -27.81060 5.22380 -27.18460
v -27.80820 5.22610 -27.16240
v -27.81060 5.20480 -27.20040
v -27.80170 5.20890 -27.18460
v -27.80820 5.18820 -27.20040
v -27.79870 5.18820 -27.18460
v -29.98700 3.94970 -26.82650
v -29.99670 3.94970 -26.82780
v -30.00360 3.95920 -26.81300
v -29.98700 3.95920 -26.81070
v -30.00770 3.97500 -26.80410
v -30.00360 3.94970 -26.83200
v -30.01540 3.95920 -26.82010
v -30.02260 3.97500 -26.81300
v -30.02490 3.99710 -26.81070
v -30.02260 3.95920 -26.83200
v -30.03140 3.97500 -26.82780
v -30.03440 3.99710 -26.82650
v -30.02490 3.95920 -26.84860
v -30.03440 3.97500 -26.84860
v -27.79870 3.99710 -26.82650
v -27.79870 3.98750 -26.82780
v -27.80820 3.98050 -26.81300
v -27.80820 3.99710 -26.81070
v -27.82400 3.97640 -26.80410
v -27.79870 3.98050 -26.83200
v -27.80820 3.96870 -26.82010
v -27.82400 3.96160 -26.81300
v -27.84610 3.95920 -26.81070
v -27.80820 3.96160 -26.83200
v -27.82400 3.95270 -26.82780
v -27.84610 3.94970 -26.82650
v -27.80820 3.95920 -26.84860
v -30.03440 5.18820 -26.82650
v -30.03440 5.19790 -26.82780
v -30.02490 5.20480 -26.81300
v -30.02490 5.18820 -26.81070
v -30.00910 5.20890 -26.80410
v -30.03440 5.20480 -26.83200
v -30.02490 5.21670 -26.82010
v -30.00910 5.22380 -26.81300
v -29.98700 5.22610 -26.81070
v -30.02490 5.22380 -26.83200
v -30.00910 5.23270 -26.82780
v -29.98700 5.23560 -26.82650
v -30.02490 5.22610 -26.84860
v -27.84610 5.23560 -26.82650
v -27.83640 5.23560 -26.82780
v -27.82950 5.22610 -26.81300
v -27.84610 5.22610 -26.81070
v -27.82540 5.21030 -26.80410
v -27.82950 5.23560 -26.83200
v -27.81770 5.22610 -26.82010
v -27.81060 5.21030 -26.81300
v -27.80820 5.18820 -26.81070
v -27.81060 5.22610 -26.83200
v -27.80170 5.21030 -26.82780
v -27.79870 5.18820 -26.82650
v -27.80820 5.22610 -26.84860
v -26.24650 3.99710 -27.21300
v -26.24650 5.18820 -27.21300
v -24.10560 5.18820 -27.21300
v -24.10560 3.99710 -27.21300
v -26.24650 3.99710 -26.79800
v -24.10560 3.99710 -26.79800
v -24.10560 5.18820 -26.79800
v -26.24650 5.18820 -26.79800
v -26.24650 3.94660 -27.16240
v -24.10560 3.94660 -27.16240
v -24.10560 3.94660 -26.84860
v -26.24650 3.94660 -26.84860
v -24.05500 3.99710 -27.16240
v -24.05500 5.18820 -27.16240
v -24.05500 5.18820 -26.84860
v -24.05500 3.99710 -26.84860
v -24.10560 5.23880 -27.16240
v -26.24650 5.23880 -27.16240
v -26.24650 5.23880 -26.84860
v -24.10560 5.23880 -26.84860
v -26.29710 5.18820 -27.16240
v -26.29710 3.99710 -27.16240
v -26.29710 3.99710 -26.84860
v -26.29710 5.18820 -26.84860
v -26.25620 3.94970 -27.18320
v -26.24650 3.94970 -27.18460
v -24.09590 3.97640 -27.20990
v -24.10560 3.97500 -27.20990
v -26.29390 5.19790 -27.18320
v -26.29390 5.18820 -27.18460
v -24.08490 5.19790 -27.20990
v -24.08350 5.18820 -27.20990
v -26.26720 3.94970 -26.83890
v -26.26860 3.94970 -26.84860
v -24.05820 3.97640 -26.83890
v -24.05820 3.97500 -26.84860
v -26.29390 5.20890 -26.83890
v -26.29390 5.21030 -26.84860
v -24.08490 5.23560 -26.83890
v -24.08350 5.23560 -26.84860
v -26.26860 5.18820 -27.20990
v -26.26860 3.99710 -27.20990
v -24.10560 5.21030 -27.20990
v -26.24650 5.21030 -27.20990
v -24.08350 3.99710 -27.20990
v -26.24650 3.97500 -27.20990
v -24.10560 3.97500 -26.80120
v -26.24650 3.97500 -26.80120
v -24.08350 5.18820 -26.80120
v -24.08350 3.99710 -26.80120
v -26.24650 5.21030 -26.80120
v -24.10560 5.21030 -26.80120
v -26.26860 3.99710 -26.80120
v -26.26860 5.18820 -26.80120
v -24.08350 3.94970 -26.84860
v -24.08350 3.94970 -27.16240
v -26.26860 3.94970 -27.16240
v -24.05820 5.21030 -26.84860
v -24.05820 5.21030 -27.16240
v -26.26860 5.23560 -26.84860
v -26.26860 5.23560 -27.16240
v -26.26720 3.94970 -27.17210
v -26.28200 3.95920 -27.17900
v -26.28440 3.95920 -27.16240
v -26.29090 3.97500 -27.18320
v -26.29390 3.97500 -27.16240
v -26.29390 3.99710 -27.18460
v -26.26310 3.94970 -27.17900
v -26.27490 3.95920 -27.19090
v -26.28200 3.97500 -27.19800
v -26.28440 3.99710 -27.20040
v -26.26310 3.95920 -27.19800
v -26.26720 3.97500 -27.20690
v -26.24650 3.95920 -27.20040
v -24.08490 3.98750 -27.20990
v -24.07000 3.98050 -27.20040
v -24.06770 3.99710 -27.20040
v -24.06110 3.97640 -27.18460
v -24.05820 3.99710 -27.18460
v -24.05820 3.97500 -27.16240
v -24.08900 3.98050 -27.20990
v -24.07720 3.96870 -27.20040
v -24.07000 3.96160 -27.18460
v -24.06770 3.95920 -27.16240
v -24.08900 3.96160 -27.20040
v -24.08490 3.95270 -27.18460
v -24.10560 3.95920 -27.20040
v -24.10560 3.94970 -27.18460
v -26.29390 5.21030 -27.16240
v -26.29390 5.20890 -27.17210
v -26.28440 5.22380 -27.17900
v -26.28440 5.22610 -27.16240
v -26.26860 5.23270 -27.18320
v -26.24650 5.23560 -27.18460
v -26.29390 5.20480 -27.17900
v -26.28440 5.21670 -27.19090
v -26.26860 5.22380 -27.19800
v -26.24650 5.22610 -27.20040
v -26.28440 5.20480 -27.19800
v -26.26860 5.20890 -27.20690
v -26.28440 5.18820 -27.20040
v -24.09590 5.20890 -27.20990
v -24.08900 5.22380 -27.20040
v -24.10560 5.22610 -27.20040
v -24.08490 5.23270 -27.18460
v -24.10560 5.23560 -27.18460
v -24.08350 5.23560 -27.16240
v -24.08900 5.20480 -27.20990
v -24.07720 5.21670 -27.20040
v -24.07000 5.22380 -27.18460
v -24.06770 5.22610 -27.16240
v -24.07000 5.20480 -27.20040
v -24.06110 5.20890 -27.18460
v -24.06770 5.18820 -27.20040
v -24.05820 5.18820 -27.18460
v -26.24650 3.94970 -26.82650
v -26.25620 3.94970 -26.82780
v -26.26310 3.95920 -26.81300
v -26.24650 3.95920 -26.81070
v -26.26720 3.97500 -26.80410
v -26.26310 3.94970 -26.83200
v -26.27490 3.95920 -26.82010
v -26.28200 3.97500 -26.81300
v -26.28440 3.99710 -26.81070
v -26.28200 3.95920 -26.83200
v -26.29090 3.97500 -26.82780
v -26.29390 3.99710 -26.82650
v -26.28440 3.95920 -26.84860
v -26.29390 3.97500 -26.84860
v -24.05820 3.99710 -26.82650
v -24.05820 3.98750 -26.82780
v -24.06770 3.98050 -26.81300
v -24.06770 3.99710 -26.81070
v -24.08350 3.97640 -26.80410
v -24.05820 3.98050 -26.83200
v -24.06770 3.96870 -26.82010
v -24.08350 3.96160 -26.81300
v -24.10560 3.95920 -26.81070
v -24.06770 3.96160 -26.83200
v -24.08350 3.95270 -26.82780
v -24.10560 3.94970 -26.82650
v -24.06770 3.95920 -26.84860
v -26.29390 5.18820 -26.82650
v -26.29390 5.19790 -26.82780
v -26.28440 5.20480 -26.81300
v -26.28440 5.18820 -26.81070
v -26.26860 5.20890 -26.80410
v -26.29390 5.20480 -26.83200
v -26.28440 5.21670 -26.82010
v -26.26860 5.22380 -26.81300
v -26.24650 5.22610 -26.81070
v -26.28440 5.22380 -26.83200
v -26.26860 5.23270 -26.82780
v -26.24650 5.23560 -26.82650
v -26.28440 5.22610 -26.84860
v -24.10560 5.23560 -26.82650
v -24.09590 5.23560 -26.82780
v -24.08900 5.22610 -26.81300
v -24.10560 5.22610 -26.81070
v -24.08490 5.21030 -26.80410
v -24.08900 5.23560 -26.83200
v -24.07720 5.22610 -26.82010
v -24.07000 5.21030 -26.81300
v -24.06770 5.18820 -26.81070
v -24.07000 5.22610 -26.83200
v -24.06110 5.21030 -26.82780
v -24.05820 5.18820 -26.82650
v -24.06770 5.22610 -26.84860
v -30.75190 14.29160 -26.96740
v -30.73980 14.16850 -26.96740
v -29.33650 16.18850 -26.96740
v -30.75190 16.23120 -26.96740
v -30.72770 14.04550 -26.96740
v -28.61940 15.84650 -26.96740
v -25.11450 18.24630 -26.96740
v -28.63480 18.19990 -26.96740
v -30.75190 18.17070 -26.96740
v -30.70340 13.79940 -26.96740
v -30.67690 13.66580 -26.96740
v -29.29900 14.90580 -26.96740
v -30.71560 13.92240 -26.96740
v -30.65030 13.53220 -26.96740
v -28.57140 15.30060 -26.96740
v -30.59720 13.26510 -26.96740
v -30.56130 13.14680 -26.96740
v -29.22180 14.51800 -26.96740
v -30.62370 13.39870 -26.96740
v -30.52540 13.02840 -26.96740
v -28.49740 14.99650 -26.96740
v -30.45360 12.79180 -26.96740
v -30.43600 12.74940 -26.96740
v -29.12800 14.19340 -26.96740
v -30.48950 12.91010 -26.96740
v -30.41850 12.70700 -26.96740
v -28.42670 14.78540 -26.96740
v -30.38340 12.62220 -26.96740
v -30.32510 12.51320 -26.96740
v -29.04580 13.99490 -26.96740
v -30.40090 12.66460 -26.96740
v -30.26680 12.40410 -26.96740
v -28.32740 14.58610 -26.96740
v -30.15020 12.18600 -26.96740
v -30.07460 12.07280 -26.96740
v -28.88260 13.69900 -26.96740
v -30.20850 12.29510 -26.96740
v -29.99890 11.95960 -26.96740
v -28.16470 14.31880 -26.96740
v -29.84760 11.73310 -26.96740
v -29.76910 11.63750 -26.96740
v -28.66290 13.37020 -26.96740
v -29.92320 11.84630 -26.96740
v -29.69070 11.54190 -26.96740
v -27.97200 14.05820 -26.96740
v -29.53380 11.35080 -26.96740
v -29.43770 11.25460 -26.96740
v -28.42010 13.07440 -26.96740
v -29.61220 11.44640 -26.96740
v -29.34150 11.15850 -26.96740
v -27.75420 13.81860 -26.96740
v -29.14920 10.96620 -26.96740
v -29.05370 10.88780 -26.96740
v -28.14080 12.79510 -26.96740
v -29.24540 11.06230 -26.96740
v -28.95810 10.80930 -26.96740
v -27.51460 13.60070 -26.96740
v -28.76690 10.65240 -26.96740
v -28.65370 10.57680 -26.96740
v -27.84500 12.55230 -26.96740
v -28.86250 10.73090 -26.96740
v -28.54050 10.50110 -26.96740
v -27.25400 13.40810 -26.96740
v -28.31400 10.34980 -26.96740
v -28.20490 10.29150 -26.96740
v -27.51620 12.33260 -26.96740
v -28.42720 10.42550 -26.96740
v -28.09590 10.23320 -26.96740
v -26.98670 13.24540 -26.96740
v -27.87780 10.11670 -26.96740
v -27.83540 10.09910 -26.96740
v -27.22030 12.16940 -26.96740
v -27.98680 10.17490 -26.96740
v -27.79300 10.08150 -26.96740
v -26.78740 13.14610 -26.96740
v -27.70820 10.04640 -26.96740
v -27.58990 10.01050 -26.96740
v -27.02180 12.08720 -26.96740
v -27.75060 10.06400 -26.96740
v -27.47160 9.97460 -26.96740
v -26.57630 13.07540 -26.96740
v -27.23490 9.90280 -26.96740
v -27.10140 9.87630 -26.96740
v -26.69720 11.99340 -26.96740
v -27.35320 9.93870 -26.96740
v -26.96780 9.84970 -26.96740
v -26.27220 13.00140 -26.96740
v -26.70060 9.79660 -26.96740
v -26.57760 9.78440 -26.96740
v -26.30940 11.91620 -26.96740
v -26.83420 9.82310 -26.96740
v -26.45450 9.77230 -26.96740
v -25.90030 12.95340 -26.96740
v -26.20840 9.74810 -26.96740
v -25.66150 9.74810 -26.96740
v -25.72300 11.87870 -26.96740
v -26.33150 9.76020 -26.96740
v -25.11450 9.74810 -26.96740
v -25.11450 12.93790 -26.96740
v -24.02050 9.74810 -26.96740
v -23.89740 9.76020 -26.96740
v -24.50590 11.87870 -26.96740
v -24.56750 9.74810 -26.96740
v -23.77440 9.77230 -26.96740
v -24.32860 12.95340 -26.96740
v -23.52830 9.79660 -26.96740
v -23.39470 9.82310 -26.96740
v -23.91960 11.91620 -26.96740
v -23.65130 9.78440 -26.96740
v -23.26110 9.84970 -26.96740
v -23.95670 13.00140 -26.96740
v -22.99400 9.90280 -26.96740
v -22.87570 9.93870 -26.96740
v -23.53170 11.99340 -26.96740
v -23.12760 9.87630 -26.96740
v -22.75730 9.97460 -26.96740
v -23.65270 13.07540 -26.96740
v -22.52070 10.04640 -26.96740
v -22.47830 10.06400 -26.96740
v -23.20710 12.08720 -26.96740
v -22.63900 10.01050 -26.96740
v -22.43590 10.08150 -26.96740
v -23.44150 13.14610 -26.96740
v -22.35110 10.11670 -26.96740
v -22.24210 10.17490 -26.96740
v -23.00860 12.16940 -26.96740
v -22.39350 10.09910 -26.96740
v -22.13300 10.23320 -26.96740
v -23.24220 13.24540 -26.96740
v -21.91490 10.34980 -26.96740
v -21.80170 10.42550 -26.96740
v -22.71270 12.33260 -26.96740
v -22.02400 10.29150 -26.96740
v -21.68850 10.50110 -26.96740
v -22.97490 13.40810 -26.96740
v -21.46200 10.65240 -26.96740
v -21.36640 10.73090 -26.96740
v -22.38390 12.55230 -26.96740
v -21.57520 10.57680 -26.96740
v -21.27080 10.80930 -26.96740
v -22.71430 13.60070 -26.96740
v -21.07970 10.96620 -26.96740
v -20.98350 11.06230 -26.96740
v -22.08810 12.79510 -26.96740
v -21.17530 10.88780 -26.96740
v -20.88740 11.15850 -26.96740
v -22.47470 13.81860 -26.96740
v -20.69510 11.35080 -26.96740
v -20.61670 11.44640 -26.96740
v -21.80880 13.07440 -26.96740
v -20.79130 11.25460 -26.96740
v -20.53820 11.54190 -26.96740
v -22.25690 14.05820 -26.96740
v -20.38130 11.73310 -26.96740
v -20.30570 11.84630 -26.96740
v -21.56600 13.37020 -26.96740
v -20.45980 11.63750 -26.96740
v -20.23000 11.95960 -26.96740
v -22.06420 14.31880 -26.96740
v -20.07870 12.18600 -26.96740
v -20.02040 12.29510 -26.96740
v -21.34630 13.69900 -26.96740
v -20.15440 12.07280 -26.96740
v -19.96210 12.40410 -26.96740
v -21.90150 14.58610 -26.96740
v -19.84560 12.62220 -26.96740
v -19.82800 12.66460 -26.96740
v -21.18310 13.99490 -26.96740
v -19.90380 12.51320 -26.96740
v -19.81040 12.70700 -26.96740
v -21.80220 14.78540 -26.96740
v -19.77530 12.79180 -26.96740
v -19.73940 12.91010 -26.96740
v -21.10090 14.19340 -26.96740
v -19.79290 12.74940 -26.96740
v -19.70350 13.02840 -26.96740
v -21.73150 14.99650 -26.96740
v -19.63170 13.26510 -26.96740
v -19.60520 13.39870 -26.96740
v -21.00710 14.51800 -26.96740
v -19.66760 13.14680 -26.96740
v -19.57860 13.53220 -26.96740
v -21.65750 15.30060 -26.96740
v -19.52550 13.79940 -26.96740
v -19.51330 13.92240 -26.96740
v -20.92990 14.90580 -26.96740
v -19.55200 13.66580 -26.96740
v -19.50120 14.04550 -26.96740
v -21.60950 15.84650 -26.96740
v -19.47700 14.29160 -26.96740
v -19.47700 16.23120 -26.96740
v -20.89240 16.18850 -26.96740
v -19.48910 14.16850 -26.96740
v -19.47700 18.17070 -26.96740
v -21.59420 18.19990 -26.96740
v -19.47700 22.04990 -26.96740
v -19.48970 22.17950 -26.96740
v -20.89270 20.19400 -26.96740
v -19.47700 20.11030 -26.96740
v -19.50250 22.30900 -26.96740
v -21.60970 20.55670 -26.96740
v -19.52800 22.56800 -26.96740
v -19.54970 22.67720 -26.96740
v -20.92910 21.47740 -26.96740
v -19.51530 22.43850 -26.96740
v -19.57140 22.78630 -26.96740
v -21.65320 21.08320 -26.96740
v -19.61490 23.00460 -26.96740
v -19.65260 23.12910 -26.96740
v -20.99780 21.82270 -26.96740
v -19.59310 22.89550 -26.96740
v -19.69040 23.25370 -26.96740
v -21.72830 21.37820 -26.96740
v -19.76600 23.50280 -26.96740
v -19.81870 23.63010 -26.96740
v -21.11060 22.19010 -26.96740
v -19.72820 23.37820 -26.96740
v -19.87150 23.75750 -26.96740
v -21.84050 21.68960 -26.96740
v -19.97700 24.01210 -26.96740
v -20.03830 24.12690 -26.96740
v -21.26560 22.56440 -26.96740
v -19.92420 23.88480 -26.96740
v -20.09970 24.24170 -26.96740
v -21.98140 21.98910 -26.96740
v -20.22240 24.47130 -26.96740
v -20.28420 24.56380 -26.96740
v -21.44560 22.90390 -26.96740
v -20.16100 24.35650 -26.96740
v -20.34600 24.65630 -26.96740
v -22.13680 22.25080 -26.96740
v -20.46970 24.84140 -26.96740
v -20.55220 24.94200 -26.96740
v -21.64120 23.19670 -26.96740
v -20.40780 24.74890 -26.96740
v -20.63480 25.04260 -26.96740
v -22.31500 22.49050 -26.96740
v -20.80000 25.24380 -26.96740
v -20.86470 25.30860 -26.96740
v -21.86970 23.47650 -26.96740
v -20.71740 25.14320 -26.96740
v -20.92950 25.37340 -26.96740
v -22.50110 22.69850 -26.96740
v -21.05910 25.50290 -26.96740
v -21.15970 25.58550 -26.96740
v -22.09080 23.69770 -26.96740
v -20.99430 25.43820 -26.96740
v -21.26030 25.66810 -26.96740
v -22.70910 22.88450 -26.96740
v -21.46150 25.83320 -26.96740
v -21.55400 25.89510 -26.96740
v -22.37070 23.92610 -26.96740
v -21.36090 25.75070 -26.96740
v -21.64660 25.95690 -26.96740
v -22.94880 23.06280 -26.96740
v -21.83160 26.08050 -26.96740
v -21.94640 26.14190 -26.96740
v -22.66340 24.12170 -26.96740
v -21.73910 26.01870 -26.96740
v -22.06120 26.20320 -26.96740
v -23.21050 23.21820 -26.96740
v -22.29080 26.32590 -26.96740
v -22.41810 26.37870 -26.96740
v -23.00300 24.30170 -26.96740
v -22.17600 26.26460 -26.96740
v -22.54540 26.43140 -26.96740
v -23.51000 23.35910 -26.96740
v -22.80010 26.53690 -26.96740
v -22.92470 26.57470 -26.96740
v -23.37730 24.45680 -26.96740
v -22.67280 26.48420 -26.96740
v -23.04920 26.61250 -26.96740
v -23.82140 23.47130 -26.96740
v -23.29830 26.68800 -26.96740
v -23.40740 26.70980 -26.96740
v -23.74460 24.56960 -26.96740
v -23.17380 26.65030 -26.96740
v -23.51660 26.73150 -26.96740
v -24.11640 23.54640 -26.96740
v -23.73490 26.77490 -26.96740
v -23.86440 26.78760 -26.96740
v -24.09000 24.63830 -26.96740
v -23.62570 26.75320 -26.96740
v -23.99390 26.80040 -26.96740
v -24.45430 23.58990 -26.96740
v -24.25300 26.82590 -26.96740
v -24.68370 26.82590 -26.96740
v -24.61900 24.67460 -26.96740
v -24.12340 26.81320 -26.96740
v -25.11450 26.82590 -26.96740
v -25.11450 23.60540 -26.96740
v -25.97590 26.82590 -26.96740
v -26.10550 26.81320 -26.96740
v -25.61000 24.67460 -26.96740
v -25.54520 26.82590 -26.96740
v -26.23500 26.80040 -26.96740
v -25.77460 23.58990 -26.96740
v -26.49410 26.77490 -26.96740
v -26.60320 26.75320 -26.96740
v -26.13900 24.63830 -26.96740
v -26.36450 26.78760 -26.96740
v -26.71230 26.73150 -26.96740
v -26.11250 23.54640 -26.96740
v -26.93060 26.68800 -26.96740
v -27.05520 26.65030 -26.96740
v -26.48430 24.56960 -26.96740
v -26.82150 26.70980 -26.96740
v -27.17970 26.61250 -26.96740
v -26.40750 23.47130 -26.96740
v -27.42880 26.53690 -26.96740
v -27.55620 26.48420 -26.96740
v -26.85160 24.45680 -26.96740
v -27.30430 26.57470 -26.96740
v -27.68350 26.43140 -26.96740
v -26.71890 23.35910 -26.96740
v -27.93820 26.32590 -26.96740
v -28.05300 26.26460 -26.96740
v -27.22600 24.30170 -26.96740
v -27.81080 26.37870 -26.96740
v -28.16770 26.20320 -26.96740
v -27.01840 23.21820 -26.96740
v -28.39730 26.08050 -26.96740
v -28.48980 26.01870 -26.96740
v -27.56550 24.12170 -26.96740
v -28.28250 26.14190 -26.96740
v -28.58240 25.95690 -26.96740
v -27.28010 23.06280 -26.96740
v -28.76740 25.83320 -26.96740
v -28.86800 25.75070 -26.96740
v -27.85820 23.92610 -26.96740
v -28.67490 25.89510 -26.96740
v -28.96860 25.66810 -26.96740
v -27.51980 22.88450 -26.96740
v -29.16990 25.50290 -26.96740
v -29.23460 25.43820 -26.96740
v -28.13810 23.69770 -26.96740
v -29.06920 25.58550 -26.96740
v -29.29940 25.37340 -26.96740
v -27.72780 22.69850 -26.96740
v -29.42900 25.24380 -26.96740
v -29.51150 25.14320 -26.96740
v -28.35920 23.47650 -26.96740
v -29.36420 25.30860 -26.96740
v -29.59410 25.04260 -26.96740
v -27.91390 22.49050 -26.96740
v -29.75930 24.84140 -26.96740
v -29.82110 24.74890 -26.96740
v -28.58770 23.19670 -26.96740
v -29.67670 24.94200 -26.96740
v -29.88290 24.65630 -26.96740
v -28.09210 22.25080 -26.96740
v -30.00650 24.47130 -26.96740
v -30.06790 24.35650 -26.96740
v -28.78330 22.90390 -26.96740
v -29.94470 24.56380 -26.96740
v -30.12920 24.24170 -26.96740
v -28.24760 21.98910 -26.96740
v -30.25200 24.01210 -26.96740
v -30.30470 23.88480 -26.96740
v -28.96330 22.56440 -26.96740
v -30.19060 24.12690 -26.96740
v -30.35740 23.75750 -26.96740
v -28.38840 21.68960 -26.96740
v -30.46290 23.50280 -26.96740
v -30.50070 23.37820 -26.96740
v -29.11830 22.19010 -26.96740
v -30.41020 23.63010 -26.96740
v -30.53850 23.25370 -26.96740
v -28.50060 21.37820 -26.96740
v -30.61410 23.00460 -26.96740
v -30.63580 22.89550 -26.96740
v -29.23110 21.82270 -26.96740
v -30.57630 23.12910 -26.96740
v -30.65750 22.78630 -26.96740
v -28.57570 21.08320 -26.96740
v -30.70090 22.56800 -26.96740
v -30.71370 22.43850 -26.96740
v -29.29980 21.47740 -26.96740
v -30.67920 22.67720 -26.96740
v -30.72640 22.30900 -26.96740
v -28.61920 20.55670 -26.96740
v -30.75190 22.04990 -26.96740
v -30.75190 20.11030 -26.96740
v -29.33620 20.19400 -26.96740
v -30.73920 22.17950 -26.96740
v -26.63210 25.02880 -26.95610
v -26.60320 25.00450 -26.95610
v -26.56440 24.98300 -26.95610
v -26.64520 25.41200 -26.95610
v -26.54620 24.97570 -26.95610
v -26.48300 24.95590 -26.95610
v -26.31590 24.91790 -26.95610
v -26.40090 24.93530 -26.95610
v -26.21160 24.90040 -26.95610
v -26.10810 24.88620 -26.95610
v -25.86700 24.86180 -26.95610
v -25.98510 24.87240 -26.95610
v -25.82310 24.85880 -26.95610
v -25.69500 24.85230 -26.95610
v -25.41670 24.84520 -26.95610
v -25.55000 24.84740 -26.95610
v -24.81220 24.84520 -26.95610
v -24.67890 24.84740 -26.95610
v -24.40580 24.85880 -26.95610
v -24.53390 24.85230 -26.95610
v -24.36190 24.86180 -26.95610
v -24.24380 24.87240 -26.95610
v -24.01730 24.90040 -26.95610
v -24.12090 24.88620 -26.95610
v -23.58370 25.05120 -26.95610
v -23.91300 24.91790 -26.95610
v -23.82800 24.93530 -26.95610
v -23.68270 24.97570 -26.95610
v -23.74590 24.95590 -26.95610
v -23.66460 24.98300 -26.95610
v -23.62570 25.00450 -26.95610
v -23.59680 25.02880 -26.95610
v -23.58370 25.41200 -26.95610
v -23.59760 25.43560 -26.95610
v -23.66200 25.47800 -26.95610
v -23.62100 25.45540 -26.95610
v -23.71930 25.50120 -26.95610
v -23.78580 25.52210 -26.95610
v -23.94210 25.55710 -26.95610
v -23.85260 25.53880 -26.95610
v -24.87680 25.62880 -26.95610
v -24.01160 25.56880 -26.95610
v -24.12070 25.58380 -26.95610
v -24.34510 25.60610 -26.95610
v -24.22060 25.59500 -26.95610
v -24.48340 25.61570 -26.95610
v -24.61850 25.62260 -26.95610
v -24.73640 25.62650 -26.95610
v -25.35210 25.62880 -26.95610
v -25.49260 25.62650 -26.95610
v -25.74550 25.61570 -26.95610
v -25.61040 25.62260 -26.95610
v -25.88380 25.60610 -26.95610
v -26.00830 25.59500 -26.95610
v -26.21730 25.56880 -26.95610
v -26.10820 25.58380 -26.95610
v -26.28680 25.55710 -26.95610
v -26.37640 25.53880 -26.95610
v -26.50970 25.50120 -26.95610
v -26.44310 25.52210 -26.95610
v -26.56690 25.47800 -26.95610
v -26.60790 25.45540 -26.95610
v -26.63140 25.43560 -26.95610
v -26.64520 25.05120 -26.95610
v -25.41850 24.83920 -26.95040
v -24.81050 24.83920 -26.95040
v -24.67370 24.84150 -26.95040
v -24.52520 24.84640 -26.95040
v -24.39370 24.85310 -26.95040
v -24.34660 24.85640 -26.95040
v -24.22540 24.86720 -26.95040
v -24.09950 24.88130 -26.95040
v -23.99330 24.89600 -26.95040
v -23.88640 24.91390 -26.95040
v -23.79920 24.93170 -26.95040
v -23.71510 24.95280 -26.95040
v -23.65030 24.97310 -26.95040
v -23.63080 24.98100 -26.95040
v -23.59090 25.00310 -26.95040
v -23.56140 25.02800 -26.95040
v -23.54790 25.05090 -26.95040
v -23.54790 25.41230 -26.95040
v -23.56210 25.43650 -26.95040
v -23.58620 25.45680 -26.95040
v -23.62820 25.48000 -26.95040
v -23.68680 25.50380 -26.95040
v -23.75500 25.52520 -26.95040
v -23.82370 25.54240 -26.95040
v -23.91550 25.56110 -26.95040
v -23.98750 25.57320 -26.95040
v -24.09940 25.58860 -26.95040
v -24.20220 25.60010 -26.95040
v -24.32980 25.61160 -26.95040
v -24.47130 25.62140 -26.95040
v -24.60980 25.62840 -26.95040
v -24.73110 25.63250 -26.95040
v -24.87510 25.63480 -26.95040
v -25.35380 25.63480 -26.95040
v -25.49780 25.63250 -26.95040
v -25.61910 25.62840 -26.95040
v -25.75760 25.62140 -26.95040
v -25.89910 25.61160 -26.95040
v -26.02670 25.60010 -26.95040
v -26.12960 25.58860 -26.95040
v -26.24140 25.57320 -26.95040
v -26.31340 25.56110 -26.95040
v -26.40520 25.54240 -26.95040
v -26.47390 25.52520 -26.95040
v -26.54210 25.50380 -26.95040
v -26.60070 25.48000 -26.95040
v -26.64270 25.45680 -26.95040
v -26.66680 25.43650 -26.95040
v -26.68100 25.41230 -26.95040
v -26.68100 25.05090 -26.95040
v -26.66750 25.02800 -26.95040
v -26.63800 25.00310 -26.95040
v -26.59810 24.98100 -26.95040
v -26.57860 24.97310 -26.95040
v -26.51380 24.95280 -26.95040
v -26.42970 24.93170 -26.95040
v -26.34250 24.91390 -26.95040
v -26.23570 24.89600 -26.95040
v -26.12940 24.88130 -26.95040
v -26.00360 24.86720 -26.95040
v -25.88230 24.85640 -26.95040
v -25.83520 24.85310 -26.95040
v -25.70370 24.84640 -26.95040
v -25.55520 24.84150 -26.95040
v -22.50600 3.99710 -27.21300
v -22.50600 5.18820 -27.21300
v -20.36510 5.18820 -27.21300
v -20.36510 3.99710 -27.21300
v -22.50600 3.99710 -26.79800
v -20.36510 3.99710 -26.79800
v -20.36510 5.18820 -26.79800
v -22.50600 5.18820 -26.79800
v -22.50600 3.94660 -27.16240
v -20.36510 3.94660 -27.16240
v -20.36510 3.94660 -26.84860
v -22.50600 3.94660 -26.84860
v -20.31450 3.99710 -27.16240
v -20.31450 5.18820 -27.16240
v -20.31450 5.18820 -26.84860
v -20.31450 3.99710 -26.84860
v -20.36510 5.23880 -27.16240
v -22.50600 5.23880 -27.16240
v -22.50600 5.23880 -26.84860
v -20.36510 5.23880 -26.84860
v -22.55650 5.18820 -27.16240
v -22.55650 3.99710 -27.16240
v -22.55650 3.99710 -26.84860
v -22.55650 5.18820 -26.84860
v -22.51560 3.94970 -27.18320
v -22.50600 3.94970 -27.18460
v -20.35540 3.97640 -27.20990
v -20.36510 3.97500 -27.20990
v -22.55340 5.19790 -27.18320
v -22.55340 5.18820 -27.18460
v -20.34440 5.19790 -27.20990
v -20.34300 5.18820 -27.20990
v -22.52670 3.94970 -26.83890
v -22.52810 3.94970 -26.84860
v -20.31770 3.97640 -26.83890
v -20.31770 3.97500 -26.84860
v -22.55340 5.20890 -26.83890
v -22.55340 5.21030 -26.84860
v -20.34440 5.23560 -26.83890
v -20.34300 5.23560 -26.84860
v -22.52810 5.18820 -27.20990
v -22.52810 3.99710 -27.20990
v -20.36510 5.21030 -27.20990
v -22.50600 5.21030 -27.20990
v -20.34300 3.99710 -27.20990
v -22.50600 3.97500 -27.20990
v -20.36510 3.97500 -26.80120
v -22.50600 3.97500 -26.80120
v -20.34300 5.18820 -26.80120
v -20.34300 3.99710 -26.80120
v -22.50600 5.21030 -26.80120
v -20.36510 5.21030 -26.80120
v -22.52810 3.99710 -26.80120
v -22.52810 5.18820 -26.80120
v -20.34300 3.94970 -26.84860
v -20.34300 3.94970 -27.16240
v -22.52810 3.94970 -27.16240
v -20.31770 5.21030 -26.84860
v -20.31770 5.21030 -27.16240
v -22.52810 5.23560 -26.84860
v -22.52810 5.23560 -27.16240
v -22.52670 3.94970 -27.17210
v -22.54150 3.95920 -27.17900
v -22.54390 3.95920 -27.16240
v -22.55040 3.97500 -27.18320
v -22.55340 3.97500 -27.16240
v -22.55340 3.99710 -27.18460
v -22.52260 3.94970 -27.17900
v -22.53440 3.95920 -27.19090
v -22.54150 3.97500 -27.19800
v -22.54390 3.99710 -27.20040
v -22.52260 3.95920 -27.19800
v -22.52670 3.97500 -27.20690
v -22.50600 3.95920 -27.20040
v -20.34440 3.98750 -27.20990
v -20.32950 3.98050 -27.20040
v -20.32720 3.99710 -27.20040
v -20.32060 3.97640 -27.18460
v -20.31770 3.99710 -27.18460
v -20.31770 3.97500 -27.16240
v -20.34850 3.98050 -27.20990
v -20.33660 3.96870 -27.20040
v -20.32950 3.96160 -27.18460
v -20.32720 3.95920 -27.16240
v -20.34850 3.96160 -27.20040
v -20.34440 3.95270 -27.18460
v -20.36510 3.95920 -27.20040
v -20.36510 3.94970 -27.18460
v -22.55340 5.21030 -27.16240
v -22.55340 5.20890 -27.17210
v -22.54390 5.22380 -27.17900
v -22.54390 5.22610 -27.16240
v -22.52810 5.23270 -27.18320
v -22.50600 5.23560 -27.18460
v -22.55340 5.20480 -27.17900
v -22.54390 5.21670 -27.19090
v -22.52810 5.22380 -27.19800
v -22.50600 5.22610 -27.20040
v -22.54390 5.20480 -27.19800
v -22.52810 5.20890 -27.20690
v -22.54390 5.18820 -27.20040
v -20.35540 5.20890 -27.20990
v -20.34850 5.22380 -27.20040
v -20.36510 5.22610 -27.20040
v -20.34440 5.23270 -27.18460
v -20.36510 5.23560 -27.18460
v -20.34300 5.23560 -27.16240
v -20.34850 5.20480 -27.20990
v -20.33660 5.21670 -27.20040
v -20.32950 5.22380 -27.18460
v -20.32720 5.22610 -27.16240
v -20.32950 5.20480 -27.20040
v -20.32060 5.20890 -27.18460
v -20.32720 5.18820 -27.20040
v -20.31770 5.18820 -27.18460
v -22.50600 3.94970 -26.82650
v -22.51560 3.94970 -26.82780
v -22.52260 3.95920 -26.81300
v -22.50600 3.95920 -26.81070
v -22.52670 3.97500 -26.80410
v -22.52260 3.94970 -26.83200
v -22.53440 3.95920 -26.82010
v -22.54150 3.97500 -26.81300
v -22.54390 3.99710 -26.81070
v -22.54150 3.95920 -26.83200
v -22.55040 3.97500 -26.82780
v -22.55340 3.99710 -26.82650
v -22.54390 3.95920 -26.84860
v -22.55340 3.97500 -26.84860
v -20.31770 3.99710 -26.82650
v -20.31770 3.98750 -26.82780
v -20.32720 3.98050 -26.81300
v -20.32720 3.99710 -26.81070
v -20.34300 3.97640 -26.80410
v -20.31770 3.98050 -26.83200
v -20.32720 3.96870 -26.82010
v -20.34300 3.96160 -26.81300
v -20.36510 3.95920 -26.81070
v -20.32720 3.96160 -26.83200
v -20.34300 3.95270 -26.82780
v -20.36510 3.94970 -26.82650
v -20.32720 3.95920 -26.84860
v -22.55340 5.18820 -26.82650
v -22.55340 5.19790 -26.82780
v -22.54390 5.20480 -26.81300
v -22.54390 5.18820 -26.81070
v -22.52810 5.20890 -26.80410
v -22.55340 5.20480 -26.83200
v -22.54390 5.21670 -26.82010
v -22.52810 5.22380 -26.81300
v -22.50600 5.22610 -26.81070
v -22.54390 5.22380 -26.83200
v -22.52810 5.23270 -26.82780
v -22.50600 5.23560 -26.82650
v -22.54390 5.22610 -26.84860
v -20.36510 5.23560 -26.82650
v -20.35540 5.23560 -26.82780
v -20.34850 5.22610 -26.81300
v -20.36510 5.22610 -26.81070
v -20.34440 5.21030 -26.80410
v -20.34850 5.23560 -26.83200
v -20.33660 5.22610 -26.82010
v -20.32950 5.21030 -26.81300
v -20.32720 5.18820 -26.81070
v -20.32950 5.22610 -26.83200
v -20.32060 5.21030 -26.82780
v -20.31770 5.18820 -26.82650
v -20.32720 5.22610 -26.84860
v -31.50550 1.03070 -31.09400
v -31.50550 4.66650 -31.09400
v -18.89180 4.66650 -31.09400
v -19.83090 0.09160 -31.09400
v -18.89180 1.03070 -31.09400
v -18.89470 0.92930 -31.09400
v -18.90340 0.83360 -31.09400
v -18.91790 0.74380 -31.09400
v -18.93810 0.65970 -31.09400
v -18.96420 0.58150 -31.09400
v -18.99610 0.50900 -31.09400
v -19.03380 0.44240 -31.09400
v -19.07730 0.38150 -31.09400
v -19.12650 0.32640 -31.09400
v -19.18160 0.27710 -31.09400
v -19.24250 0.23370 -31.09400
v -19.30910 0.19600 -31.09400
v -19.38160 0.16410 -31.09400
v -19.45990 0.13800 -31.09400
v -19.54390 0.11770 -31.09400
v -19.63380 0.10320 -31.09400
v -19.72940 0.09450 -31.09400
v -31.50260 0.92930 -31.09400
v -31.49390 0.83360 -31.09400
v -31.47940 0.74380 -31.09400
v -31.45910 0.65970 -31.09400
v -31.43300 0.58150 -31.09400
v -31.40120 0.50900 -31.09400
v -31.36350 0.44240 -31.09400
v -31.32000 0.38150 -31.09400
v -31.27070 0.32640 -31.09400
v -31.21570 0.27710 -31.09400
v -31.15480 0.23370 -31.09400
v -31.08810 0.19600 -31.09400
v -31.01570 0.16410 -31.09400
v -30.93740 0.13800 -31.09400
v -30.85340 0.11770 -31.09400
v -30.76350 0.10320 -31.09400
v -30.66790 0.09450 -31.09400
v -30.56640 0.09160 -31.09400
v -31.50550 18.24810 -31.09400
v -18.89180 18.24810 -31.09400
v -30.84380 25.61960 -31.10170
v -30.79840 25.80010 -31.08830
v -30.74470 25.97030 -31.07570
v -30.68280 26.13010 -31.06390
v -30.61250 26.27970 -31.05280
v -30.53390 26.41890 -31.04250
v -30.44700 26.54780 -31.03300
v -30.35180 26.66640 -31.02420
v -30.24830 26.77470 -31.01620
v -30.13650 26.87270 -31.00890
v -30.01640 26.96040 -31.00250
v -29.88810 27.03770 -30.99670
v -29.75140 27.10480 -30.99180
v -29.60640 27.16150 -30.98760
v -29.45310 27.20790 -30.98410
v -29.29150 27.24400 -30.98150
v -29.12160 27.26980 -30.97950
v -28.94330 27.28520 -30.97840
v -28.75680 27.29040 -30.97800
v -21.64040 27.29040 -30.97800
v -21.45390 27.28520 -30.97840
v -21.27570 27.26980 -30.97950
v -21.10580 27.24400 -30.98150
v -20.94420 27.20790 -30.98410
v -20.79090 27.16150 -30.98760
v -20.64590 27.10480 -30.99180
v -20.50920 27.03770 -30.99670
v -20.38080 26.96040 -31.00250
v -20.26070 26.87270 -31.00890
v -20.14900 26.77470 -31.01620
v -20.04550 26.66640 -31.02420
v -19.95030 26.54780 -31.03300
v -19.86340 26.41890 -31.04250
v -19.78480 26.27970 -31.05280
v -19.71450 26.13010 -31.06390
v -19.65250 25.97030 -31.07570
v -19.59890 25.80010 -31.08830
v -19.55350 25.61960 -31.10170
v -30.56640 0.09160 -27.05650
v -19.83090 0.09160 -27.05650
v -19.72940 0.09450 -27.05650
v -19.63380 0.10320 -27.05650
v -19.54390 0.11770 -27.05650
v -19.45990 0.13800 -27.05650
v -19.38160 0.16410 -27.05650
v -19.30910 0.19600 -27.05650
v -19.24250 0.23370 -27.05650
v -19.18160 0.27710 -27.05650
v -19.12650 0.32640 -27.05650
v -19.07730 0.38150 -27.05650
v -19.03380 0.44240 -27.05650
v -18.99610 0.50900 -27.05650
v -18.96420 0.58150 -27.05650
v -18.93810 0.65970 -27.05650
v -18.91790 0.74380 -27.05650
v -18.90340 0.83360 -27.05650
v -18.89470 0.92930 -27.05650
v -18.89180 1.03070 -27.05650
v -18.89180 4.66650 -27.05650
v -31.50550 4.66650 -27.05650
v -30.66790 0.09450 -27.05650
v -30.76350 0.10320 -27.05650
v -30.85340 0.11770 -27.05650
v -30.93740 0.13800 -27.05650
v -31.01570 0.16410 -27.05650
v -31.08810 0.19600 -27.05650
v -31.15480 0.23370 -27.05650
v -31.21570 0.27710 -27.05650
v -31.27070 0.32640 -27.05650
v -31.32000 0.38150 -27.05650
v -31.36350 0.44240 -27.05650
v -31.40120 0.50900 -27.05650
v -31.43300 0.58150 -27.05650
v -31.45910 0.65970 -27.05650
v -31.47940 0.74380 -27.05650
v -31.49390 0.83360 -27.05650
v -31.50260 0.92930 -27.05650
v -31.50550 1.03070 -27.05650
v -18.89180 18.24810 -26.97820
v -31.50550 18.24810 -26.97820
v -19.55350 25.61960 -26.95140
v -19.59890 25.80010 -26.96480
v -19.65250 25.97030 -26.97740
v -19.71450 26.13010 -26.98920
v -19.78480 26.27970 -27.00030
v -19.86340 26.41890 -27.01060
v -19.95030 26.54780 -27.02010
v -20.04550 26.66640 -27.02890
v -20.14900 26.77470 -27.03690
v -20.26070 26.87270 -27.04420
v -20.38080 26.96040 -27.05060
v -20.50920 27.03770 -27.05640
v -20.64590 27.10480 -27.06130
v -20.79090 27.16150 -27.06550
v -20.94420 27.20790 -27.06900
v -21.10580 27.24400 -27.07160
v -21.27570 27.26980 -27.07360
v -21.45390 27.28520 -27.07470
v -21.64040 27.29040 -27.07510
v -30.84380 25.61960 -26.95140
v -28.75680 27.29040 -27.07510
v -28.94330 27.28520 -27.07470
v -29.12160 27.26980 -27.07360
v -29.29150 27.24400 -27.07160
v -29.45310 27.20790 -27.06900
v -29.60640 27.16150 -27.06550
v -29.75140 27.10480 -27.06130
v -29.88810 27.03770 -27.05640
v -30.01640 26.96040 -27.05060
v -30.13650 26.87270 -27.04420
v -30.24830 26.77470 -27.03690
v -30.35180 26.66640 -27.02890
v -30.44700 26.54780 -27.02010
v -30.53390 26.41890 -27.01060
v -30.61250 26.27970 -27.00030
v -30.68280 26.13010 -26.98920
v -30.74470 25.97030 -26.97740
v -30.79840 25.80010 -26.96480
v -26.24650 2.12570 -27.21300
v -26.24650 3.31670 -27.21300
v -24.10560 3.31670 -27.21300
v -24.10560 2.12570 -27.21300
v -26.24650 2.12570 -26.79800
v -24.10560 2.12570 -26.79800
v -24.10560 3.31670 -26.79800
v -26.24650 3.31670 -26.79800
v -26.24650 2.07510 -27.16240
v -24.10560 2.07510 -27.16240
v -24.10560 2.07510 -26.84860
v -26.24650 2.07510 -26.84860
v -24.05500 2.12570 -27.16240
v -24.05500 3.31670 -27.16240
v -24.05500 3.31670 -26.84860
v -24.05500 2.12570 -26.84860
v -24.10560 3.36730 -27.16240
v -26.24650 3.36730 -27.16240
v -26.24650 3.36730 -26.84860
v -24.10560 3.36730 -26.84860
v -26.29710 3.31670 -27.16240
v -26.29710 2.12570 -27.16240
v -26.29710 2.12570 -26.84860
v -26.29710 3.31670 -26.84860
v -26.25620 2.07830 -27.18320
v -26.24650 2.07830 -27.18460
v -24.09590 2.10490 -27.20990
v -24.10560 2.10350 -27.20990
v -26.29390 3.32640 -27.18320
v -26.29390 3.31670 -27.18460
v -24.08490 3.32640 -27.20990
v -24.08350 3.31670 -27.20990
v -26.26720 2.07830 -26.83890
v -26.26860 2.07830 -26.84860
v -24.05820 2.10490 -26.83890
v -24.05820 2.10350 -26.84860
v -26.29390 3.33750 -26.83890
v -26.29390 3.33890 -26.84860
v -24.08490 3.36420 -26.83890
v -24.08350 3.36420 -26.84860
v -26.26860 3.31670 -27.20990
v -26.26860 2.12570 -27.20990
v -24.10560 3.33890 -27.20990
v -26.24650 3.33890 -27.20990
v -24.08350 2.12570 -27.20990
v -26.24650 2.10350 -27.20990
v -24.10560 2.10350 -26.80120
v -26.24650 2.10350 -26.80120
v -24.08350 3.31670 -26.80120
v -24.08350 2.12570 -26.80120
v -26.24650 3.33890 -26.80120
v -24.10560 3.33890 -26.80120
v -26.26860 2.12570 -26.80120
v -26.26860 3.31670 -26.80120
v -24.08350 2.07830 -26.84860
v -24.08350 2.07830 -27.16240
v -26.26860 2.07830 -27.16240
v -24.05820 3.33890 -26.84860
v -24.05820 3.33890 -27.16240
v -26.26860 3.36420 -26.84860
v -26.26860 3.36420 -27.16240
v -26.26720 2.07830 -27.17210
v -26.28200 2.08770 -27.17900
v -26.28440 2.08770 -27.16240
v -26.29090 2.10350 -27.18320
v -26.29390 2.10350 -27.16240
v -26.29390 2.12570 -27.18460
v -26.26310 2.07830 -27.17900
v -26.27490 2.08770 -27.19090
v -26.28200 2.10350 -27.19800
v -26.28440 2.12570 -27.20040
v -26.26310 2.08770 -27.19800
v -26.26720 2.10350 -27.20690
v -26.24650 2.08770 -27.20040
v -24.08490 2.11600 -27.20990
v -24.07000 2.10910 -27.20040
v -24.06770 2.12570 -27.20040
v -24.06110 2.10490 -27.18460
v -24.05820 2.12570 -27.18460
v -24.05820 2.10350 -27.16240
v -24.08900 2.10910 -27.20990
v -24.07720 2.09720 -27.20040
v -24.07000 2.09010 -27.18460
v -24.06770 2.08770 -27.16240
v -24.08900 2.09010 -27.20040
v -24.08490 2.08120 -27.18460
v -24.10560 2.08770 -27.20040
v -24.10560 2.07830 -27.18460
v -26.29390 3.33890 -27.16240
v -26.29390 3.33750 -27.17210
v -26.28440 3.35230 -27.17900
v -26.28440 3.35470 -27.16240
v -26.26860 3.36120 -27.18320
v -26.24650 3.36420 -27.18460
v -26.29390 3.33330 -27.17900
v -26.28440 3.34520 -27.19090
v -26.26860 3.35230 -27.19800
v -26.24650 3.35470 -27.20040
v -26.28440 3.33330 -27.19800
v -26.26860 3.33750 -27.20690
v -26.28440 3.31670 -27.20040
v -24.09590 3.33750 -27.20990
v -24.08900 3.35230 -27.20040
v -24.10560 3.35470 -27.20040
v -24.08490 3.36120 -27.18460
v -24.10560 3.36420 -27.18460
v -24.08350 3.36420 -27.16240
v -24.08900 3.33330 -27.20990
v -24.07720 3.34520 -27.20040
v -24.07000 3.35230 -27.18460
v -24.06770 3.35470 -27.16240
v -24.07000 3.33330 -27.20040
v -24.06110 3.33750 -27.18460
v -24.06770 3.31670 -27.20040
v -24.05820 3.31670 -27.18460
v -26.24650 2.07830 -26.82650
v -26.25620 2.07830 -26.82780
v -26.26310 2.08770 -26.81300
v -26.24650 2.08770 -26.81070
v -26.26720 2.10350 -26.80410
v -26.26310 2.07830 -26.83200
v -26.27490 2.08770 -26.82010
v -26.28200 2.10350 -26.81300
v -26.28440 2.12570 -26.81070
v -26.28200 2.08770 -26.83200
v -26.29090 2.10350 -26.82780
v -26.29390 2.12570 -26.82650
v -26.28440 2.08770 -26.84860
v -26.29390 2.10350 -26.84860
v -24.05820 2.12570 -26.82650
v -24.05820 2.11600 -26.82780
v -24.06770 2.10910 -26.81300
v -24.06770 2.12570 -26.81070
v -24.08350 2.10490 -26.80410
v -24.05820 2.10910 -26.83200
v -24.06770 2.09720 -26.82010
v -24.08350 2.09010 -26.81300
v -24.10560 2.08770 -26.81070
v -24.06770 2.09010 -26.83200
v -24.08350 2.08120 -26.82780
v -24.10560 2.07830 -26.82650
v -24.06770 2.08770 -26.84860
v -26.29390 3.31670 -26.82650
v -26.29390 3.32640 -26.82780
v -26.28440 3.33330 -26.81300
v -26.28440 3.31670 -26.81070
v -26.26860 3.33750 -26.80410
v -26.29390 3.33330 -26.83200
v -26.28440 3.34520 -26.82010
v -26.26860 3.35230 -26.81300
v -26.24650 3.35470 -26.81070
v -26.28440 3.35230 -26.83200
v -26.26860 3.36120 -26.82780
v -26.24650 3.36420 -26.82650
v -26.28440 3.35470 -26.84860
v -24.10560 3.36420 -26.82650
v -24.09590 3.36420 -26.82780
v -24.08900 3.35470 -26.81300
v -24.10560 3.35470 -26.81070
v -24.08490 3.33890 -26.80410
v -24.08900 3.36420 -26.83200
v -24.07720 3.35470 -26.82010
v -24.07000 3.33890 -26.81300
v -24.06770 3.31670 -26.81070
v -24.07000 3.35470 -26.83200
v -24.06110 3.33890 -26.82780
v -24.05820 3.31670 -26.82650
v -24.06770 3.35470 -26.84860
v -29.98700 2.12570 -27.21300
v -29.98700 3.31670 -27.21300
v -27.84610 3.31670 -27.21300
v -27.84610 2.12570 -27.21300
v -29.98700 2.12570 -26.79800
v -27.84610 2.12570 -26.79800
v -27.84610 3.31670 -26.79800
v -29.98700 3.31670 -26.79800
v -29.98700 2.07510 -27.16240
v -27.84610 2.07510 -27.16240
v -27.84610 2.07510 -26.84860
v -29.98700 2.07510 -26.84860
v -27.79550 2.12570 -27.16240
v -27.79550 3.31670 -27.16240
v -27.79550 3.31670 -26.84860
v -27.79550 2.12570 -26.84860
v -27.84610 3.36730 -27.16240
v -29.98700 3.36730 -27.16240
v -29.98700 3.36730 -26.84860
v -27.84610 3.36730 -26.84860
v -30.03760 3.31670 -27.16240
v -30.03760 2.12570 -27.16240
v -30.03760 2.12570 -26.84860
v -30.03760 3.31670 -26.84860
v -29.99670 2.07830 -27.18320
v -29.98700 2.07830 -27.18460
v -27.83640 2.10490 -27.20990
v -27.84610 2.10350 -27.20990
v -30.03440 3.32640 -27.18320
v -30.03440 3.31670 -27.18460
v -27.82540 3.32640 -27.20990
v -27.82400 3.31670 -27.20990
v -30.00770 2.07830 -26.83890
v -30.00910 2.07830 -26.84860
v -27.79870 2.10490 -26.83890
v -27.79870 2.10350 -26.84860
v -30.03440 3.33750 -26.83890
v -30.03440 3.33890 -26.84860
v -27.82540 3.36420 -26.83890
v -27.82400 3.36420 -26.84860
v -30.00910 3.31670 -27.20990
v -30.00910 2.12570 -27.20990
v -27.84610 3.33890 -27.20990
v -29.98700 3.33890 -27.20990
v -27.82400 2.12570 -27.20990
v -29.98700 2.10350 -27.20990
v -27.84610 2.10350 -26.80120
v -29.98700 2.10350 -26.80120
v -27.82400 3.31670 -26.80120
v -27.82400 2.12570 -26.80120
v -29.98700 3.33890 -26.80120
v -27.84610 3.33890 -26.80120
v -30.00910 2.12570 -26.80120
v -30.00910 3.31670 -26.80120
v -27.82400 2.07830 -26.84860
v -27.82400 2.07830 -27.16240
v -30.00910 2.07830 -27.16240
v -27.79870 3.33890 -26.84860
v -27.79870 3.33890 -27.16240
v -30.00910 3.36420 -26.84860
v -30.00910 3.36420 -27.16240
v -30.00770 2.07830 -27.17210
v -30.02260 2.08770 -27.17900
v -30.02490 2.08770 -27.16240
v -30.03140 2.10350 -27.18320
v -30.03440 2.10350 -27.16240
v -30.03440 2.12570 -27.18460
v -30.00360 2.07830 -27.17900
v -30.01540 2.08770 -27.19090
v -30.02260 2.10350 -27.19800
v -30.02490 2.12570 -27.20040
v -30.00360 2.08770 -27.19800
v -30.00770 2.10350 -27.20690
v -29.98700 2.08770 -27.20040
v -27.82540 2.11600 -27.20990
v -27.81060 2.10910 -27.20040
v -27.80820 2.12570 -27.20040
v -27.80170 2.10490 -27.18460
v -27.79870 2.12570 -27.18460
v -27.79870 2.10350 -27.16240
v -27.82950 2.10910 -27.20990
v -27.81770 2.09720 -27.20040
v -27.81060 2.09010 -27.18460
v -27.80820 2.08770 -27.16240
v -27.82950 2.09010 -27.20040
v -27.82540 2.08120 -27.18460
v -27.84610 2.08770 -27.20040
v -27.84610 2.07830 -27.18460
v -30.03440 3.33890 -27.16240
v -30.03440 3.33750 -27.17210
v -30.02490 3.35230 -27.17900
v -30.02490 3.35470 -27.16240
v -30.00910 3.36120 -27.18320
v -29.98700 3.36420 -27.18460
v -30.03440 3.33330 -27.17900
v -30.02490 3.34520 -27.19090
v -30.00910 3.35230 -27.19800
v -29.98700 3.35470 -27.20040
v -30.02490 3.33330 -27.19800
v -30.00910 3.33750 -27.20690
v -30.02490 3.31670 -27.20040
v -27.83640 3.33750 -27.20990
v -27.82950 3.35230 -27.20040
v -27.84610 3.35470 -27.20040
v -27.82540 3.36120 -27.18460
v -27.84610 3.36420 -27.18460
v -27.82400 3.36420 -27.16240
v -27.82950 3.33330 -27.20990
v -27.81770 3.34520 -27.20040
v -27.81060 3.35230 -27.18460
v -27.80820 3.35470 -27.16240
v -27.81060 3.33330 -27.20040
v -27.80170 3.33750 -27.18460
v -27.80820 3.31670 -27.20040
v -27.79870 3.31670 -27.18460
v -29.98700 2.07830 -26.82650
v -29.99670 2.07830 -26.82780
v -30.00360 2.08770 -26.81300
v -29.98700 2.08770 -26.81070
v -30.00770 2.10350 -26.80410
v -30.00360 2.07830 -26.83200
v -30.01540 2.08770 -26.82010
v -30.02260 2.10350 -26.81300
v -30.02490 2.12570 -26.81070
v -30.02260 2.08770 -26.83200
v -30.03140 2.10350 -26.82780
v -30.03440 2.12570 -26.82650
v -30.02490 2.08770 -26.84860
v -30.03440 2.10350 -26.84860
v -27.79870 2.12570 -26.82650
v -27.79870 2.11600 -26.82780
v -27.80820 2.10910 -26.81300
v -27.80820 2.12570 -26.81070
v -27.82400 2.10490 -26.80410
v -27.79870 2.10910 -26.83200
v -27.80820 2.09720 -26.82010
v -27.82400 2.09010 -26.81300
v -27.84610 2.08770 -26.81070
v -27.80820 2.09010 -26.83200
v -27.82400 2.08120 -26.82780
v -27.84610 2.07830 -26.82650
v -27.80820 2.08770 -26.84860
v -30.03440 3.31670 -26.82650
v -30.03440 3.32640 -26.82780
v -30.02490 3.33330 -26.81300
v -30.02490 3.31670 -26.81070
v -30.00910 3.33750 -26.80410
v -30.03440 3.33330 -26.83200
v -30.02490 3.34520 -26.82010
v -30.00910 3.35230 -26.81300
v -29.98700 3.35470 -26.81070
v -30.02490 3.35230 -26.83200
v -30.00910 3.36120 -26.82780
v -29.98700 3.36420 -26.82650
v -30.02490 3.35470 -26.84860
v -27.84610 3.36420 -26.82650
v -27.83640 3.36420 -26.82780
v -27.82950 3.35470 -26.81300
v -27.84610 3.35470 -26.81070
v -27.82540 3.33890 -26.80410
v -27.82950 3.36420 -26.83200
v -27.81770 3.35470 -26.82010
v -27.81060 3.33890 -26.81300
v -27.80820 3.31670 -26.81070
v -27.81060 3.35470 -26.83200
v -27.80170 3.33890 -26.82780
v -27.79870 3.31670 -26.82650
v -27.80820 3.35470 -26.84860
v -22.50600 2.12570 -27.21300
v -22.50600 3.31670 -27.21300
v -20.36510 3.31670 -27.21300
v -20.36510 2.12570 -27.21300
v -22.50600 2.12570 -26.79800
v -20.36510 2.12570 -26.79800
v -20.36510 3.31670 -26.79800
v -22.50600 3.31670 -26.79800
v -22.50600 2.07510 -27.16240
v -20.36510 2.07510 -27.16240
v -20.36510 2.07510 -26.84860
v -22.50600 2.07510 -26.84860
v -20.31450 2.12570 -27.16240
v -20.31450 3.31670 -27.16240
v -20.31450 3.31670 -26.84860
v -20.31450 2.12570 -26.84860
v -20.36510 3.36730 -27.16240
v -22.50600 3.36730 -27.16240
v -22.50600 3.36730 -26.84860
v -20.36510 3.36730 -26.84860
v -22.55650 3.31670 -27.16240
v -22.55650 2.12570 -27.16240
v -22.55650 2.12570 -26.84860
v -22.55650 3.31670 -26.84860
v -22.51560 2.07830 -27.18320
v -22.50600 2.07830 -27.18460
v -20.35540 2.10490 -27.20990
v -20.36510 2.10350 -27.20990
v -22.55340 3.32640 -27.18320
v -22.55340 3.31670 -27.18460
v -20.34440 3.32640 -27.20990
v -20.34300 3.31670 -27.20990
v -22.52670 2.07830 -26.83890
v -22.52810 2.07830 -26.84860
v -20.31770 2.10490 -26.83890
v -20.31770 2.10350 -26.84860
v -22.55340 3.33750 -26.83890
v -22.55340 3.33890 -26.84860
v -20.34440 3.36420 -26.83890
v -20.34300 3.36420 -26.84860
v -22.52810 3.31670 -27.20990
v -22.52810 2.12570 -27.20990
v -20.36510 3.33890 -27.20990
v -22.50600 3.33890 -27.20990
v -20.34300 2.12570 -27.20990
v -22.50600 2.10350 -27.20990
v -20.36510 2.10350 -26.80120
v -22.50600 2.10350 -26.80120
v -20.34300 3.31670 -26.80120
v -20.34300 2.12570 -26.80120
v -22.50600 3.33890 -26.80120
v -20.36510 3.33890 -26.80120
v -22.52810 2.12570 -26.80120
v -22.52810 3.31670 -26.80120
v -20.34300 2.07830 -26.84860
v -20.34300 2.07830 -27.16240
v -22.52810 2.07830 -27.16240
v -20.31770 3.33890 -26.84860
v -20.31770 3.33890 -27.16240
v -22.52810 3.36420 -26.84860
v -22.52810 3.36420 -27.16240
v -22.52670 2.07830 -27.17210
v -22.54150 2.08770 -27.17900
v -22.54390 2.08770 -27.16240
v -22.55040 2.10350 -27.18320
v -22.55340 2.10350 -27.16240
v -22.55340 2.12570 -27.18460
v -22.52260 2.07830 -27.17900
v -22.53440 2.08770 -27.19090
v -22.54150 2.10350 -27.19800
v -22.54390 2.12570 -27.20040
v -22.52260 2.08770 -27.19800
v -22.52670 2.10350 -27.20690
v -22.50600 2.08770 -27.20040
v -20.34440 2.11600 -27.20990
v -20.32950 2.10910 -27.20040
v -20.32720 2.12570 -27.20040
v -20.32060 2.10490 -27.18460
v -20.31770 2.12570 -27.18460
v -20.31770 2.10350 -27.16240
v -20.34850 2.10910 -27.20990
v -20.33660 2.09720 -27.20040
v -20.32950 2.09010 -27.18460
v -20.32720 2.08770 -27.16240
v -20.34850 2.09010 -27.20040
v -20.34440 2.08120 -27.18460
v -20.36510 2.08770 -27.20040
v -20.36510 2.07830 -27.18460
v -22.55340 3.33890 -27.16240
v -22.55340 3.33750 -27.17210
v -22.54390 3.35230 -27.17900
v -22.54390 3.35470 -27.16240
v -22.52810 3.36120 -27.18320
v -22.50600 3.36420 -27.18460
v -22.55340 3.33330 -27.17900
v -22.54390 3.34520 -27.19090
v -22.52810 3.35230 -27.19800
v -22.50600 3.35470 -27.20040
v -22.54390 3.33330 -27.19800
v -22.52810 3.33750 -27.20690
v -22.54390 3.31670 -27.20040
v -20.35540 3.33750 -27.20990
v -20.34850 3.35230 -27.20040
v -20.36510 3.35470 -27.20040
v -20.34440 3.36120 -27.18460
v -20.36510 3.36420 -27.18460
v -20.34300 3.36420 -27.16240
v -20.34850 3.33330 -27.20990
v -20.33660 3.34520 -27.20040
v -20.32950 3.35230 -27.18460
v -20.32720 3.35470 -27.16240
v -20.32950 3.33330 -27.20040
v -20.32060 3.33750 -27.18460
v -20.32720 3.31670 -27.20040
v -20.31770 3.31670 -27.18460
v -22.50600 2.07830 -26.82650
v -22.51560 2.07830 -26.82780
v -22.52260 2.08770 -26.81300
v -22.50600 2.08770 -26.81070
v -22.52670 2.10350 -26.80410
v -22.52260 2.07830 -26.83200
v -22.53440 2.08770 -26.82010
v -22.54150 2.10350 -26.81300
v -22.54390 2.12570 -26.81070
v -22.54150 2.08770 -26.83200
v -22.55040 2.10350 -26.82780
v -22.55340 2.12570 -26.82650
v -22.54390 2.08770 -26.84860
v -22.55340 2.10350 -26.84860
v -20.31770 2.12570 -26.82650
v -20.31770 2.11600 -26.82780
v -20.32720 2.10910 -26.81300
v -20.32720 2.12570 -26.81070
v -20.34300 2.10490 -26.80410
v -20.31770 2.10910 -26.83200
v -20.32720 2.09720 -26.82010
v -20.34300 2.09010 -26.81300
v -20.36510 2.08770 -26.81070
v -20.32720 2.09010 -26.83200
v -20.34300 2.08120 -26.82780
v -20.36510 2.07830 -26.82650
v -20.32720 2.08770 -26.84860
v -22.55340 3.31670 -26.82650
v -22.55340 3.32640 -26.82780
v -22.54390 3.33330 -26.81300
v -22.54390 3.31670 -26.81070
v -22.52810 3.33750 -26.80410
v -22.55340 3.33330 -26.83200
v -22.54390 3.34520 -26.82010
v -22.52810 3.35230 -26.81300
v -22.50600 3.35470 -26.81070
v -22.54390 3.35230 -26.83200
v -22.52810 3.36120 -26.82780
v -22.50600 3.36420 -26.82650
v -22.54390 3.35470 -26.84860
v -20.36510 3.36420 -26.82650
v -20.35540 3.36420 -26.82780
v -20.34850 3.35470 -26.81300
v -20.36510 3.35470 -26.81070
v -20.34440 3.33890 -26.80410
v -20.34850 3.36420 -26.83200
v -20.33660 3.35470 -26.82010
v -20.32950 3.33890 -26.81300
v -20.32720 3.31670 -26.81070
v -20.32950 3.35470 -26.83200
v -20.32060 3.33890 -26.82780
v -20.31770 3.31670 -26.82650
v -20.32720 3.35470 -26.84860
vt 0.98500 0.01500
vt 0.98500 0.98500
vt 0.01500 0.98500
vt 0.01500 0.01500
vt 0.00000 0.00000
vt 0.00000 1.00000
vt 0.03750 -0.03930
vt 0.04500 -0.05740
vt 0.95500 -0.05740
vt 0.96250 -0.03930
vt 0.02020 -0.01250
vt 0.02200 -0.02170
vt 0.97800 -0.02170
vt 0.97980 -0.01250
vt 0.97980 1.01250
vt 0.97800 1.02170
vt 0.02200 1.02170
vt 0.02020 1.01250
vt 0.96250 1.03930
vt 0.95500 1.05740
vt 0.04500 1.05740
vt 0.03750 1.03930
vt -0.24280 0.98500
vt -0.32880 0.98500
vt -0.32880 0.01500
vt -0.24280 0.01500
vt 1.24280 0.01500
vt 1.32880 0.01500
vt 1.32880 0.98500
vt 1.24280 0.98500
vt 0.00680 0.01410
vt -0.00300 0.02640
vt -0.01420 0.05200
vt -0.01940 0.04980
vt -0.02690 0.09070
vt -0.02370 0.01780
vt -0.03980 -0.00530
vt -0.06780 -0.01950
vt -0.00330 0.01410
vt -0.04320 0.02620
vt -0.10460 0.05160
vt -0.11730 0.05080
vt -0.18770 0.09000
vt -0.09380 0.02340
vt -0.11730 0.00760
vt -0.18770 0.00340
vt -0.00330 0.99130
vt -0.04320 0.99540
vt -0.10460 0.99710
vt -0.11730 0.99240
vt -0.18770 0.99660
vt -0.09380 0.97660
vt -0.11730 0.94920
vt -0.18770 0.91000
vt 0.00420 0.99280
vt -0.01320 1.00110
vt -0.03720 1.01000
vt -0.03980 1.00530
vt -0.06780 1.01950
vt -0.02370 0.98220
vt -0.01940 0.95020
vt -0.02690 0.90930
vt 0.03000 -0.02120
vt 0.97000 -0.02120
vt 0.02250 -0.00310
vt 0.97750 -0.00310
vt 0.01850 -0.00340
vt 0.98150 -0.00340
vt 0.01670 0.00580
vt 0.98330 0.00580
vt 0.98150 1.00340
vt 0.01850 1.00340
vt 0.98330 0.99420
vt 0.01670 0.99420
vt 0.97000 1.02120
vt 0.03000 1.02120
vt 0.97750 1.00310
vt 0.02250 1.00310
vt -0.15690 0.98500
vt -0.15690 0.01500
vt -0.07090 0.98500
vt -0.07090 0.01500
vt 1.15690 0.01500
vt 1.15690 0.98500
vt 1.07090 0.01500
vt 1.07090 0.98500
vt 0.98500 0.01500
vt 0.98500 0.98500
vt 0.01500 0.98500
vt 0.01500 0.01500
vt 0.00000 0.00000
vt 0.00000 1.00000
vt 0.03750 -0.03930
vt 0.04500 -0.05740
vt 0.95500 -0.05740
vt 0.96250 -0.03930
vt 0.02020 -0.01250
vt 0.02200 -0.02170
vt 0.97800 -0.02170
vt 0.97980 -0.01250
vt 0.97980 1.01250
vt 0.97800 1.02170
vt 0.02200 1.02170
vt 0.02020 1.01250
vt 0.96250 1.03930
vt 0.95500 1.05740
vt 0.04500 1.05740
vt 0.03750 1.03930
vt -0.24280 0.98500
vt -0.32880 0.98500
vt -0.32880 0.01500
vt -0.24280 0.01500
vt 1.24280 0.01500
vt 1.32880 0.01500
vt 1.32880 0.98500
vt 1.24280 0.98500
vt 0.00680 0.01410
vt -0.00300 0.02640
vt -0.01420 0.05200
vt -0.01940 0.04980
vt -0.02690 0.09070
vt -0.02370 0.01780
vt -0.03980 -0.00530
vt -0.06780 -0.01950
vt -0.00330 0.01410
vt -0.04320 0.02620
vt -0.10460 0.05160
vt -0.11730 0.05080
vt -0.18770 0.09000
vt -0.09380 0.02340
vt -0.11730 0.00760
vt -0.18770 0.00340
vt -0.00330 0.99130
vt -0.04320 0.99540
vt -0.10460 0.99710
vt -0.11730 0.99240
vt -0.18770 0.99660
vt -0.09380 0.97660
vt -0.11730 0.94920
vt -0.18770 0.91000
vt 0.00420 0.99280
vt -0.01320 1.00110
vt -0.03720 1.01000
vt -0.03980 1.00530
vt -0.06780 1.01950
vt -0.02370 0.98220
vt -0.01940 0.95020
vt -0.02690 0.90930
vt 0.03000 -0.02120
vt 0.97000 -0.02120
vt 0.02250 -0.00310
vt 0.97750 -0.00310
vt 0.01850 -0.00340
vt 0.98150 -0.00340
vt 0.01670 0.00580
vt 0.98330 0.00580
vt 0.98150 1.00340
vt 0.01850 1.00340
vt 0.98330 0.99420
vt 0.01670 0.99420
vt 0.97000 1.02120
vt 0.03000 1.02120
vt 0.97750 1.00310
vt 0.02250 1.00310
vt -0.15690 0.98500
vt -0.15690 0.01500
vt -0.07090 0.98500
vt -0.07090 0.01500
vt 1.15690 0.01500
vt 1.15690 0.98500
vt 1.07090 0.01500
vt 1.07090 0.98500
vt 0.98500 0.01500
vt 0.98500 0.98500
vt 0.01500 0.98500
vt 0.01500 0.01500
vt 0.00000 0.00000
vt 0.00000 1.00000
vt 0.03750 -0.03930
vt 0.04500 -0.05740
vt 0.95500 -0.05740
vt 0.96250 -0.03930
vt 0.02020 -0.01250
vt 0.02200 -0.02170
vt 0.97800 -0.02170
vt 0.97980 -0.01250
vt 0.97980 1.01250
vt 0.97800 1.02170
vt 0.02200 1.02170
vt 0.02020 1.01250
vt 0.96250 1.03930
vt 0.95500 1.05740
vt 0.04500 1.05740
vt 0.03750 1.03930
vt -0.24280 0.98500
vt -0.32880 0.98500
vt -0.32880 0.01500
vt -0.24280 0.01500
vt 1.24280 0.01500
vt 1.32880 0.01500
vt 1.32880 0.98500
vt 1.24280 0.98500
vt 0.00680 0.01410
vt -0.00300 0.02640
vt -0.01420 0.05200
vt -0.01940 0.04980
vt -0.02690 0.09070
vt -0.02370 0.01780
vt -0.03980 -0.00530
vt -0.06780 -0.01950
vt -0.00330 0.01410
vt -0.04320 0.02620
vt -0.10460 0.05160
vt -0.11730 0.05080
vt -0.18770 0.09000
vt -0.09380 0.02340
vt -0.11730 0.00760
vt -0.18770 0.00340
vt -0.00330 0.99130
vt -0.04320 0.99540
vt -0.10460 0.99710
vt -0.11730 0.99240
vt -0.18770 0.99660
vt -0.09380 0.97660
vt -0.11730 0.94920
vt -0.18770 0.91000
vt 0.00420 0.99280
vt -0.01320 1.00110
vt -0.03720 1.01000
vt -0.03980 1.00530
vt -0.06780 1.01950
vt -0.02370 0.98220
vt -0.01940 0.95020
vt -0.02690 0.90930
vt 0.03000 -0.02120
vt 0.97000 -0.02120
vt 0.02250 -0.00310
vt 0.97750 -0.00310
vt 0.01850 -0.00340
vt 0.98150 -0.00340
vt 0.01670 0.00580
vt 0.98330 0.00580
vt 0.98150 1.00340
vt 0.01850 1.00340
vt 0.98330 0.99420
vt 0.01670 0.99420
vt 0.97000 1.02120
vt 0.03000 1.02120
vt 0.97750 1.00310
vt 0.02250 1.00310
vt -0.15690 0.98500
vt -0.15690 0.01500
vt -0.07090 0.98500
vt -0.07090 0.01500
vt 1.15690 0.01500
vt 1.15690 0.98500
vt 1.07090 0.01500
vt 1.07090 0.98500
vt 0.98500 0.01500
vt 0.98500 0.98500
vt 0.01500 0.98500
vt 0.01500 0.01500
vt 0.00000 0.00000
vt 0.00000 1.00000
vt 0.03750 -0.03930
vt 0.04500 -0.05740
vt 0.95500 -0.05740
vt 0.96250 -0.03930
vt 0.02020 -0.01250
vt 0.02200 -0.02170
vt 0.97800 -0.02170
vt 0.97980 -0.01250
vt 0.97980 1.01250
vt 0.97800 1.02170
vt 0.02200 1.02170
vt 0.02020 1.01250
vt 0.96250 1.03930
vt 0.95500 1.05740
vt 0.04500 1.05740
vt 0.03750 1.03930
vt -0.24280 0.98500
vt -0.32880 0.98500
vt -0.32880 0.01500
vt -0.24280 0.01500
vt 1.24280 0.01500
vt 1.32880 0.01500
vt 1.32880 0.98500
vt 1.24280 0.98500
vt 0.00680 0.01410
vt -0.00300 0.02640
vt -0.01420 0.05200
vt -0.01940 0.04980
vt -0.02690 0.09070
vt -0.02370 0.01780
vt -0.03980 -0.00530
vt -0.06780 -0.01950
vt -0.00330 0.01410
vt -0.04320 0.02620
vt -0.10460 0.05160
vt -0.11730 0.05080
vt -0.18770 0.09000
vt -0.09380 0.02340
vt -0.11730 0.00760
vt -0.18770 0.00340
vt -0.00330 0.99130
vt -0.04320 0.99540
vt -0.10460 0.99710
vt -0.11730 0.99240
vt -0.18770 0.99660
vt -0.09380 0.97660
vt -0.11730 0.94920
vt -0.18770 0.91000
vt 0.00420 0.99280
vt -0.01320 1.00110
vt -0.03720 1.01000
vt -0.03980 1.00530
vt -0.06780 1.01950
vt -0.02370 0.98220
vt -0.01940 0.95020
vt -0.02690 0.90930
vt 0.03000 -0.02120
vt 0.97000 -0.02120
vt 0.02250 -0.00310
vt 0.97750 -0.00310
vt 0.01850 -0.00340
vt 0.98150 -0.00340
vt 0.01670 0.00580
vt 0.98330 0.00580
vt 0.98150 1.00340
vt 0.01850 1.00340
vt 0.98330 0.99420
vt 0.01670 0.99420
vt 0.97000 1.02120
vt 0.03000 1.02120
vt 0.97750 1.00310
vt 0.02250 1.00310
vt -0.15690 0.98500
vt -0.15690 0.01500
vt -0.07090 0.98500
vt -0.07090 0.01500
vt 1.15690 0.01500
vt 1.15690 0.98500
vt 1.07090 0.01500
vt 1.07090 0.98500
vt 0.98500 0.01500
vt 0.98500 0.98500
vt 0.01500 0.98500
vt 0.01500 0.01500
vt 0.00000 0.00000
vt 0.00000 1.00000
vt 0.03750 -0.03930
vt 0.04500 -0.05740
vt 0.95500 -0.05740
vt 0.96250 -0.03930
vt 0.02020 -0.01250
vt 0.02200 -0.02170
vt 0.97800 -0.02170
vt 0.97980 -0.01250
vt 0.97980 1.01250
vt 0.97800 1.02170
vt 0.02200 1.02170
vt 0.02020 1.01250
vt 0.96250 1.03930
vt 0.95500 1.05740
vt 0.04500 1.05740
vt 0.03750 1.03930
vt -0.24280 0.98500
vt -0.32880 0.98500
vt -0.32880 0.01500
vt -0.24280 0.01500
vt 1.24280 0.01500
vt 1.32880 0.01500
vt 1.32880 0.98500
vt 1.24280 0.98500
vt 0.00680 0.01410
vt -0.00300 0.02640
vt -0.01420 0.05200
vt -0.01940 0.04980
vt -0.02690 0.09070
vt -0.02370 0.01780
vt -0.03980 -0.00530
vt -0.06780 -0.01950
vt -0.00330 0.01410
vt -0.04320 0.02620
vt -0.10460 0.05160
vt -0.11730 0.05080
vt -0.18770 0.09000
vt -0.09380 0.02340
vt -0.11730 0.00760
vt -0.18770 0.00340
vt -0.00330 0.99130
vt -0.04320 0.99540
vt -0.10460 0.99710
vt -0.11730 0.99240
vt -0.18770 0.99660
vt -0.09380 0.97660
vt -0.11730 0.94920
vt -0.18770 0.91000
vt 0.00420 0.99280
vt -0.01320 1.00110
vt -0.03720 1.01000
vt -0.03980 1.00530
vt -0.06780 1.01950
vt -0.02370 0.98220
vt -0.01940 0.95020
vt -0.02690 0.90930
vt 0.03000 -0.02120
vt 0.97000 -0.02120
vt 0.02250 -0.00310
vt 0.97750 -0.00310
vt 0.01850 -0.00340
vt 0.98150 -0.00340
vt 0.01670 0.00580
vt 0.98330 0.00580
vt 0.98150 1.00340
vt 0.01850 1.00340
vt 0.98330 0.99420
vt 0.01670 0.99420
vt 0.97000 1.02120
vt 0.03000 1.02120
vt 0.97750 1.00310
vt 0.02250 1.00310
vt -0.15690 0.98500
vt -0.15690 0.01500
vt -0.07090 0.98500
vt -0.07090 0.01500
vt 1.15690 0.01500
vt 1.15690 0.98500
vt 1.07090 0.01500
vt 1.07090 0.98500
vt 0.98500 0.01500
vt 0.98500 0.98500
vt 0.01500 0.98500
vt 0.01500 0.01500
vt 0.00000 0.00000
vt 0.00000 1.00000
vt 0.03750 -0.03930
vt 0.04500 -0.05740
vt 0.95500 -0.05740
vt 0.96250 -0.03930
vt 0.02020 -0.01250
vt 0.02200 -0.02170
vt 0.97800 -0.02170
vt 0.97980 -0.01250
vt 0.97980 1.01250
vt 0.97800 1.02170
vt 0.02200 1.02170
vt 0.02020 1.01250
vt 0.96250 1.03930
vt 0.95500 1.05740
vt 0.04500 1.05740
vt 0.03750 1.03930
vt -0.24280 0.98500
vt -0.32880 0.98500
vt -0.32880 0.01500
vt -0.24280 0.01500
vt 1.24280 0.01500
vt 1.32880 0.01500
vt 1.32880 0.98500
vt 1.24280 0.98500
vt 0.00680 0.01410
vt -0.00300 0.02640
vt -0.01420 0.05200
vt -0.01940 0.04980
vt -0.02690 0.09070
vt -0.02370 0.01780
vt -0.03980 -0.00530
vt -0.06780 -0.01950
vt -0.00330 0.01410
vt -0.04320 0.02620
vt -0.10460 0.05160
vt -0.11730 0.05080
vt -0.18770 0.09000
vt -0.09380 0.02340
vt -0.11730 0.00760
vt -0.18770 0.00340
vt -0.00330 0.99130
vt -0.04320 0.99540
vt -0.10460 0.99710
vt -0.11730 0.99240
vt -0.18770 0.99660
vt -0.09380 0.97660
vt -0.11730 0.94920
vt -0.18770 0.91000
vt 0.00420 0.99280
vt -0.01320 1.00110
vt -0.03720 1.01000
vt -0.03980 1.00530
vt -0.06780 1.01950
vt -0.02370 0.98220
vt -0.01940 0.95020
vt -0.02690 0.90930
vt 0.03000 -0.02120
vt 0.97000 -0.02120
vt 0.02250 -0.00310
vt 0.97750 -0.00310
vt 0.01850 -0.00340
vt 0.98150 -0.00340
vt 0.01670 0.00580
vt 0.98330 0.00580
vt 0.98150 1.00340
vt 0.01850 1.00340
vt 0.98330 0.99420
vt 0.01670 0.99420
vt 0.97000 1.02120
vt 0.03000 1.02120
vt 0.97750 1.00310
vt 0.02250 1.00310
vt -0.15690 0.98500
vt -0.15690 0.01500
vt -0.07090 0.98500
vt -0.07090 0.01500
vt 1.15690 0.01500
vt 1.15690 0.98500
vt 1.07090 0.01500
vt 1.07090 0.98500
vt 0.98500 0.01500
vt 0.98500 0.98500
vt 0.01500 0.98500
vt 0.01500 0.01500
vt 0.00000 0.00000
vt 0.00000 1.00000
vt 0.03750 -0.03930
vt 0.04500 -0.05740
vt 0.95500 -0.05740
vt 0.96250 -0.03930
vt 0.02020 -0.01250
vt 0.02200 -0.02170
vt 0.97800 -0.02170
vt 0.97980 -0.01250
vt 0.97980 1.01250
vt 0.97800 1.02170
vt 0.02200 1.02170
vt 0.02020 1.01250
vt 0.96250 1.03930
vt 0.95500 1.05740
vt 0.04500 1.05740
vt 0.03750 1.03930
vt -0.24280 0.98500
vt -0.32880 0.98500
vt -0.32880 0.01500
vt -0.24280 0.01500
vt 1.24280 0.01500
vt 1.32880 0.01500
vt 1.32880 0.98500
vt 1.24280 0.98500
vt 0.00680 0.01410
vt -0.00300 0.02640
vt -0.01420 0.05200
vt -0.01940 0.04980
vt -0.02690 0.09070
vt -0.02370 0.01780
vt -0.03980 -0.00530
vt -0.06780 -0.01950
vt -0.00330 0.01410
vt -0.04320 0.02620
vt -0.10460 0.05160
vt -0.11730 0.05080
vt -0.18770 0.09000
vt -0.09380 0.02340
vt -0.11730 0.00760
vt -0.18770 0.00340
vt -0.00330 0.99130
vt -0.04320 0.99540
vt -0.10460 0.99710
vt -0.11730 0.99240
vt -0.18770 0.99660
vt -0.09380 0.97660
vt -0.11730 0.94920
vt -0.18770 0.91000
vt 0.00420 0.99280
vt -0.01320 1.00110
vt -0.03720 1.01000
vt -0.03980 1.00530
vt -0.06780 1.01950
vt -0.02370 0.98220
vt -0.01940 0.95020
vt -0.02690 0.90930
vt 0.03000 -0.02120
vt 0.97000 -0.02120
vt 0.02250 -0.00310
vt 0.97750 -0.00310
vt 0.01850 -0.00340
vt 0.98150 -0.00340
vt 0.01670 0.00580
vt 0.98330 0.00580
vt 0.98150 1.00340
vt 0.01850 1.00340
vt 0.98330 0.99420
vt 0.01670 0.99420
vt 0.97000 1.02120
vt 0.03000 1.02120
vt 0.97750 1.00310
vt 0.02250 1.00310
vt -0.15690 0.98500
vt -0.15690 0.01500
vt -0.07090 0.98500
vt -0.07090 0.01500
vt 1.15690 0.01500
vt 1.15690 0.98500
vt 1.07090 0.01500
vt 1.07090 0.98500
vt 0.98500 0.01500
vt 0.98500 0.98500
vt 0.01500 0.98500
vt 0.01500 0.01500
vt 0.00000 0.00000
vt 0.00000 1.00000
vt 0.03750 -0.03930
vt 0.04500 -0.05740
vt 0.95500 -0.05740
vt 0.96250 -0.03930
vt 0.02020 -0.01250
vt 0.02200 -0.02170
vt 0.97800 -0.02170
vt 0.97980 -0.01250
vt 0.97980 1.01250
vt 0.97800 1.02170
vt 0.02200 1.02170
vt 0.02020 1.01250
vt 0.96250 1.03930
vt 0.95500 1.05740
vt 0.04500 1.05740
vt 0.03750 1.03930
vt -0.24280 0.98500
vt -0.32880 0.98500
vt -0.32880 0.01500
vt -0.24280 0.01500
vt 1.24280 0.01500
vt 1.32880 0.01500
vt 1.32880 0.98500
vt 1.24280 0.98500
vt 0.00680 0.01410
vt -0.00300 0.02640
vt -0.01420 0.05200
vt -0.01940 0.04980
vt -0.02690 0.09070
vt -0.02370 0.01780
vt -0.03980 -0.00530
vt -0.06780 -0.01950
vt -0.00330 0.01410
vt -0.04320 0.02620
vt -0.10460 0.05160
vt -0.11730 0.05080
vt -0.18770 0.09000
vt -0.09380 0.02340
vt -0.11730 0.00760
vt -0.18770 0.00340
vt -0.00330 0.99130
vt -0.04320 0.99540
vt -0.10460 0.99710
vt -0.11730 0.99240
vt -0.18770 0.99660
vt -0.09380 0.97660
vt -0.11730 0.94920
vt -0.18770 0.91000
vt 0.00420 0.99280
vt -0.01320 1.00110
vt -0.03720 1.01000
vt -0.03980 1.00530
vt -0.06780 1.01950
vt -0.02370 0.98220
vt -0.01940 0.95020
vt -0.02690 0.90930
vt 0.03000 -0.02120
vt 0.97000 -0.02120
vt 0.02250 -0.00310
vt 0.97750 -0.00310
vt 0.01850 -0.00340
vt 0.98150 -0.00340
vt 0.01670 0.00580
vt 0.98330 0.00580
vt 0.98150 1.00340
vt 0.01850 1.00340
vt 0.98330 0.99420
vt 0.01670 0.99420
vt 0.97000 1.02120
vt 0.03000 1.02120
vt 0.97750 1.00310
vt 0.02250 1.00310
vt -0.15690 0.98500
vt -0.15690 0.01500
vt -0.07090 0.98500
vt -0.07090 0.01500
vt 1.15690 0.01500
vt 1.15690 0.98500
vt 1.07090 0.01500
vt 1.07090 0.98500
vt 0.98500 0.01500
vt 0.98500 0.98500
vt 0.01500 0.98500
vt 0.01500 0.01500
vt 0.00000 0.00000
vt 0.00000 1.00000
vt 0.03750 -0.03930
vt 0.04500 -0.05740
vt 0.95500 -0.05740
vt 0.96250 -0.03930
vt 0.02020 -0.01250
vt 0.02200 -0.02170
vt 0.97800 -0.02170
vt 0.97980 -0.01250
vt 0.97980 1.01250
vt 0.97800 1.02170
vt 0.02200 1.02170
vt 0.02020 1.01250
vt 0.96250 1.03930
vt 0.95500 1.05740
vt 0.04500 1.05740
vt 0.03750 1.03930
vt -0.24280 0.98500
vt -0.32880 0.98500
vt -0.32880 0.01500
vt -0.24280 0.01500
vt 1.24280 0.01500
vt 1.32880 0.01500
vt 1.32880 0.98500
vt 1.24280 0.98500
vt 0.00680 0.01410
vt -0.00300 0.02640
vt -0.01420 0.05200
vt -0.01940 0.04980
vt -0.02690 0.09070
vt -0.02370 0.01780
vt -0.03980 -0.00530
vt -0.06780 -0.01950
vt -0.00330 0.01410
vt -0.04320 0.02620
vt -0.10460 0.05160
vt -0.11730 0.05080
vt -0.18770 0.09000
vt -0.09380 0.02340
vt -0.11730 0.00760
vt -0.18770 0.00340
vt -0.00330 0.99130
vt -0.04320 0.99540
vt -0.10460 0.99710
vt -0.11730 0.99240
vt -0.18770 0.99660
vt -0.09380 0.97660
vt -0.11730 0.94920
vt -0.18770 0.91000
vt 0.00420 0.99280
vt -0.01320 1.00110
vt -0.03720 1.01000
vt -0.03980 1.00530
vt -0.06780 1.01950
vt -0.02370 0.98220
vt -0.01940 0.95020
vt -0.02690 0.90930
vt 0.03000 -0.02120
vt 0.97000 -0.02120
vt 0.02250 -0.00310
vt 0.97750 -0.00310
vt 0.01850 -0.00340
vt 0.98150 -0.00340
vt 0.01670 0.00580
vt 0.98330 0.00580
vt 0.98150 1.00340
vt 0.01850 1.00340
vt 0.98330 0.99420
vt 0.01670 0.99420
vt 0.97000 1.02120
vt 0.03000 1.02120
vt 0.97750 1.00310
vt 0.02250 1.00310
vt -0.15690 0.98500
vt -0.15690 0.01500
vt -0.07090 0.98500
vt -0.07090 0.01500
vt 1.15690 0.01500
vt 1.15690 0.98500
vt 1.07090 0.01500
vt 1.07090 0.98500
vt 1.00000 0.06840
vt 1.00000 0.33330
vt 0.00000 0.33330
vt 0.07450 0.00000
vt 0.00000 0.06840
vt 0.00020 0.06100
vt 0.00090 0.05410
vt 0.00210 0.04750
vt 0.00370 0.04140
vt 0.00570 0.03570
vt 0.00830 0.03040
vt 0.01130 0.02560
vt 0.01470 0.02110
vt 0.01860 0.01710
vt 0.02300 0.01350
vt 0.02780 0.01030
vt 0.03310 0.00760
vt 0.03880 0.00530
vt 0.04500 0.00340
vt 0.05170 0.00190
vt 0.05880 0.00080
vt 0.06640 0.00020
vt 0.99980 0.06100
vt 0.99910 0.05410
vt 0.99790 0.04750
vt 0.99630 0.04140
vt 0.99430 0.03570
vt 0.99170 0.03040
vt 0.98870 0.02560
vt 0.98530 0.02110
vt 0.98140 0.01710
vt 0.97700 0.01350
vt 0.97220 0.01030
vt 0.96690 0.00760
vt 0.96120 0.00530
vt 0.95500 0.00340
vt 0.94830 0.00190
vt 0.94120 0.00080
vt 0.93360 0.00020
vt 0.92550 0.00000
vt 1.00000 0.66670
vt 0.00000 0.66670
vt 1.00000 0.91890
vt 0.99950 0.92770
vt 0.99800 0.93590
vt 0.99550 0.94370
vt 0.99200 0.95090
vt 0.98740 0.95770
vt 0.98190 0.96400
vt 0.97540 0.96970
vt 0.96790 0.97500
vt 0.95930 0.97970
vt 0.94980 0.98400
vt 0.93920 0.98770
vt 0.92770 0.99100
vt 0.91510 0.99370
vt 0.90160 0.99600
vt 0.88700 0.99770
vt 0.87150 0.99900
vt 0.85490 0.99970
vt 0.83730 1.00000
vt 0.16270 1.00000
vt 0.14510 0.99970
vt 0.12850 0.99900
vt 0.11300 0.99770
vt 0.09840 0.99600
vt 0.08490 0.99370
vt 0.07230 0.99100
vt 0.06080 0.98770
vt 0.05020 0.98400
vt 0.04070 0.97970
vt 0.03210 0.97500
vt 0.02460 0.96970
vt 0.01810 0.96400
vt 0.01260 0.95770
vt 0.00800 0.95090
vt 0.00450 0.94370
vt 0.00200 0.93590
vt 0.00050 0.92770
vt 0.00000 0.91890
vt 0.92550 1.00000
vt 0.07450 1.00000
vt 0.06840 0.00000
vt 0.33330 0.00000
vt 0.33330 1.00000
vt 0.06840 1.00000
vt 0.66670 0.00000
vt 0.66670 1.00000
vt 0.91890 0.00000
vt 0.91890 1.00000
vt 0.16270 0.00000
vt 0.83730 0.00000
vt 0.08110 0.00000
vt 0.08110 1.00000
vt 0.93160 0.00000
vt 0.93160 1.00000
vt -0.66890 1.03320
vt -0.71780 1.03520
vt -0.71780 -0.03520
vt -0.66890 -0.03320
vt -0.41510 0.98280
vt -0.44430 0.98180
vt -0.44430 0.01820
vt -0.41510 0.01720
vt -0.62000 1.03130
vt -0.62000 -0.03130
vt -0.57100 1.02930
vt -0.57100 -0.02930
vt -0.52210 1.02740
vt -0.52210 -0.02740
vt -0.47320 1.02540
vt -0.47320 -0.02540
vt -0.42430 1.02340
vt -0.42430 -0.02340
vt -0.37540 1.02150
vt -0.37540 -0.02150
vt -0.32650 1.01950
vt -0.32650 -0.01950
vt -0.27760 1.01760
vt -0.27760 -0.01760
vt -0.22860 1.01560
vt -0.22860 -0.01560
vt -0.17970 1.01370
vt -0.17970 -0.01370
vt -0.13080 1.01170
vt -0.13080 -0.01170
vt -0.08190 1.00980
vt -0.08190 -0.00980
vt -0.03300 1.00780
vt -0.03300 -0.00780
vt 0.01590 1.00590
vt 0.01590 -0.00590
vt 0.06480 1.00390
vt 0.06480 -0.00390
vt 0.11380 1.00200
vt 0.11380 -0.00200
vt -0.38590 0.98380
vt -0.38590 0.01620
vt -0.35670 0.98480
vt -0.35670 0.01520
vt -0.32750 0.98580
vt -0.32750 0.01420
vt -0.29830 0.98680
vt -0.29830 0.01320
vt -0.26910 0.98780
vt -0.26910 0.01220
vt -0.24000 0.98890
vt -0.24000 0.01110
vt -0.21080 0.98990
vt -0.21080 0.01010
vt -0.18160 0.99090
vt -0.18160 0.00910
vt -0.15240 0.99190
vt -0.15240 0.00810
vt -0.12320 0.99290
vt -0.12320 0.00710
vt -0.09400 0.99390
vt -0.09400 0.00610
vt -0.06480 0.99490
vt -0.06480 0.00510
vt -0.03570 0.99590
vt -0.03570 0.00410
vt -0.00650 0.99700
vt -0.00650 0.00300
vt 0.02270 0.99800
vt 0.02270 0.00200
vt 0.05190 0.99900
vt 0.05190 0.00100
vt -0.19710 1.00000
vt -0.21280 1.00000
vt -0.21280 0.00000
vt -0.19710 0.00000
vt 1.19710 -0.00000
vt 1.21280 -0.00000
vt 1.21280 1.00000
vt 1.19710 1.00000
vt -0.18150 1.00000
vt -0.18150 0.00000
vt -0.16590 1.00000
vt -0.16590 0.00000
vt -0.15030 1.00000
vt -0.15030 0.00000
vt -0.13470 1.00000
vt -0.13470 0.00000
vt -0.11900 1.00000
vt -0.11900 0.00000
vt -0.10340 1.00000
vt -0.10340 0.00000
vt -0.08780 1.00000
vt -0.08780 0.00000
vt -0.07220 1.00000
vt -0.07220 0.00000
vt -0.05660 1.00000
vt -0.05660 0.00000
vt -0.04090 1.00000
vt -0.04090 0.00000
vt -0.02530 1.00000
vt -0.02530 0.00000
vt -0.00970 1.00000
vt -0.00970 0.00000
vt 0.00590 1.00000
vt 0.00590 0.00000
vt 0.02160 1.00000
vt 0.02160 0.00000
vt 0.03720 1.00000
vt 0.03720 0.00000
vt 0.05280 1.00000
vt 0.05280 0.00000
vt 1.18150 -0.00000
vt 1.18150 1.00000
vt 1.16590 -0.00000
vt 1.16590 1.00000
vt 1.15030 -0.00000
vt 1.15030 1.00000
vt 1.13470 -0.00000
vt 1.13470 1.00000
vt 1.11900 -0.00000
vt 1.11900 1.00000
vt 1.10340 -0.00000
vt 1.10340 1.00000
vt 1.08780 -0.00000
vt 1.08780 1.00000
vt 1.07220 -0.00000
vt 1.07220 1.00000
vt 1.05660 -0.00000
vt 1.05660 1.00000
vt 1.04090 -0.00000
vt 1.04090 1.00000
vt 1.02530 -0.00000
vt 1.02530 1.00000
vt 1.00970 -0.00000
vt 1.00970 1.00000
vt 0.99410 -0.00000
vt 0.99410 1.00000
vt 0.97840 -0.00000
vt 0.97840 1.00000
vt 0.96280 -0.00000
vt 0.96280 1.00000
vt 0.94720 -0.00000
vt 0.94720 1.00000
vt 0.98500 0.01500
vt 0.98500 0.98500
vt 0.01500 0.98500
vt 0.01500 0.01500
vt 0.00000 0.00000
vt 0.00000 1.00000
vt 0.03750 -0.03930
vt 0.04500 -0.05740
vt 0.95500 -0.05740
vt 0.96250 -0.03930
vt 0.02020 -0.01250
vt 0.02200 -0.02170
vt 0.97800 -0.02170
vt 0.97980 -0.01250
vt 0.97980 1.01250
vt 0.97800 1.02170
vt 0.02200 1.02170
vt 0.02020 1.01250
vt 0.96250 1.03930
vt 0.95500 1.05740
vt 0.04500 1.05740
vt 0.03750 1.03930
vt -0.24280 0.98500
vt -0.32880 0.98500
vt -0.32880 0.01500
vt -0.24280 0.01500
vt 1.24280 0.01500
vt 1.32880 0.01500
vt 1.32880 0.98500
vt 1.24280 0.98500
vt 0.00680 0.01410
vt -0.00300 0.02640
vt -0.01420 0.05200
vt -0.01940 0.04980
vt -0.02690 0.09070
vt -0.02370 0.01780
vt -0.03980 -0.00530
vt -0.06780 -0.01950
vt -0.00330 0.01410
vt -0.04320 0.02620
vt -0.10460 0.05160
vt -0.11730 0.05080
vt -0.18770 0.09000
vt -0.09380 0.02340
vt -0.11730 0.00760
vt -0.18770 0.00340
vt -0.00330 0.99130
vt -0.04320 0.99540
vt -0.10460 0.99710
vt -0.11730 0.99240
vt -0.18770 0.99660
vt -0.09380 0.97660
vt -0.11730 0.94920
vt -0.18770 0.91000
vt 0.00420 0.99280
vt -0.01320 1.00110
vt -0.03720 1.01000
vt -0.03980 1.00530
vt -0.06780 1.01950
vt -0.02370 0.98220
vt -0.01940 0.95020
vt -0.02690 0.90930
vt 0.03000 -0.02120
vt 0.97000 -0.02120
vt 0.02250 -0.00310
vt 0.97750 -0.00310
vt 0.01850 -0.00340
vt 0.98150 -0.00340
vt 0.01670 0.00580
vt 0.98330 0.00580
vt 0.98150 1.00340
vt 0.01850 1.00340
vt 0.98330 0.99420
vt 0.01670 0.99420
vt 0.97000 1.02120
vt 0.03000 1.02120
vt 0.97750 1.00310
vt 0.02250 1.00310
vt -0.15690 0.98500
vt -0.15690 0.01500
vt -0.07090 0.98500
vt -0.07090 0.01500
vt 1.15690 0.01500
vt 1.15690 0.98500
vt 1.07090 0.01500
vt 1.07090 0.98500
vt 0.98500 0.01500
vt 0.98500 0.98500
vt 0.01500 0.98500
vt 0.01500 0.01500
vt 0.00000 0.00000
vt 0.00000 1.00000
vt 0.03750 -0.03930
vt 0.04500 -0.05740
vt 0.95500 -0.05740
vt 0.96250 -0.03930
vt 0.02020 -0.01250
vt 0.02200 -0.02170
vt 0.97800 -0.02170
vt 0.97980 -0.01250
vt 0.97980 1.01250
vt 0.97800 1.02170
vt 0.02200 1.02170
vt 0.02020 1.01250
vt 0.96250 1.03930
vt 0.95500 1.05740
vt 0.04500 1.05740
vt 0.03750 1.03930
vt -0.24280 0.98500
vt -0.32880 0.98500
vt -0.32880 0.01500
vt -0.24280 0.01500
vt 1.24280 0.01500
vt 1.32880 0.01500
vt 1.32880 0.98500
vt 1.24280 0.98500
vt 0.00680 0.01410
vt -0.00300 0.02640
vt -0.01420 0.05200
vt -0.01940 0.04980
vt -0.02690 0.09070
vt -0.02370 0.01780
vt -0.03980 -0.00530
vt -0.06780 -0.01950
vt -0.00330 0.01410
vt -0.04320 0.02620
vt -0.10460 0.05160
vt -0.11730 0.05080
vt -0.18770 0.09000
vt -0.09380 0.02340
vt -0.11730 0.00760
vt -0.18770 0.00340
vt -0.00330 0.99130
vt -0.04320 0.99540
vt -0.10460 0.99710
vt -0.11730 0.99240
vt -0.18770 0.99660
vt -0.09380 0.97660
vt -0.11730 0.94920
vt -0.18770 0.91000
vt 0.00420 0.99280
vt -0.01320 1.00110
vt -0.03720 1.01000
vt -0.03980 1.00530
vt -0.06780 1.01950
vt -0.02370 0.98220
vt -0.01940 0.95020
vt -0.02690 0.90930
vt 0.03000 -0.02120
vt 0.97000 -0.02120
vt 0.02250 -0.00310
vt 0.97750 -0.00310
vt 0.01850 -0.00340
vt 0.98150 -0.00340
vt 0.01670 0.00580
vt 0.98330 0.00580
vt 0.98150 1.00340
vt 0.01850 1.00340
vt 0.98330 0.99420
vt 0.01670 0.99420
vt 0.97000 1.02120
vt 0.03000 1.02120
vt 0.97750 1.00310
vt 0.02250 1.00310
vt -0.15690 0.98500
vt -0.15690 0.01500
vt -0.07090 0.98500
vt -0.07090 0.01500
vt 1.15690 0.01500
vt 1.15690 0.98500
vt 1.07090 0.01500
vt 1.07090 0.98500
vt 0.98500 0.01500
vt 0.98500 0.98500
vt 0.01500 0.98500
vt 0.01500 0.01500
vt 0.00000 0.00000
vt 0.00000 1.00000
vt 0.03750 -0.03930
vt 0.04500 -0.05740
vt 0.95500 -0.05740
vt 0.96250 -0.03930
vt 0.02020 -0.01250
vt 0.02200 -0.02170
vt 0.97800 -0.02170
vt 0.97980 -0.01250
vt 0.97980 1.01250
vt 0.97800 1.02170
vt 0.02200 1.02170
vt 0.02020 1.01250
vt 0.96250 1.03930
vt 0.95500 1.05740
vt 0.04500 1.05740
vt 0.03750 1.03930
vt -0.24280 0.98500
vt -0.32880 0.98500
vt -0.32880 0.01500
vt -0.24280 0.01500
vt 1.24280 0.01500
vt 1.32880 0.01500
vt 1.32880 0.98500
vt 1.24280 0.98500
vt 0.00680 0.01410
vt -0.00300 0.02640
vt -0.01420 0.05200
vt -0.01940 0.04980
vt -0.02690 0.09070
vt -0.02370 0.01780
vt -0.03980 -0.00530
vt -0.06780 -0.01950
vt -0.00330 0.01410
vt -0.04320 0.02620
vt -0.10460 0.05160
vt -0.11730 0.05080
vt -0.18770 0.09000
vt -0.09380 0.02340
vt -0.11730 0.00760
vt -0.18770 0.00340
vt -0.00330 0.99130
vt -0.04320 0.99540
vt -0.10460 0.99710
vt -0.11730 0.99240
vt -0.18770 0.99660
vt -0.09380 0.97660
vt -0.11730 0.94920
vt -0.18770 0.91000
vt 0.00420 0.99280
vt -0.01320 1.00110
vt -0.03720 1.01000
vt -0.03980 1.00530
vt -0.06780 1.01950
vt -0.02370 0.98220
vt -0.01940 0.95020
vt -0.02690 0.90930
vt 0.03000 -0.02120
vt 0.97000 -0.02120
vt 0.02250 -0.00310
vt 0.97750 -0.00310
vt 0.01850 -0.00340
vt 0.98150 -0.00340
vt 0.01670 0.00580
vt 0.98330 0.00580
vt 0.98150 1.00340
vt 0.01850 1.00340
vt 0.98330 0.99420
vt 0.01670 0.99420
vt 0.97000 1.02120
vt 0.03000 1.02120
vt 0.97750 1.00310
vt 0.02250 1.00310
vt -0.15690 0.98500
vt -0.15690 0.01500
vt -0.07090 0.98500
vt -0.07090 0.01500
vt 1.15690 0.01500
vt 1.15690 0.98500
vt 1.07090 0.01500
vt 1.07090 0.98500
vn 0.00000 -0.00000 1.00000
vn 0.00000 0.05480 0.99850
vn -0.00540 0.05450 0.99850
vn -0.01070 0.05370 0.99850
vn -0.01590 0.05240 0.99850
vn -0.02100 0.05060 0.99850
vn -0.02580 0.04830 0.99850
vn -0.03040 0.04560 0.99850
vn -0.03480 0.04240 0.99850
vn -0.03870 0.03870 0.99850
vn -0.04240 0.03480 0.99850
vn -0.04560 0.03040 0.99850
vn -0.04830 0.02580 0.99850
vn -0.05060 0.02100 0.99850
vn -0.05240 0.01590 0.99850
vn -0.05370 0.01070 0.99850
vn -0.05450 0.00540 0.99850
vn -0.05480 -0.00000 0.99850
vn -0.05450 -0.00540 0.99850
vn -0.05370 -0.01070 0.99850
vn -0.05240 -0.01590 0.99850
vn -0.05060 -0.02100 0.99850
vn -0.04830 -0.02580 0.99850
vn -0.04560 -0.03040 0.99850
vn -0.04240 -0.03480 0.99850
vn -0.03870 -0.03870 0.99850
vn -0.03480 -0.04240 0.99850
vn -0.03040 -0.04560 0.99850
vn -0.02580 -0.04830 0.99850
vn -0.02100 -0.05060 0.99850
vn -0.01590 -0.05240 0.99850
vn -0.01070 -0.05370 0.99850
vn -0.00540 -0.05450 0.99850
vn 0.00000 -0.05480 0.99850
vn 0.00540 -0.05450 0.99850
vn 0.01070 -0.05370 0.99850
vn 0.01590 -0.05240 0.99850
vn 0.02100 -0.05060 0.99850
vn 0.02580 -0.04830 0.99850
vn 0.03040 -0.04560 0.99850
vn 0.03480 -0.04240 0.99850
vn 0.03870 -0.03870 0.99850
vn 0.04240 -0.03480 0.99850
vn 0.04560 -0.03040 0.99850
vn 0.04830 -0.02580 0.99850
vn 0.05060 -0.02100 0.99850
vn 0.05240 -0.01590 0.99850
vn 0.05370 -0.01070 0.99850
vn 0.05450 -0.00540 0.99850
vn 0.05480 -0.00000 0.99850
vn 0.05450 0.00540 0.99850
vn 0.05370 0.01070 0.99850
vn 0.05240 0.01590 0.99850
vn 0.05060 0.02100 0.99850
vn 0.04830 0.02580 0.99850
vn 0.04560 0.03040 0.99850
vn 0.04240 0.03480 0.99850
vn 0.03870 0.03870 0.99850
vn 0.03480 0.04240 0.99850
vn 0.03040 0.04560 0.99850
vn 0.02580 0.04830 0.99850
vn 0.02100 0.05060 0.99850
vn 0.01590 0.05240 0.99850
vn 0.01070 0.05370 0.99850
vn 0.00540 0.05450 0.99850
vn 0.00000 0.00000 -1.00000
vn 0.00000 -0.00000 1.00000
vn 0.00000 -1.00000 -0.00000
vn 1.00000 0.00000 -0.00000
vn 0.00000 1.00000 0.00000
vn -1.00000 0.00000 -0.00000
vn -0.02020 -0.98970 -0.14140
vn 0.02020 -0.14140 -0.98970
vn -0.98970 0.02020 -0.14140
vn 0.14140 0.02020 -0.98970
vn -0.14140 -0.98970 0.02020
vn 0.98970 -0.14140 0.02020
vn -0.98970 0.14140 0.02020
vn 0.14140 0.98970 0.02020
vn -0.14140 0.00000 -0.98990
vn 0.00000 0.14140 -0.98990
vn 0.14140 0.00000 -0.98990
vn 0.00000 -0.14140 -0.98990
vn -0.00000 -0.14140 0.98990
vn 0.14140 -0.00000 0.98990
vn 0.00000 0.14140 0.98990
vn -0.14140 -0.00000 0.98990
vn 0.14140 -0.98990 -0.00000
vn -0.14140 -0.98990 -0.00000
vn 0.98990 0.14140 -0.00000
vn -0.14140 0.98990 0.00000
vn -0.14140 -0.98970 -0.02020
vn -0.51310 -0.85520 -0.07330
vn -0.85110 -0.51070 -0.12160
vn -0.98020 -0.14000 -0.14000
vn -0.11790 -0.99050 -0.07080
vn -0.43190 -0.86390 -0.25920
vn -0.72960 -0.52530 -0.43780
vn -0.84840 -0.14540 -0.50900
vn -0.07080 -0.99050 -0.11790
vn -0.25920 -0.86390 -0.43190
vn -0.43780 -0.52530 -0.72960
vn -0.50900 -0.14540 -0.84840
vn -0.07330 -0.85520 -0.51310
vn -0.12160 -0.51070 -0.85110
vn -0.14000 -0.14000 -0.98020
vn 0.14140 -0.02020 -0.98970
vn 0.51310 -0.07330 -0.85520
vn 0.85110 -0.12160 -0.51070
vn 0.98020 -0.14000 -0.14000
vn 0.11790 -0.07080 -0.99050
vn 0.43190 -0.25920 -0.86390
vn 0.72960 -0.43780 -0.52530
vn 0.84840 -0.50900 -0.14540
vn 0.07070 -0.11790 -0.99050
vn 0.25920 -0.43190 -0.86390
vn 0.43780 -0.72960 -0.52530
vn 0.50900 -0.84840 -0.14540
vn 0.07330 -0.51310 -0.85520
vn 0.12160 -0.85110 -0.51070
vn 0.14000 -0.98020 -0.14000
vn -0.98970 0.14140 -0.02020
vn -0.85520 0.51310 -0.07330
vn -0.51070 0.85110 -0.12160
vn -0.14000 0.98020 -0.14000
vn -0.99050 0.11790 -0.07070
vn -0.86390 0.43190 -0.25920
vn -0.52530 0.72960 -0.43780
vn -0.14540 0.84840 -0.50900
vn -0.99050 0.07070 -0.11790
vn -0.86390 0.25920 -0.43190
vn -0.52530 0.43780 -0.72960
vn -0.14540 0.50900 -0.84840
vn -0.85520 0.07330 -0.51310
vn -0.51070 0.12160 -0.85110
vn -0.14000 0.14000 -0.98020
vn 0.02020 0.14140 -0.98970
vn 0.07330 0.51310 -0.85520
vn 0.12160 0.85110 -0.51070
vn 0.14000 0.98020 -0.14000
vn 0.07070 0.11790 -0.99050
vn 0.25920 0.43190 -0.86390
vn 0.43780 0.72960 -0.52530
vn 0.50900 0.84840 -0.14540
vn 0.11790 0.07080 -0.99050
vn 0.43190 0.25920 -0.86390
vn 0.72960 0.43780 -0.52530
vn 0.84840 0.50900 -0.14540
vn 0.51310 0.07330 -0.85520
vn 0.85110 0.12160 -0.51070
vn 0.98020 0.14000 -0.14000
vn -0.02020 -0.98970 0.14140
vn -0.07330 -0.85520 0.51310
vn -0.12160 -0.51070 0.85110
vn -0.14000 -0.14000 0.98020
vn -0.07080 -0.99050 0.11790
vn -0.25920 -0.86390 0.43190
vn -0.43780 -0.52530 0.72960
vn -0.50900 -0.14540 0.84840
vn -0.11790 -0.99050 0.07080
vn -0.43190 -0.86390 0.25920
vn -0.72960 -0.52530 0.43780
vn -0.84840 -0.14540 0.50900
vn -0.51310 -0.85520 0.07330
vn -0.85110 -0.51070 0.12160
vn -0.98020 -0.14000 0.14000
vn 0.98970 -0.02020 0.14140
vn 0.85520 -0.07330 0.51310
vn 0.51070 -0.12160 0.85110
vn 0.14000 -0.14000 0.98020
vn 0.99050 -0.07070 0.11790
vn 0.86390 -0.25920 0.43190
vn 0.52530 -0.43780 0.72960
vn 0.14540 -0.50900 0.84840
vn 0.99050 -0.11790 0.07070
vn 0.86390 -0.43190 0.25920
vn 0.52530 -0.72960 0.43780
vn 0.14540 -0.84840 0.50900
vn 0.85520 -0.51310 0.07330
vn 0.51070 -0.85110 0.12160
vn 0.14000 -0.98020 0.14000
vn -0.98970 0.02020 0.14140
vn -0.85520 0.07330 0.51310
vn -0.51070 0.12160 0.85110
vn -0.14000 0.14000 0.98020
vn -0.99050 0.07070 0.11790
vn -0.86390 0.25920 0.43190
vn -0.52530 0.43780 0.72960
vn -0.14540 0.50900 0.84840
vn -0.99050 0.11790 0.07070
vn -0.86390 0.43190 0.25920
vn -0.52530 0.72960 0.43780
vn -0.14540 0.84840 0.50900
vn -0.85520 0.51310 0.07330
vn -0.51070 0.85110 0.12160
vn -0.14000 0.98020 0.14000
vn 0.02020 0.98970 0.14140
vn 0.07330 0.85520 0.51310
vn 0.12160 0.51070 0.85110
vn 0.14000 0.14000 0.98020
vn 0.07080 0.99050 0.11790
vn 0.25920 0.86390 0.43190
vn 0.43780 0.52530 0.72960
vn 0.50900 0.14540 0.84840
vn 0.11790 0.99050 0.07080
vn 0.43190 0.86390 0.25920
vn 0.72960 0.52530 0.43780
vn 0.84840 0.14540 0.50900
vn 0.51310 0.85520 0.07330
vn 0.85110 0.51070 0.12160
vn 0.98020 0.14000 0.14000
vn -0.51450 0.00000 -0.85750
vn -0.85750 0.00000 -0.51450
vn -0.98990 0.00000 -0.14140
vn 0.00000 0.51450 -0.85750
vn 0.00000 0.85750 -0.51450
vn 0.00000 0.98990 -0.14140
vn 0.51450 0.00000 -0.85750
vn 0.85750 0.00000 -0.51450
vn 0.98990 0.00000 -0.14140
vn 0.00000 -0.51450 -0.85750
vn 0.00000 -0.85750 -0.51450
vn 0.00000 -0.98990 -0.14140
vn -0.00000 -0.51450 0.85750
vn -0.00000 -0.85750 0.51450
vn -0.00000 -0.98990 0.14140
vn 0.51450 -0.00000 0.85750
vn 0.85750 -0.00000 0.51450
vn 0.98990 -0.00000 0.14140
vn 0.00000 0.51450 0.85750
vn 0.00000 0.85750 0.51450
vn 0.00000 0.98990 0.14140
vn -0.51450 0.00000 0.85750
vn -0.85750 0.00000 0.51450
vn -0.98990 -0.00000 0.14140
vn 0.51450 -0.85750 -0.00000
vn 0.85750 -0.51450 -0.00000
vn 0.98990 -0.14140 -0.00000
vn -0.51450 -0.85750 -0.00000
vn -0.85750 -0.51450 -0.00000
vn -0.98990 -0.14140 -0.00000
vn 0.85750 0.51450 -0.00000
vn 0.51450 0.85750 -0.00000
vn 0.14140 0.98990 -0.00000
vn -0.51450 0.85750 0.00000
vn -0.85750 0.51450 0.00000
vn -0.98990 0.14140 0.00000
vn -0.54360 0.83930 0.00000
vn -0.33870 0.94090 0.00000
vn -0.11940 0.99280 0.00000
vn 0.10110 0.99490 0.00000
vn 0.31460 0.94920 0.00000
vn 0.51500 0.85720 0.00000
vn 0.69380 0.72010 0.00000
vn 0.83930 0.54360 0.00000
vn 0.94090 0.33870 0.00000
vn 0.99280 0.11940 0.00000
vn 0.99490 -0.10110 0.00000
vn 0.94920 -0.31460 0.00000
vn 0.85720 -0.51500 0.00000
vn 0.72010 -0.69380 0.00000
vn 0.54360 -0.83930 -0.00000
vn 0.33870 -0.94090 -0.00000
vn 0.11940 -0.99280 -0.00000
vn -0.10110 -0.99490 -0.00000
vn -0.31460 -0.94920 -0.00000
vn -0.51500 -0.85720 -0.00000
vn -0.69380 -0.72010 -0.00000
vn -0.83930 -0.54360 -0.00000
vn -0.94090 -0.33870 -0.00000
vn -0.99280 -0.11940 -0.00000
vn -0.99490 0.10110 -0.00000
vn -0.94920 0.31460 -0.00000
vn -0.85720 0.51500 -0.00000
vn -0.72010 0.69380 -0.00000
vn 0.00000 0.00000 -1.00000
vn -0.00000 -0.00000 1.00000
vn 0.00000 0.00000 -1.00000
vn 0.00000 -0.00000 1.00000
vn 0.00000 -1.00000 -0.00000
vn 1.00000 0.00000 -0.00000
vn 0.00000 1.00000 0.00000
vn -1.00000 0.00000 -0.00000
vn -0.02020 -0.98970 -0.14140
vn 0.02020 -0.14140 -0.98970
vn -0.98970 0.02020 -0.14140
vn 0.14140 0.02020 -0.98970
vn -0.14140 -0.98970 0.02020
vn 0.98970 -0.14140 0.02020
vn -0.98970 0.14140 0.02020
vn 0.14140 0.98970 0.02020
vn -0.14140 0.00000 -0.98990
vn 0.00000 0.14140 -0.98990
vn 0.14140 0.00000 -0.98990
vn 0.00000 -0.14140 -0.98990
vn -0.00000 -0.14140 0.98990
vn 0.14140 -0.00000 0.98990
vn 0.00000 0.14140 0.98990
vn -0.14140 -0.00000 0.98990
vn 0.14140 -0.98990 -0.00000
vn -0.14140 -0.98990 -0.00000
vn 0.98990 0.14140 -0.00000
vn -0.14140 0.98990 0.00000
vn -0.14140 -0.98970 -0.02020
vn -0.51310 -0.85520 -0.07330
vn -0.85110 -0.51070 -0.12160
vn -0.98020 -0.14000 -0.14000
vn -0.11790 -0.99050 -0.07080
vn -0.43190 -0.86390 -0.25920
vn -0.72960 -0.52530 -0.43780
vn -0.84840 -0.14540 -0.50900
vn -0.07080 -0.99050 -0.11790
vn -0.25920 -0.86390 -0.43190
vn -0.43780 -0.52530 -0.72960
vn -0.50900 -0.14540 -0.84840
vn -0.07330 -0.85520 -0.51310
vn -0.12160 -0.51070 -0.85110
vn -0.14000 -0.14000 -0.98020
vn 0.14140 -0.02020 -0.98970
vn 0.51310 -0.07330 -0.85520
vn 0.85110 -0.12160 -0.51070
vn 0.98020 -0.14000 -0.14000
vn 0.11790 -0.07080 -0.99050
vn 0.43190 -0.25920 -0.86390
vn 0.72960 -0.43780 -0.52530
vn 0.84840 -0.50900 -0.14540
vn 0.07070 -0.11790 -0.99050
vn 0.25920 -0.43190 -0.86390
vn 0.43780 -0.72960 -0.52530
vn 0.50900 -0.84840 -0.14540
vn 0.07330 -0.51310 -0.85520
vn 0.12160 -0.85110 -0.51070
vn 0.14000 -0.98020 -0.14000
vn -0.98970 0.14140 -0.02020
vn -0.85520 0.51310 -0.07330
vn -0.51070 0.85110 -0.12160
vn -0.14000 0.98020 -0.14000
vn -0.99050 0.11790 -0.07070
vn -0.86390 0.43190 -0.25920
vn -0.52530 0.72960 -0.43780
vn -0.14540 0.84840 -0.50900
vn -0.99050 0.07070 -0.11790
vn -0.86390 0.25920 -0.43190
vn -0.52530 0.43780 -0.72960
vn -0.14540 0.50900 -0.84840
vn -0.85520 0.07330 -0.51310
vn -0.51070 0.12160 -0.85110
vn -0.14000 0.14000 -0.98020
vn 0.02020 0.14140 -0.98970
vn 0.07330 0.51310 -0.85520
vn 0.12160 0.85110 -0.51070
vn 0.14000 0.98020 -0.14000
vn 0.07070 0.11790 -0.99050
vn 0.25920 0.43190 -0.86390
vn 0.43780 0.72960 -0.52530
vn 0.50900 0.84840 -0.14540
vn 0.11790 0.07080 -0.99050
vn 0.43190 0.25920 -0.86390
vn 0.72960 0.43780 -0.52530
vn 0.84840 0.50900 -0.14540
vn 0.51310 0.07330 -0.85520
vn 0.85110 0.12160 -0.51070
vn 0.98020 0.14000 -0.14000
vn -0.02020 -0.98970 0.14140
vn -0.07330 -0.85520 0.51310
vn -0.12160 -0.51070 0.85110
vn -0.14000 -0.14000 0.98020
vn -0.07080 -0.99050 0.11790
vn -0.25920 -0.86390 0.43190
vn -0.43780 -0.52530 0.72960
vn -0.50900 -0.14540 0.84840
vn -0.11790 -0.99050 0.07080
vn -0.43190 -0.86390 0.25920
vn -0.72960 -0.52530 0.43780
vn -0.84840 -0.14540 0.50900
vn -0.51310 -0.85520 0.07330
vn -0.85110 -0.51070 0.12160
vn -0.98020 -0.14000 0.14000
vn 0.98970 -0.02020 0.14140
vn 0.85520 -0.07330 0.51310
vn 0.51070 -0.12160 0.85110
vn 0.14000 -0.14000 0.98020
vn 0.99050 -0.07070 0.11790
vn 0.86390 -0.25920 0.43190
vn 0.52530 -0.43780 0.72960
vn 0.14540 -0.50900 0.84840
vn 0.99050 -0.11790 0.07070
vn 0.86390 -0.43190 0.25920
vn 0.52530 -0.72960 0.43780
vn 0.14540 -0.84840 0.50900
vn 0.85520 -0.51310 0.07330
vn 0.51070 -0.85110 0.12160
vn 0.14000 -0.98020 0.14000
vn -0.98970 0.02020 0.14140
vn -0.85520 0.07330 0.51310
vn -0.51070 0.12160 0.85110
vn -0.14000 0.14000 0.98020
vn -0.99050 0.07070 0.11790
vn -0.86390 0.25920 0.43190
vn -0.52530 0.43780 0.72960
vn -0.14540 0.50900 0.84840
vn -0.99050 0.11790 0.07070
vn -0.86390 0.43190 0.25920
vn -0.52530 0.72960 0.43780
vn -0.14540 0.84840 0.50900
vn -0.85520 0.51310 0.07330
vn -0.51070 0.85110 0.12160
vn -0.14000 0.98020 0.14000
vn 0.02020 0.98970 0.14140
vn 0.07330 0.85520 0.51310
vn 0.12160 0.51070 0.85110
vn 0.14000 0.14000 0.98020
vn 0.07080 0.99050 0.11790
vn 0.25920 0.86390 0.43190
vn 0.43780 0.52530 0.72960
vn 0.50900 0.14540 0.84840
vn 0.11790 0.99050 0.07080
vn 0.43190 0.86390 0.25920
vn 0.72960 0.52530 0.43780
vn 0.84840 0.14540 0.50900
vn 0.51310 0.85520 0.07330
vn 0.85110 0.51070 0.12160
vn 0.98020 0.14000 0.14000
vn -0.51450 0.00000 -0.85750
vn -0.85750 0.00000 -0.51450
vn -0.98990 0.00000 -0.14140
vn 0.00000 0.51450 -0.85750
vn 0.00000 0.85750 -0.51450
vn 0.00000 0.98990 -0.14140
vn 0.51450 0.00000 -0.85750
vn 0.85750 0.00000 -0.51450
vn 0.98990 0.00000 -0.14140
vn 0.00000 -0.51450 -0.85750
vn 0.00000 -0.85750 -0.51450
vn 0.00000 -0.98990 -0.14140
vn -0.00000 -0.51450 0.85750
vn -0.00000 -0.85750 0.51450
vn -0.00000 -0.98990 0.14140
vn 0.51450 -0.00000 0.85750
vn 0.85750 -0.00000 0.51450
vn 0.98990 -0.00000 0.14140
vn 0.00000 0.51450 0.85750
vn 0.00000 0.85750 0.51450
vn 0.00000 0.98990 0.14140
vn -0.51450 0.00000 0.85750
vn -0.85750 0.00000 0.51450
vn -0.98990 -0.00000 0.14140
vn 0.51450 -0.85750 -0.00000
vn 0.85750 -0.51450 -0.00000
vn 0.98990 -0.14140 -0.00000
vn -0.51450 -0.85750 -0.00000
vn -0.85750 -0.51450 -0.00000
vn -0.98990 -0.14140 -0.00000
vn 0.85750 0.51450 -0.00000
vn 0.51450 0.85750 -0.00000
vn 0.14140 0.98990 -0.00000
vn -0.51450 0.85750 0.00000
vn -0.85750 0.51450 0.00000
vn -0.98990 0.14140 0.00000
vn 0.54360 0.83930 -0.00000
vn 0.33870 0.94090 0.00000
vn 0.11940 0.99280 0.00000
vn -0.10110 0.99490 0.00000
vn -0.31460 0.94920 0.00000
vn -0.51500 0.85720 0.00000
vn -0.69380 0.72010 0.00000
vn -0.83930 0.54360 0.00000
vn -0.94090 0.33870 0.00000
vn -0.99280 0.11940 0.00000
vn -0.99490 -0.10110 0.00000
vn -0.94920 -0.31460 0.00000
vn -0.85720 -0.51500 0.00000
vn -0.72010 -0.69380 0.00000
vn -0.54360 -0.83930 0.00000
vn -0.33870 -0.94090 -0.00000
vn -0.11940 -0.99280 -0.00000
vn 0.10110 -0.99490 -0.00000
vn 0.31460 -0.94920 -0.00000
vn 0.51500 -0.85720 -0.00000
vn 0.69380 -0.72010 -0.00000
vn 0.83930 -0.54360 -0.00000
vn 0.94090 -0.33870 -0.00000
vn 0.99280 -0.11940 -0.00000
vn 0.99490 0.10110 -0.00000
vn 0.94920 0.31460 -0.00000
vn 0.85720 0.51500 -0.00000
vn 0.72010 0.69380 -0.00000
vn -0.00000 0.00000 -1.00000
vn 0.00000 -0.00000 1.00000
vn 0.00000 0.00000 -1.00000
vn 0.00000 -0.00000 1.00000
vn 0.00000 -1.00000 -0.00000
vn 1.00000 0.00000 -0.00000
vn 0.00000 1.00000 0.00000
vn -1.00000 0.00000 -0.00000
vn -0.02020 -0.98970 -0.14140
vn 0.02020 -0.14140 -0.98970
vn -0.98970 0.02020 -0.14140
vn 0.14140 0.02020 -0.98970
vn -0.14140 -0.98970 0.02020
vn 0.98970 -0.14140 0.02020
vn -0.98970 0.14140 0.02020
vn 0.14140 0.98970 0.02020
vn -0.14140 0.00000 -0.98990
vn 0.00000 0.14140 -0.98990
vn 0.14140 0.00000 -0.98990
vn 0.00000 -0.14140 -0.98990
vn -0.00000 -0.14140 0.98990
vn 0.14140 -0.00000 0.98990
vn 0.00000 0.14140 0.98990
vn -0.14140 -0.00000 0.98990
vn 0.14140 -0.98990 -0.00000
vn -0.14140 -0.98990 -0.00000
vn 0.98990 0.14140 -0.00000
vn -0.14140 0.98990 0.00000
vn -0.14140 -0.98970 -0.02020
vn -0.51310 -0.85520 -0.07330
vn -0.85110 -0.51070 -0.12160
vn -0.98020 -0.14000 -0.14000
vn -0.11790 -0.99050 -0.07080
vn -0.43190 -0.86390 -0.25920
vn -0.72960 -0.52530 -0.43780
vn -0.84840 -0.14540 -0.50900
vn -0.07080 -0.99050 -0.11790
vn -0.25920 -0.86390 -0.43190
vn -0.43780 -0.52530 -0.72960
vn -0.50900 -0.14540 -0.84840
vn -0.07330 -0.85520 -0.51310
vn -0.12160 -0.51070 -0.85110
vn -0.14000 -0.14000 -0.98020
vn 0.14140 -0.02020 -0.98970
vn 0.51310 -0.07330 -0.85520
vn 0.85110 -0.12160 -0.51070
vn 0.98020 -0.14000 -0.14000
vn 0.11790 -0.07080 -0.99050
vn 0.43190 -0.25920 -0.86390
vn 0.72960 -0.43780 -0.52530
vn 0.84840 -0.50900 -0.14540
vn 0.07070 -0.11790 -0.99050
vn 0.25920 -0.43190 -0.86390
vn 0.43780 -0.72960 -0.52530
vn 0.50900 -0.84840 -0.14540
vn 0.07330 -0.51310 -0.85520
vn 0.12160 -0.85110 -0.51070
vn 0.14000 -0.98020 -0.14000
vn -0.98970 0.14140 -0.02020
vn -0.85520 0.51310 -0.07330
vn -0.51070 0.85110 -0.12160
vn -0.14000 0.98020 -0.14000
vn -0.99050 0.11790 -0.07070
vn -0.86390 0.43190 -0.25920
vn -0.52530 0.72960 -0.43780
vn -0.14540 0.84840 -0.50900
vn -0.99050 0.07070 -0.11790
vn -0.86390 0.25920 -0.43190
vn -0.52530 0.43780 -0.72960
vn -0.14540 0.50900 -0.84840
vn -0.85520 0.07330 -0.51310
vn -0.51070 0.12160 -0.85110
vn -0.14000 0.14000 -0.98020
vn 0.02020 0.14140 -0.98970
vn 0.07330 0.51310 -0.85520
vn 0.12160 0.85110 -0.51070
vn 0.14000 0.98020 -0.14000
vn 0.07070 0.11790 -0.99050
vn 0.25920 0.43190 -0.86390
vn 0.43780 0.72960 -0.52530
vn 0.50900 0.84840 -0.14540
vn 0.11790 0.07080 -0.99050
vn 0.43190 0.25920 -0.86390
vn 0.72960 0.43780 -0.52530
vn 0.84840 0.50900 -0.14540
vn 0.51310 0.07330 -0.85520
vn 0.85110 0.12160 -0.51070
vn 0.98020 0.14000 -0.14000
vn -0.02020 -0.98970 0.14140
vn -0.07330 -0.85520 0.51310
vn -0.12160 -0.51070 0.85110
vn -0.14000 -0.14000 0.98020
vn -0.07080 -0.99050 0.11790
vn -0.25920 -0.86390 0.43190
vn -0.43780 -0.52530 0.72960
vn -0.50900 -0.14540 0.84840
vn -0.11790 -0.99050 0.07080
vn -0.43190 -0.86390 0.25920
vn -0.72960 -0.52530 0.43780
vn -0.84840 -0.14540 0.50900
vn -0.51310 -0.85520 0.07330
vn -0.85110 -0.51070 0.12160
vn -0.98020 -0.14000 0.14000
vn 0.98970 -0.02020 0.14140
vn 0.85520 -0.07330 0.51310
vn 0.51070 -0.12160 0.85110
vn 0.14000 -0.14000 0.98020
vn 0.99050 -0.07070 0.11790
vn 0.86390 -0.25920 0.43190
vn 0.52530 -0.43780 0.72960
vn 0.14540 -0.50900 0.84840
vn 0.99050 -0.11790 0.07070
vn 0.86390 -0.43190 0.25920
vn 0.52530 -0.72960 0.43780
vn 0.14540 -0.84840 0.50900
vn 0.85520 -0.51310 0.07330
vn 0.51070 -0.85110 0.12160
vn 0.14000 -0.98020 0.14000
vn -0.98970 0.02020 0.14140
vn -0.85520 0.07330 0.51310
vn -0.51070 0.12160 0.85110
vn -0.14000 0.14000 0.98020
vn -0.99050 0.07070 0.11790
vn -0.86390 0.25920 0.43190
vn -0.52530 0.43780 0.72960
vn -0.14540 0.50900 0.84840
vn -0.99050 0.11790 0.07070
vn -0.86390 0.43190 0.25920
vn -0.52530 0.72960 0.43780
vn -0.14540 0.84840 0.50900
vn -0.85520 0.51310 0.07330
vn -0.51070 0.85110 0.12160
vn -0.14000 0.98020 0.14000
vn 0.02020 0.98970 0.14140
vn 0.07330 0.85520 0.51310
vn 0.12160 0.51070 0.85110
vn 0.14000 0.14000 0.98020
vn 0.07080 0.99050 0.11790
vn 0.25920 0.86390 0.43190
vn 0.43780 0.52530 0.72960
vn 0.50900 0.14540 0.84840
vn 0.11790 0.99050 0.07080
vn 0.43190 0.86390 0.25920
vn 0.72960 0.52530 0.43780
vn 0.84840 0.14540 0.50900
vn 0.51310 0.85520 0.07330
vn 0.85110 0.51070 0.12160
vn 0.98020 0.14000 0.14000
vn -0.51450 0.00000 -0.85750
vn -0.85750 0.00000 -0.51450
vn -0.98990 0.00000 -0.14140
vn 0.00000 0.51450 -0.85750
vn 0.00000 0.85750 -0.51450
vn 0.00000 0.98990 -0.14140
vn 0.51450 0.00000 -0.85750
vn 0.85750 0.00000 -0.51450
vn 0.98990 0.00000 -0.14140
vn 0.00000 -0.51450 -0.85750
vn 0.00000 -0.85750 -0.51450
vn 0.00000 -0.98990 -0.14140
vn -0.00000 -0.51450 0.85750
vn -0.00000 -0.85750 0.51450
vn -0.00000 -0.98990 0.14140
vn 0.51450 -0.00000 0.85750
vn 0.85750 -0.00000 0.51450
vn 0.98990 -0.00000 0.14140
vn 0.00000 0.51450 0.85750
vn 0.00000 0.85750 0.51450
vn 0.00000 0.98990 0.14140
vn -0.51450 0.00000 0.85750
vn -0.85750 0.00000 0.51450
vn -0.98990 -0.00000 0.14140
vn 0.51450 -0.85750 -0.00000
vn 0.85750 -0.51450 -0.00000
vn 0.98990 -0.14140 -0.00000
vn -0.51450 -0.85750 -0.00000
vn -0.85750 -0.51450 -0.00000
vn -0.98990 -0.14140 -0.00000
vn 0.85750 0.51450 -0.00000
vn 0.51450 0.85750 -0.00000
vn 0.14140 0.98990 -0.00000
vn -0.51450 0.85750 0.00000
vn -0.85750 0.51450 0.00000
vn -0.98990 0.14140 0.00000
vn 1.00000 0.00000 0.00000
vn 0.97380 0.22720 0.00000
vn 0.89820 0.43950 0.00000
vn 0.78010 0.62570 0.00000
vn 0.62570 0.78010 0.00000
vn 0.43950 0.89820 0.00000
vn 0.22720 0.97380 0.00000
vn -0.00000 1.00000 0.00000
vn -0.22720 0.97380 0.00000
vn -0.43950 0.89820 0.00000
vn -0.62570 0.78010 0.00000
vn -0.78010 0.62570 0.00000
vn -0.89820 0.43950 0.00000
vn -0.97380 0.22720 0.00000
vn -1.00000 -0.00000 -0.00000
vn -0.97380 -0.22720 -0.00000
vn -0.89820 -0.43950 -0.00000
vn -0.78010 -0.62570 -0.00000
vn -0.62570 -0.78010 -0.00000
vn -0.43950 -0.89820 -0.00000
vn -0.22720 -0.97380 -0.00000
vn 0.00000 -1.00000 -0.00000
vn 0.22720 -0.97380 -0.00000
vn 0.43950 -0.89820 -0.00000
vn 0.62570 -0.78010 -0.00000
vn 0.78010 -0.62570 -0.00000
vn 0.89820 -0.43950 -0.00000
vn 0.97380 -0.22720 -0.00000
vn 0.00000 0.00000 -1.00000
vn 0.00000 -0.00000 1.00000
vn 0.00000 0.00000 -1.00000
vn 0.00000 -0.00000 1.00000
vn 0.00000 -1.00000 -0.00000
vn 1.00000 0.00000 -0.00000
vn 0.00000 1.00000 0.00000
vn -1.00000 0.00000 -0.00000
vn -0.02020 -0.98970 -0.14140
vn 0.02020 -0.14140 -0.98970
vn -0.98970 0.02020 -0.14140
vn 0.14140 0.02020 -0.98970
vn -0.14140 -0.98970 0.02020
vn 0.98970 -0.14140 0.02020
vn -0.98970 0.14140 0.02020
vn 0.14140 0.98970 0.02020
vn -0.14140 0.00000 -0.98990
vn 0.00000 0.14140 -0.98990
vn 0.14140 0.00000 -0.98990
vn 0.00000 -0.14140 -0.98990
vn -0.00000 -0.14140 0.98990
vn 0.14140 -0.00000 0.98990
vn 0.00000 0.14140 0.98990
vn -0.14140 -0.00000 0.98990
vn 0.14140 -0.98990 -0.00000
vn -0.14140 -0.98990 -0.00000
vn 0.98990 0.14140 -0.00000
vn -0.14140 0.98990 0.00000
vn -0.14140 -0.98970 -0.02020
vn -0.51310 -0.85520 -0.07330
vn -0.85110 -0.51070 -0.12160
vn -0.98020 -0.14000 -0.14000
vn -0.11790 -0.99050 -0.07080
vn -0.43190 -0.86390 -0.25920
vn -0.72960 -0.52530 -0.43780
vn -0.84840 -0.14540 -0.50900
vn -0.07080 -0.99050 -0.11790
vn -0.25920 -0.86390 -0.43190
vn -0.43780 -0.52530 -0.72960
vn -0.50900 -0.14540 -0.84840
vn -0.07330 -0.85520 -0.51310
vn -0.12160 -0.51070 -0.85110
vn -0.14000 -0.14000 -0.98020
vn 0.14140 -0.02020 -0.98970
vn 0.51310 -0.07330 -0.85520
vn 0.85110 -0.12160 -0.51070
vn 0.98020 -0.14000 -0.14000
vn 0.11790 -0.07080 -0.99050
vn 0.43190 -0.25920 -0.86390
vn 0.72960 -0.43780 -0.52530
vn 0.84840 -0.50900 -0.14540
vn 0.07070 -0.11790 -0.99050
vn 0.25920 -0.43190 -0.86390
vn 0.43780 -0.72960 -0.52530
vn 0.50900 -0.84840 -0.14540
vn 0.07330 -0.51310 -0.85520
vn 0.12160 -0.85110 -0.51070
vn 0.14000 -0.98020 -0.14000
vn -0.98970 0.14140 -0.02020
vn -0.85520 0.51310 -0.07330
vn -0.51070 0.85110 -0.12160
vn -0.14000 0.98020 -0.14000
vn -0.99050 0.11790 -0.07070
vn -0.86390 0.43190 -0.25920
vn -0.52530 0.72960 -0.43780
vn -0.14540 0.84840 -0.50900
vn -0.99050 0.07070 -0.11790
vn -0.86390 0.25920 -0.43190
vn -0.52530 0.43780 -0.72960
vn -0.14540 0.50900 -0.84840
vn -0.85520 0.07330 -0.51310
vn -0.51070 0.12160 -0.85110
vn -0.14000 0.14000 -0.98020
vn 0.02020 0.14140 -0.98970
vn 0.07330 0.51310 -0.85520
vn 0.12160 0.85110 -0.51070
vn 0.14000 0.98020 -0.14000
vn 0.07070 0.11790 -0.99050
vn 0.25920 0.43190 -0.86390
vn 0.43780 0.72960 -0.52530
vn 0.50900 0.84840 -0.14540
vn 0.11790 0.07080 -0.99050
vn 0.43190 0.25920 -0.86390
vn 0.72960 0.43780 -0.52530
vn 0.84840 0.50900 -0.14540
vn 0.51310 0.07330 -0.85520
vn 0.85110 0.12160 -0.51070
vn 0.98020 0.14000 -0.14000
vn -0.02020 -0.98970 0.14140
vn -0.07330 -0.85520 0.51310
vn -0.12160 -0.51070 0.85110
vn -0.14000 -0.14000 0.98020
vn -0.07080 -0.99050 0.11790
vn -0.25920 -0.86390 0.43190
vn -0.43780 -0.52530 0.72960
vn -0.50900 -0.14540 0.84840
vn -0.11790 -0.99050 0.07080
vn -0.43190 -0.86390 0.25920
vn -0.72960 -0.52530 0.43780
vn -0.84840 -0.14540 0.50900
vn -0.51310 -0.85520 0.07330
vn -0.85110 -0.51070 0.12160
vn -0.98020 -0.14000 0.14000
vn 0.98970 -0.02020 0.14140
vn 0.85520 -0.07330 0.51310
vn 0.51070 -0.12160 0.85110
vn 0.14000 -0.14000 0.98020
vn 0.99050 -0.07070 0.11790
vn 0.86390 -0.25920 0.43190
vn 0.52530 -0.43780 0.72960
vn 0.14540 -0.50900 0.84840
vn 0.99050 -0.11790 0.07070
vn 0.86390 -0.43190 0.25920
vn 0.52530 -0.72960 0.43780
vn 0.14540 -0.84840 0.50900
vn 0.85520 -0.51310 0.07330
vn 0.51070 -0.85110 0.12160
vn 0.14000 -0.98020 0.14000
vn -0.98970 0.02020 0.14140
vn -0.85520 0.07330 0.51310
vn -0.51070 0.12160 0.85110
vn -0.14000 0.14000 0.98020
vn -0.99050 0.07070 0.11790
vn -0.86390 0.25920 0.43190
vn -0.52530 0.43780 0.72960
vn -0.14540 0.50900 0.84840
vn -0.99050 0.11790 0.07070
vn -0.86390 0.43190 0.25920
vn -0.52530 0.72960 0.43780
vn -0.14540 0.84840 0.50900
vn -0.85520 0.51310 0.07330
vn -0.51070 0.85110 0.12160
vn -0.14000 0.98020 0.14000
vn 0.02020 0.98970 0.14140
vn 0.07330 0.85520 0.51310
vn 0.12160 0.51070 0.85110
vn 0.14000 0.14000 0.98020
vn 0.07080 0.99050 0.11790
vn 0.25920 0.86390 0.43190
vn 0.43780 0.52530 0.72960
vn 0.50900 0.14540 0.84840
vn 0.11790 0.99050 0.07080
vn 0.43190 0.86390 0.25920
vn 0.72960 0.52530 0.43780
vn 0.84840 0.14540 0.50900
vn 0.51310 0.85520 0.07330
vn 0.85110 0.51070 0.12160
vn 0.98020 0.14000 0.14000
vn -0.51450 0.00000 -0.85750
vn -0.85750 0.00000 -0.51450
vn -0.98990 0.00000 -0.14140
vn 0.00000 0.51450 -0.85750
vn 0.00000 0.85750 -0.51450
vn 0.00000 0.98990 -0.14140
vn 0.51450 0.00000 -0.85750
vn 0.85750 0.00000 -0.51450
vn 0.98990 0.00000 -0.14140
vn 0.00000 -0.51450 -0.85750
vn 0.00000 -0.85750 -0.51450
vn 0.00000 -0.98990 -0.14140
vn -0.00000 -0.51450 0.85750
vn -0.00000 -0.85750 0.51450
vn -0.00000 -0.98990 0.14140
vn 0.51450 -0.00000 0.85750
vn 0.85750 -0.00000 0.51450
vn 0.98990 -0.00000 0.14140
vn 0.00000 0.51450 0.85750
vn 0.00000 0.85750 0.51450
vn 0.00000 0.98990 0.14140
vn -0.51450 0.00000 0.85750
vn -0.85750 0.00000 0.51450
vn -0.98990 -0.00000 0.14140
vn 0.51450 -0.85750 -0.00000
vn 0.85750 -0.51450 -0.00000
vn 0.98990 -0.14140 -0.00000
vn -0.51450 -0.85750 -0.00000
vn -0.85750 -0.51450 -0.00000
vn -0.98990 -0.14140 -0.00000
vn 0.85750 0.51450 -0.00000
vn 0.51450 0.85750 -0.00000
vn 0.14140 0.98990 -0.00000
vn -0.51450 0.85750 0.00000
vn -0.85750 0.51450 0.00000
vn -0.98990 0.14140 0.00000
vn 0.00000 0.00000 -1.00000
vn 0.00000 -0.00000 1.00000
vn 0.00000 -1.00000 -0.00000
vn 1.00000 0.00000 -0.00000
vn 0.00000 1.00000 0.00000
vn -1.00000 0.00000 -0.00000
vn -0.02020 -0.98970 -0.14140
vn 0.02020 -0.14140 -0.98970
vn -0.98970 0.02020 -0.14140
vn 0.14140 0.02020 -0.98970
vn -0.14140 -0.98970 0.02020
vn 0.98970 -0.14140 0.02020
vn -0.98970 0.14140 0.02020
vn 0.14140 0.98970 0.02020
vn -0.14140 0.00000 -0.98990
vn 0.00000 0.14140 -0.98990
vn 0.14140 0.00000 -0.98990
vn 0.00000 -0.14140 -0.98990
vn -0.00000 -0.14140 0.98990
vn 0.14140 -0.00000 0.98990
vn 0.00000 0.14140 0.98990
vn -0.14140 -0.00000 0.98990
vn 0.14140 -0.98990 -0.00000
vn -0.14140 -0.98990 -0.00000
vn 0.98990 0.14140 -0.00000
vn -0.14140 0.98990 0.00000
vn -0.14140 -0.98970 -0.02020
vn -0.51310 -0.85520 -0.07330
vn -0.85110 -0.51070 -0.12160
vn -0.98020 -0.14000 -0.14000
vn -0.11790 -0.99050 -0.07080
vn -0.43190 -0.86390 -0.25920
vn -0.72960 -0.52530 -0.43780
vn -0.84840 -0.14540 -0.50900
vn -0.07080 -0.99050 -0.11790
vn -0.25920 -0.86390 -0.43190
vn -0.43780 -0.52530 -0.72960
vn -0.50900 -0.14540 -0.84840
vn -0.07330 -0.85520 -0.51310
vn -0.12160 -0.51070 -0.85110
vn -0.14000 -0.14000 -0.98020
vn 0.14140 -0.02020 -0.98970
vn 0.51310 -0.07330 -0.85520
vn 0.85110 -0.12160 -0.51070
vn 0.98020 -0.14000 -0.14000
vn 0.11790 -0.07080 -0.99050
vn 0.43190 -0.25920 -0.86390
vn 0.72960 -0.43780 -0.52530
vn 0.84840 -0.50900 -0.14540
vn 0.07070 -0.11790 -0.99050
vn 0.25920 -0.43190 -0.86390
vn 0.43780 -0.72960 -0.52530
vn 0.50900 -0.84840 -0.14540
vn 0.07330 -0.51310 -0.85520
vn 0.12160 -0.85110 -0.51070
vn 0.14000 -0.98020 -0.14000
vn -0.98970 0.14140 -0.02020
vn -0.85520 0.51310 -0.07330
vn -0.51070 0.85110 -0.12160
vn -0.14000 0.98020 -0.14000
vn -0.99050 0.11790 -0.07070
vn -0.86390 0.43190 -0.25920
vn -0.52530 0.72960 -0.43780
vn -0.14540 0.84840 -0.50900
vn -0.99050 0.07070 -0.11790
vn -0.86390 0.25920 -0.43190
vn -0.52530 0.43780 -0.72960
vn -0.14540 0.50900 -0.84840
vn -0.85520 0.07330 -0.51310
vn -0.51070 0.12160 -0.85110
vn -0.14000 0.14000 -0.98020
vn 0.02020 0.14140 -0.98970
vn 0.07330 0.51310 -0.85520
vn 0.12160 0.85110 -0.51070
vn 0.14000 0.98020 -0.14000
vn 0.07070 0.11790 -0.99050
vn 0.25920 0.43190 -0.86390
vn 0.43780 0.72960 -0.52530
vn 0.50900 0.84840 -0.14540
vn 0.11790 0.07080 -0.99050
vn 0.43190 0.25920 -0.86390
vn 0.72960 0.43780 -0.52530
vn 0.84840 0.50900 -0.14540
vn 0.51310 0.07330 -0.85520
vn 0.85110 0.12160 -0.51070
vn 0.98020 0.14000 -0.14000
vn -0.02020 -0.98970 0.14140
vn -0.07330 -0.85520 0.51310
vn -0.12160 -0.51070 0.85110
vn -0.14000 -0.14000 0.98020
vn -0.07080 -0.99050 0.11790
vn -0.25920 -0.86390 0.43190
vn -0.43780 -0.52530 0.72960
vn -0.50900 -0.14540 0.84840
vn -0.11790 -0.99050 0.07080
vn -0.43190 -0.86390 0.25920
vn -0.72960 -0.52530 0.43780
vn -0.84840 -0.14540 0.50900
vn -0.51310 -0.85520 0.07330
vn -0.85110 -0.51070 0.12160
vn -0.98020 -0.14000 0.14000
vn 0.98970 -0.02020 0.14140
vn 0.85520 -0.07330 0.51310
vn 0.51070 -0.12160 0.85110
vn 0.14000 -0.14000 0.98020
vn 0.99050 -0.07070 0.11790
vn 0.86390 -0.25920 0.43190
vn 0.52530 -0.43780 0.72960
vn 0.14540 -0.50900 0.84840
vn 0.99050 -0.11790 0.07070
vn 0.86390 -0.43190 0.25920
vn 0.52530 -0.72960 0.43780
vn 0.14540 -0.84840 0.50900
vn 0.85520 -0.51310 0.07330
vn 0.51070 -0.85110 0.12160
vn 0.14000 -0.98020 0.14000
vn -0.98970 0.02020 0.14140
vn -0.85520 0.07330 0.51310
vn -0.51070 0.12160 0.85110
vn -0.14000 0.14000 0.98020
vn -0.99050 0.07070 0.11790
vn -0.86390 0.25920 0.43190
vn -0.52530 0.43780 0.72960
vn -0.14540 0.50900 0.84840
vn -0.99050 0.11790 0.07070
vn -0.86390 0.43190 0.25920
vn -0.52530 0.72960 0.43780
vn -0.14540 0.84840 0.50900
vn -0.85520 0.51310 0.07330
vn -0.51070 0.85110 0.12160
vn -0.14000 0.98020 0.14000
vn 0.02020 0.98970 0.14140
vn 0.07330 0.85520 0.51310
vn 0.12160 0.51070 0.85110
vn 0.14000 0.14000 0.98020
vn 0.07080 0.99050 0.11790
vn 0.25920 0.86390 0.43190
vn 0.43780 0.52530 0.72960
vn 0.50900 0.14540 0.84840
vn 0.11790 0.99050 0.07080
vn 0.43190 0.86390 0.25920
vn 0.72960 0.52530 0.43780
vn 0.84840 0.14540 0.50900
vn 0.51310 0.85520 0.07330
vn 0.85110 0.51070 0.12160
vn 0.98020 0.14000 0.14000
vn -0.51450 0.00000 -0.85750
vn -0.85750 0.00000 -0.51450
vn -0.98990 0.00000 -0.14140
vn 0.00000 0.51450 -0.85750
vn 0.00000 0.85750 -0.51450
vn 0.00000 0.98990 -0.14140
vn 0.51450 0.00000 -0.85750
vn 0.85750 0.00000 -0.51450
vn 0.98990 0.00000 -0.14140
vn 0.00000 -0.51450 -0.85750
vn 0.00000 -0.85750 -0.51450
vn 0.00000 -0.98990 -0.14140
vn -0.00000 -0.51450 0.85750
vn -0.00000 -0.85750 0.51450
vn -0.00000 -0.98990 0.14140
vn 0.51450 -0.00000 0.85750
vn 0.85750 -0.00000 0.51450
vn 0.98990 -0.00000 0.14140
vn 0.00000 0.51450 0.85750
vn 0.00000 0.85750 0.51450
vn 0.00000 0.98990 0.14140
vn -0.51450 0.00000 0.85750
vn -0.85750 0.00000 0.51450
vn -0.98990 -0.00000 0.14140
vn 0.51450 -0.85750 -0.00000
vn 0.85750 -0.51450 -0.00000
vn 0.98990 -0.14140 -0.00000
vn -0.51450 -0.85750 -0.00000
vn -0.85750 -0.51450 -0.00000
vn -0.98990 -0.14140 -0.00000
vn 0.85750 0.51450 -0.00000
vn 0.51450 0.85750 -0.00000
vn 0.14140 0.98990 -0.00000
vn -0.51450 0.85750 0.00000
vn -0.85750 0.51450 0.00000
vn -0.98990 0.14140 0.00000
vn 0.00000 0.00000 -1.00000
vn 0.00000 -0.00000 1.00000
vn 0.00000 -1.00000 -0.00000
vn 1.00000 0.00000 -0.00000
vn 0.00000 1.00000 0.00000
vn -1.00000 0.00000 -0.00000
vn -0.02020 -0.98970 -0.14140
vn 0.02020 -0.14140 -0.98970
vn -0.98970 0.02020 -0.14140
vn 0.14140 0.02020 -0.98970
vn -0.14140 -0.98970 0.02020
vn 0.98970 -0.14140 0.02020
vn -0.98970 0.14140 0.02020
vn 0.14140 0.98970 0.02020
vn -0.14140 0.00000 -0.98990
vn 0.00000 0.14140 -0.98990
vn 0.14140 0.00000 -0.98990
vn 0.00000 -0.14140 -0.98990
vn -0.00000 -0.14140 0.98990
vn 0.14140 -0.00000 0.98990
vn 0.00000 0.14140 0.98990
vn -0.14140 -0.00000 0.98990
vn 0.14140 -0.98990 -0.00000
vn -0.14140 -0.98990 -0.00000
vn 0.98990 0.14140 -0.00000
vn -0.14140 0.98990 0.00000
vn -0.14140 -0.98970 -0.02020
vn -0.51310 -0.85520 -0.07330
vn -0.85110 -0.51070 -0.12160
vn -0.98020 -0.14000 -0.14000
vn -0.11790 -0.99050 -0.07080
vn -0.43190 -0.86390 -0.25920
vn -0.72960 -0.52530 -0.43780
vn -0.84840 -0.14540 -0.50900
vn -0.07080 -0.99050 -0.11790
vn -0.25920 -0.86390 -0.43190
vn -0.43780 -0.52530 -0.72960
vn -0.50900 -0.14540 -0.84840
vn -0.07330 -0.85520 -0.51310
vn -0.12160 -0.51070 -0.85110
vn -0.14000 -0.14000 -0.98020
vn 0.14140 -0.02020 -0.98970
vn 0.51310 -0.07330 -0.85520
vn 0.85110 -0.12160 -0.51070
vn 0.98020 -0.14000 -0.14000
vn 0.11790 -0.07080 -0.99050
vn 0.43190 -0.25920 -0.86390
vn 0.72960 -0.43780 -0.52530
vn 0.84840 -0.50900 -0.14540
vn 0.07070 -0.11790 -0.99050
vn 0.25920 -0.43190 -0.86390
vn 0.43780 -0.72960 -0.52530
vn 0.50900 -0.84840 -0.14540
vn 0.07330 -0.51310 -0.85520
vn 0.12160 -0.85110 -0.51070
vn 0.14000 -0.98020 -0.14000
vn -0.98970 0.14140 -0.02020
vn -0.85520 0.51310 -0.07330
vn -0.51070 0.85110 -0.12160
vn -0.14000 0.98020 -0.14000
vn -0.99050 0.11790 -0.07070
vn -0.86390 0.43190 -0.25920
vn -0.52530 0.72960 -0.43780
vn -0.14540 0.84840 -0.50900
vn -0.99050 0.07070 -0.11790
vn -0.86390 0.25920 -0.43190
vn -0.52530 0.43780 -0.72960
vn -0.14540 0.50900 -0.84840
vn -0.85520 0.07330 -0.51310
vn -0.51070 0.12160 -0.85110
vn -0.14000 0.14000 -0.98020
vn 0.02020 0.14140 -0.98970
vn 0.07330 0.51310 -0.85520
vn 0.12160 0.85110 -0.51070
vn 0.14000 0.98020 -0.14000
vn 0.07070 0.11790 -0.99050
vn 0.25920 0.43190 -0.86390
vn 0.43780 0.72960 -0.52530
vn 0.50900 0.84840 -0.14540
vn 0.11790 0.07080 -0.99050
vn 0.43190 0.25920 -0.86390
vn 0.72960 0.43780 -0.52530
vn 0.84840 0.50900 -0.14540
vn 0.51310 0.07330 -0.85520
vn 0.85110 0.12160 -0.51070
vn 0.98020 0.14000 -0.14000
vn -0.02020 -0.98970 0.14140
vn -0.07330 -0.85520 0.51310
vn -0.12160 -0.51070 0.85110
vn -0.14000 -0.14000 0.98020
vn -0.07080 -0.99050 0.11790
vn -0.25920 -0.86390 0.43190
vn -0.43780 -0.52530 0.72960
vn -0.50900 -0.14540 0.84840
vn -0.11790 -0.99050 0.07080
vn -0.43190 -0.86390 0.25920
vn -0.72960 -0.52530 0.43780
vn -0.84840 -0.14540 0.50900
vn -0.51310 -0.85520 0.07330
vn -0.85110 -0.51070 0.12160
vn -0.98020 -0.14000 0.14000
vn 0.98970 -0.02020 0.14140
vn 0.85520 -0.07330 0.51310
vn 0.51070 -0.12160 0.85110
vn 0.14000 -0.14000 0.98020
vn 0.99050 -0.07070 0.11790
vn 0.86390 -0.25920 0.43190
vn 0.52530 -0.43780 0.72960
vn 0.14540 -0.50900 0.84840
vn 0.99050 -0.11790 0.07070
vn 0.86390 -0.43190 0.25920
vn 0.52530 -0.72960 0.43780
vn 0.14540 -0.84840 0.50900
vn 0.85520 -0.51310 0.07330
vn 0.51070 -0.85110 0.12160
vn 0.14000 -0.98020 0.14000
vn -0.98970 0.02020 0.14140
vn -0.85520 0.07330 0.51310
vn -0.51070 0.12160 0.85110
vn -0.14000 0.14000 0.98020
vn -0.99050 0.07070 0.11790
vn -0.86390 0.25920 0.43190
vn -0.52530 0.43780 0.72960
vn -0.14540 0.50900 0.84840
vn -0.99050 0.11790 0.07070
vn -0.86390 0.43190 0.25920
vn -0.52530 0.72960 0.43780
vn -0.14540 0.84840 0.50900
vn -0.85520 0.51310 0.07330
vn -0.51070 0.85110 0.12160
vn -0.14000 0.98020 0.14000
vn 0.02020 0.98970 0.14140
vn 0.07330 0.85520 0.51310
vn 0.12160 0.51070 0.85110
vn 0.14000 0.14000 0.98020
vn 0.07080 0.99050 0.11790
vn 0.25920 0.86390 0.43190
vn 0.43780 0.52530 0.72960
vn 0.50900 0.14540 0.84840
vn 0.11790 0.99050 0.07080
vn 0.43190 0.86390 0.25920
vn 0.72960 0.52530 0.43780
vn 0.84840 0.14540 0.50900
vn 0.51310 0.85520 0.07330
vn 0.85110 0.51070 0.12160
vn 0.98020 0.14000 0.14000
vn -0.51450 0.00000 -0.85750
vn -0.85750 0.00000 -0.51450
vn -0.98990 0.00000 -0.14140
vn 0.00000 0.51450 -0.85750
vn 0.00000 0.85750 -0.51450
vn 0.00000 0.98990 -0.14140
vn 0.51450 0.00000 -0.85750
vn 0.85750 0.00000 -0.51450
vn 0.98990 0.00000 -0.14140
vn 0.00000 -0.51450 -0.85750
vn 0.00000 -0.85750 -0.51450
vn 0.00000 -0.98990 -0.14140
vn -0.00000 -0.51450 0.85750
vn -0.00000 -0.85750 0.51450
vn -0.00000 -0.98990 0.14140
vn 0.51450 -0.00000 0.85750
vn 0.85750 -0.00000 0.51450
vn 0.98990 -0.00000 0.14140
vn 0.00000 0.51450 0.85750
vn 0.00000 0.85750 0.51450
vn 0.00000 0.98990 0.14140
vn -0.51450 0.00000 0.85750
vn -0.85750 0.00000 0.51450
vn -0.98990 -0.00000 0.14140
vn 0.51450 -0.85750 -0.00000
vn 0.85750 -0.51450 -0.00000
vn 0.98990 -0.14140 -0.00000
vn -0.51450 -0.85750 -0.00000
vn -0.85750 -0.51450 -0.00000
vn -0.98990 -0.14140 -0.00000
vn 0.85750 0.51450 -0.00000
vn 0.51450 0.85750 -0.00000
vn 0.14140 0.98990 -0.00000
vn -0.51450 0.85750 0.00000
vn -0.85750 0.51450 0.00000
vn -0.98990 0.14140 0.00000
vn 0.00000 -0.00000 1.00000
vn 0.00000 0.05480 0.99850
vn -0.00540 0.05450 0.99850
vn -0.01070 0.05370 0.99850
vn -0.01590 0.05240 0.99850
vn -0.02100 0.05060 0.99850
vn -0.02580 0.04830 0.99850
vn -0.03040 0.04560 0.99850
vn -0.03480 0.04240 0.99850
vn -0.03870 0.03870 0.99850
vn -0.04240 0.03480 0.99850
vn -0.04560 0.03040 0.99850
vn -0.04830 0.02580 0.99850
vn -0.05060 0.02100 0.99850
vn -0.05240 0.01590 0.99850
vn -0.05370 0.01070 0.99850
vn -0.05450 0.00540 0.99850
vn -0.05480 -0.00000 0.99850
vn -0.05450 -0.00540 0.99850
vn -0.05370 -0.01070 0.99850
vn -0.05240 -0.01590 0.99850
vn -0.05060 -0.02100 0.99850
vn -0.04830 -0.02580 0.99850
vn -0.04560 -0.03040 0.99850
vn -0.04240 -0.03480 0.99850
vn -0.03870 -0.03870 0.99850
vn -0.03480 -0.04240 0.99850
vn -0.03040 -0.04560 0.99850
vn -0.02580 -0.04830 0.99850
vn -0.02100 -0.05060 0.99850
vn -0.01590 -0.05240 0.99850
vn -0.01070 -0.05370 0.99850
vn -0.00540 -0.05450 0.99850
vn 0.00000 -0.05480 0.99850
vn 0.00540 -0.05450 0.99850
vn 0.01070 -0.05370 0.99850
vn 0.01590 -0.05240 0.99850
vn 0.02100 -0.05060 0.99850
vn 0.02580 -0.04830 0.99850
vn 0.03040 -0.04560 0.99850
vn 0.03480 -0.04240 0.99850
vn 0.03870 -0.03870 0.99850
vn 0.04240 -0.03480 0.99850
vn 0.04560 -0.03040 0.99850
vn 0.04830 -0.02580 0.99850
vn 0.05060 -0.02100 0.99850
vn 0.05240 -0.01590 0.99850
vn 0.05370 -0.01070 0.99850
vn 0.05450 -0.00540 0.99850
vn 0.05480 -0.00000 0.99850
vn 0.05450 0.00540 0.99850
vn 0.05370 0.01070 0.99850
vn 0.05240 0.01590 0.99850
vn 0.05060 0.02100 0.99850
vn 0.04830 0.02580 0.99850
vn 0.04560 0.03040 0.99850
vn 0.04240 0.03480 0.99850
vn 0.03870 0.03870 0.99850
vn 0.03480 0.04240 0.99850
vn 0.03040 0.04560 0.99850
vn 0.02580 0.04830 0.99850
vn 0.02100 0.05060 0.99850
vn 0.01590 0.05240 0.99850
vn 0.01070 0.05370 0.99850
vn 0.00540 0.05450 0.99850
vn 0.00000 0.00000 -1.00000
vn 0.00000 -0.00000 1.00000
vn 0.00000 -1.00000 -0.00000
vn 1.00000 0.00000 -0.00000
vn 0.00000 1.00000 0.00000
vn -1.00000 0.00000 -0.00000
vn -0.02020 -0.98970 -0.14140
vn 0.02020 -0.14140 -0.98970
vn -0.98970 0.02020 -0.14140
vn 0.14140 0.02020 -0.98970
vn -0.14140 -0.98970 0.02020
vn 0.98970 -0.14140 0.02020
vn -0.98970 0.14140 0.02020
vn 0.14140 0.98970 0.02020
vn -0.14140 0.00000 -0.98990
vn 0.00000 0.14140 -0.98990
vn 0.14140 0.00000 -0.98990
vn 0.00000 -0.14140 -0.98990
vn -0.00000 -0.14140 0.98990
vn 0.14140 -0.00000 0.98990
vn 0.00000 0.14140 0.98990
vn -0.14140 -0.00000 0.98990
vn 0.14140 -0.98990 -0.00000
vn -0.14140 -0.98990 -0.00000
vn 0.98990 0.14140 -0.00000
vn -0.14140 0.98990 0.00000
vn -0.14140 -0.98970 -0.02020
vn -0.51310 -0.85520 -0.07330
vn -0.85110 -0.51070 -0.12160
vn -0.98020 -0.14000 -0.14000
vn -0.11790 -0.99050 -0.07080
vn -0.43190 -0.86390 -0.25920
vn -0.72960 -0.52530 -0.43780
vn -0.84840 -0.14540 -0.50900
vn -0.07080 -0.99050 -0.11790
vn -0.25920 -0.86390 -0.43190
vn -0.43780 -0.52530 -0.72960
vn -0.50900 -0.14540 -0.84840
vn -0.07330 -0.85520 -0.51310
vn -0.12160 -0.51070 -0.85110
vn -0.14000 -0.14000 -0.98020
vn 0.14140 -0.02020 -0.98970
vn 0.51310 -0.07330 -0.85520
vn 0.85110 -0.12160 -0.51070
vn 0.98020 -0.14000 -0.14000
vn 0.11790 -0.07080 -0.99050
vn 0.43190 -0.25920 -0.86390
vn 0.72960 -0.43780 -0.52530
vn 0.84840 -0.50900 -0.14540
vn 0.07070 -0.11790 -0.99050
vn 0.25920 -0.43190 -0.86390
vn 0.43780 -0.72960 -0.52530
vn 0.50900 -0.84840 -0.14540
vn 0.07330 -0.51310 -0.85520
vn 0.12160 -0.85110 -0.51070
vn 0.14000 -0.98020 -0.14000
vn -0.98970 0.14140 -0.02020
vn -0.85520 0.51310 -0.07330
vn -0.51070 0.85110 -0.12160
vn -0.14000 0.98020 -0.14000
vn -0.99050 0.11790 -0.07070
vn -0.86390 0.43190 -0.25920
vn -0.52530 0.72960 -0.43780
vn -0.14540 0.84840 -0.50900
vn -0.99050 0.07070 -0.11790
vn -0.86390 0.25920 -0.43190
vn -0.52530 0.43780 -0.72960
vn -0.14540 0.50900 -0.84840
vn -0.85520 0.07330 -0.51310
vn -0.51070 0.12160 -0.85110
vn -0.14000 0.14000 -0.98020
vn 0.02020 0.14140 -0.98970
vn 0.07330 0.51310 -0.85520
vn 0.12160 0.85110 -0.51070
vn 0.14000 0.98020 -0.14000
vn 0.07070 0.11790 -0.99050
vn 0.25920 0.43190 -0.86390
vn 0.43780 0.72960 -0.52530
vn 0.50900 0.84840 -0.14540
vn 0.11790 0.07080 -0.99050
vn 0.43190 0.25920 -0.86390
vn 0.72960 0.43780 -0.52530
vn 0.84840 0.50900 -0.14540
vn 0.51310 0.07330 -0.85520
vn 0.85110 0.12160 -0.51070
vn 0.98020 0.14000 -0.14000
vn -0.02020 -0.98970 0.14140
vn -0.07330 -0.85520 0.51310
vn -0.12160 -0.51070 0.85110
vn -0.14000 -0.14000 0.98020
vn -0.07080 -0.99050 0.11790
vn -0.25920 -0.86390 0.43190
vn -0.43780 -0.52530 0.72960
vn -0.50900 -0.14540 0.84840
vn -0.11790 -0.99050 0.07080
vn -0.43190 -0.86390 0.25920
vn -0.72960 -0.52530 0.43780
vn -0.84840 -0.14540 0.50900
vn -0.51310 -0.85520 0.07330
vn -0.85110 -0.51070 0.12160
vn -0.98020 -0.14000 0.14000
vn 0.98970 -0.02020 0.14140
vn 0.85520 -0.07330 0.51310
vn 0.51070 -0.12160 0.85110
vn 0.14000 -0.14000 0.98020
vn 0.99050 -0.07070 0.11790
vn 0.86390 -0.25920 0.43190
vn 0.52530 -0.43780 0.72960
vn 0.14540 -0.50900 0.84840
vn 0.99050 -0.11790 0.07070
vn 0.86390 -0.43190 0.25920
vn 0.52530 -0.72960 0.43780
vn 0.14540 -0.84840 0.50900
vn 0.85520 -0.51310 0.07330
vn 0.51070 -0.85110 0.12160
vn 0.14000 -0.98020 0.14000
vn -0.98970 0.02020 0.14140
vn -0.85520 0.07330 0.51310
vn -0.51070 0.12160 0.85110
vn -0.14000 0.14000 0.98020
vn -0.99050 0.07070 0.11790
vn -0.86390 0.25920 0.43190
vn -0.52530 0.43780 0.72960
vn -0.14540 0.50900 0.84840
vn -0.99050 0.11790 0.07070
vn -0.86390 0.43190 0.25920
vn -0.52530 0.72960 0.43780
vn -0.14540 0.84840 0.50900
vn -0.85520 0.51310 0.07330
vn -0.51070 0.85110 0.12160
vn -0.14000 0.98020 0.14000
vn 0.02020 0.98970 0.14140
vn 0.07330 0.85520 0.51310
vn 0.12160 0.51070 0.85110
vn 0.14000 0.14000 0.98020
vn 0.07080 0.99050 0.11790
vn 0.25920 0.86390 0.43190
vn 0.43780 0.52530 0.72960
vn 0.50900 0.14540 0.84840
vn 0.11790 0.99050 0.07080
vn 0.43190 0.86390 0.25920
vn 0.72960 0.52530 0.43780
vn 0.84840 0.14540 0.50900
vn 0.51310 0.85520 0.07330
vn 0.85110 0.51070 0.12160
vn 0.98020 0.14000 0.14000
vn -0.51450 0.00000 -0.85750
vn -0.85750 0.00000 -0.51450
vn -0.98990 0.00000 -0.14140
vn 0.00000 0.51450 -0.85750
vn 0.00000 0.85750 -0.51450
vn 0.00000 0.98990 -0.14140
vn 0.51450 0.00000 -0.85750
vn 0.85750 0.00000 -0.51450
vn 0.98990 0.00000 -0.14140
vn 0.00000 -0.51450 -0.85750
vn 0.00000 -0.85750 -0.51450
vn 0.00000 -0.98990 -0.14140
vn -0.00000 -0.51450 0.85750
vn -0.00000 -0.85750 0.51450
vn -0.00000 -0.98990 0.14140
vn 0.51450 -0.00000 0.85750
vn 0.85750 -0.00000 0.51450
vn 0.98990 -0.00000 0.14140
vn 0.00000 0.51450 0.85750
vn 0.00000 0.85750 0.51450
vn 0.00000 0.98990 0.14140
vn -0.51450 0.00000 0.85750
vn -0.85750 0.00000 0.51450
vn -0.98990 -0.00000 0.14140
vn 0.51450 -0.85750 -0.00000
vn 0.85750 -0.51450 -0.00000
vn 0.98990 -0.14140 -0.00000
vn -0.51450 -0.85750 -0.00000
vn -0.85750 -0.51450 -0.00000
vn -0.98990 -0.14140 -0.00000
vn 0.85750 0.51450 -0.00000
vn 0.51450 0.85750 -0.00000
vn 0.14140 0.98990 -0.00000
vn -0.51450 0.85750 0.00000
vn -0.85750 0.51450 0.00000
vn -0.98990 0.14140 0.00000
vn 0.00000 0.00000 -1.00000
vn 0.00000 -0.00000 1.00000
vn 0.00000 -1.00000 -0.00000
vn 1.00000 0.00000 -0.00000
vn 0.00000 1.00000 0.00000
vn -1.00000 0.00000 -0.00000
vn -0.02020 -0.98970 -0.14140
vn 0.02020 -0.14140 -0.98970
vn -0.98970 0.02020 -0.14140
vn 0.14140 0.02020 -0.98970
vn -0.14140 -0.98970 0.02020
vn 0.98970 -0.14140 0.02020
vn -0.98970 0.14140 0.02020
vn 0.14140 0.98970 0.02020
vn -0.14140 0.00000 -0.98990
vn 0.00000 0.14140 -0.98990
vn 0.14140 0.00000 -0.98990
vn 0.00000 -0.14140 -0.98990
vn -0.00000 -0.14140 0.98990
vn 0.14140 -0.00000 0.98990
vn 0.00000 0.14140 0.98990
vn -0.14140 -0.00000 0.98990
vn 0.14140 -0.98990 -0.00000
vn -0.14140 -0.98990 -0.00000
vn 0.98990 0.14140 -0.00000
vn -0.14140 0.98990 0.00000
vn -0.14140 -0.98970 -0.02020
vn -0.51310 -0.85520 -0.07330
vn -0.85110 -0.51070 -0.12160
vn -0.98020 -0.14000 -0.14000
vn -0.11790 -0.99050 -0.07080
vn -0.43190 -0.86390 -0.25920
vn -0.72960 -0.52530 -0.43780
vn -0.84840 -0.14540 -0.50900
vn -0.07080 -0.99050 -0.11790
vn -0.25920 -0.86390 -0.43190
vn -0.43780 -0.52530 -0.72960
vn -0.50900 -0.14540 -0.84840
vn -0.07330 -0.85520 -0.51310
vn -0.12160 -0.51070 -0.85110
vn -0.14000 -0.14000 -0.98020
vn 0.14140 -0.02020 -0.98970
vn 0.51310 -0.07330 -0.85520
vn 0.85110 -0.12160 -0.51070
vn 0.98020 -0.14000 -0.14000
vn 0.11790 -0.07080 -0.99050
vn 0.43190 -0.25920 -0.86390
vn 0.72960 -0.43780 -0.52530
vn 0.84840 -0.50900 -0.14540
vn 0.07070 -0.11790 -0.99050
vn 0.25920 -0.43190 -0.86390
vn 0.43780 -0.72960 -0.52530
vn 0.50900 -0.84840 -0.14540
vn 0.07330 -0.51310 -0.85520
vn 0.12160 -0.85110 -0.51070
vn 0.14000 -0.98020 -0.14000
vn -0.98970 0.14140 -0.02020
vn -0.85520 0.51310 -0.07330
vn -0.51070 0.85110 -0.12160
vn -0.14000 0.98020 -0.14000
vn -0.99050 0.11790 -0.07070
vn -0.86390 0.43190 -0.25920
vn -0.52530 0.72960 -0.43780
vn -0.14540 0.84840 -0.50900
vn -0.99050 0.07070 -0.11790
vn -0.86390 0.25920 -0.43190
vn -0.52530 0.43780 -0.72960
vn -0.14540 0.50900 -0.84840
vn -0.85520 0.07330 -0.51310
vn -0.51070 0.12160 -0.85110
vn -0.14000 0.14000 -0.98020
vn 0.02020 0.14140 -0.98970
vn 0.07330 0.51310 -0.85520
vn 0.12160 0.85110 -0.51070
vn 0.14000 0.98020 -0.14000
vn 0.07070 0.11790 -0.99050
vn 0.25920 0.43190 -0.86390
vn 0.43780 0.72960 -0.52530
vn 0.50900 0.84840 -0.14540
vn 0.11790 0.07080 -0.99050
vn 0.43190 0.25920 -0.86390
vn 0.72960 0.43780 -0.52530
vn 0.84840 0.50900 -0.14540
vn 0.51310 0.07330 -0.85520
vn 0.85110 0.12160 -0.51070
vn 0.98020 0.14000 -0.14000
vn -0.02020 -0.98970 0.14140
vn -0.07330 -0.85520 0.51310
vn -0.12160 -0.51070 0.85110
vn -0.14000 -0.14000 0.98020
vn -0.07080 -0.99050 0.11790
vn -0.25920 -0.86390 0.43190
vn -0.43780 -0.52530 0.72960
vn -0.50900 -0.14540 0.84840
vn -0.11790 -0.99050 0.07080
vn -0.43190 -0.86390 0.25920
vn -0.72960 -0.52530 0.43780
vn -0.84840 -0.14540 0.50900
vn -0.51310 -0.85520 0.07330
vn -0.85110 -0.51070 0.12160
vn -0.98020 -0.14000 0.14000
vn 0.98970 -0.02020 0.14140
vn 0.85520 -0.07330 0.51310
vn 0.51070 -0.12160 0.85110
vn 0.14000 -0.14000 0.98020
vn 0.99050 -0.07070 0.11790
vn 0.86390 -0.25920 0.43190
vn 0.52530 -0.43780 0.72960
vn 0.14540 -0.50900 0.84840
vn 0.99050 -0.11790 0.07070
vn 0.86390 -0.43190 0.25920
vn 0.52530 -0.72960 0.43780
vn 0.14540 -0.84840 0.50900
vn 0.85520 -0.51310 0.07330
vn 0.51070 -0.85110 0.12160
vn 0.14000 -0.98020 0.14000
vn -0.98970 0.02020 0.14140
vn -0.85520 0.07330 0.51310
vn -0.51070 0.12160 0.85110
vn -0.14000 0.14000 0.98020
vn -0.99050 0.07070 0.11790
vn -0.86390 0.25920 0.43190
vn -0.52530 0.43780 0.72960
vn -0.14540 0.50900 0.84840
vn -0.99050 0.11790 0.07070
vn -0.86390 0.43190 0.25920
vn -0.52530 0.72960 0.43780
vn -0.14540 0.84840 0.50900
vn -0.85520 0.51310 0.07330
vn -0.51070 0.85110 0.12160
vn -0.14000 0.98020 0.14000
vn 0.02020 0.98970 0.14140
vn 0.07330 0.85520 0.51310
vn 0.12160 0.51070 0.85110
vn 0.14000 0.14000 0.98020
vn 0.07080 0.99050 0.11790
vn 0.25920 0.86390 0.43190
vn 0.43780 0.52530 0.72960
vn 0.50900 0.14540 0.84840
vn 0.11790 0.99050 0.07080
vn 0.43190 0.86390 0.25920
vn 0.72960 0.52530 0.43780
vn 0.84840 0.14540 0.50900
vn 0.51310 0.85520 0.07330
vn 0.85110 0.51070 0.12160
vn 0.98020 0.14000 0.14000
vn -0.51450 0.00000 -0.85750
vn -0.85750 0.00000 -0.51450
vn -0.98990 0.00000 -0.14140
vn 0.00000 0.51450 -0.85750
vn 0.00000 0.85750 -0.51450
vn 0.00000 0.98990 -0.14140
vn 0.51450 0.00000 -0.85750
vn 0.85750 0.00000 -0.51450
vn 0.98990 0.00000 -0.14140
vn 0.00000 -0.51450 -0.85750
vn 0.00000 -0.85750 -0.51450
vn 0.00000 -0.98990 -0.14140
vn -0.00000 -0.51450 0.85750
vn -0.00000 -0.85750 0.51450
vn -0.00000 -0.98990 0.14140
vn 0.51450 -0.00000 0.85750
vn 0.85750 -0.00000 0.51450
vn 0.98990 -0.00000 0.14140
vn 0.00000 0.51450 0.85750
vn 0.00000 0.85750 0.51450
vn 0.00000 0.98990 0.14140
vn -0.51450 0.00000 0.85750
vn -0.85750 0.00000 0.51450
vn -0.98990 -0.00000 0.14140
vn 0.51450 -0.85750 -0.00000
vn 0.85750 -0.51450 -0.00000
vn 0.98990 -0.14140 -0.00000
vn -0.51450 -0.85750 -0.00000
vn -0.85750 -0.51450 -0.00000
vn -0.98990 -0.14140 -0.00000
vn 0.85750 0.51450 -0.00000
vn 0.51450 0.85750 -0.00000
vn 0.14140 0.98990 -0.00000
vn -0.51450 0.85750 0.00000
vn -0.85750 0.51450 0.00000
vn -0.98990 0.14140 0.00000
vn 0.00000 -0.00000 1.00000
vn 0.00000 0.00000 1.00000
vn -0.00000 0.00000 1.00000
vn -0.00000 -0.00000 1.00000
vn 0.00000 -0.00000 1.00000
vn 0.00000 0.05480 0.99850
vn -0.00540 0.05450 0.99850
vn -0.01070 0.05370 0.99850
vn -0.01590 0.05240 0.99850
vn -0.02100 0.05060 0.99850
vn -0.02580 0.04830 0.99850
vn -0.03040 0.04560 0.99850
vn -0.03480 0.04240 0.99850
vn -0.03870 0.03870 0.99850
vn -0.04240 0.03480 0.99850
vn -0.04560 0.03040 0.99850
vn -0.04830 0.02580 0.99850
vn -0.05060 0.02100 0.99850
vn -0.05240 0.01590 0.99850
vn -0.05370 0.01070 0.99850
vn -0.05450 0.00540 0.99850
vn -0.05480 -0.00000 0.99850
vn -0.05450 -0.00540 0.99850
vn -0.05370 -0.01070 0.99850
vn -0.05240 -0.01590 0.99850
vn -0.05060 -0.02100 0.99850
vn -0.04830 -0.02580 0.99850
vn -0.04560 -0.03040 0.99850
vn -0.04240 -0.03480 0.99850
vn -0.03870 -0.03870 0.99850
vn -0.03480 -0.04240 0.99850
vn -0.03040 -0.04560 0.99850
vn -0.02580 -0.04830 0.99850
vn -0.02100 -0.05060 0.99850
vn -0.01590 -0.05240 0.99850
vn -0.01070 -0.05370 0.99850
vn -0.00540 -0.05450 0.99850
vn 0.00000 -0.05480 0.99850
vn 0.00540 -0.05450 0.99850
vn 0.01070 -0.05370 0.99850
vn 0.01590 -0.05240 0.99850
vn 0.02100 -0.05060 0.99850
vn 0.02580 -0.04830 0.99850
vn 0.03040 -0.04560 0.99850
vn 0.03480 -0.04240 0.99850
vn 0.03870 -0.03870 0.99850
vn 0.04240 -0.03480 0.99850
vn 0.04560 -0.03040 0.99850
vn 0.04830 -0.02580 0.99850
vn 0.05060 -0.02100 0.99850
vn 0.05240 -0.01590 0.99850
vn 0.05370 -0.01070 0.99850
vn 0.05450 -0.00540 0.99850
vn 0.05480 -0.00000 0.99850
vn 0.05450 0.00540 0.99850
vn 0.05370 0.01070 0.99850
vn 0.05240 0.01590 0.99850
vn 0.05060 0.02100 0.99850
vn 0.04830 0.02580 0.99850
vn 0.04560 0.03040 0.99850
vn 0.04240 0.03480 0.99850
vn 0.03870 0.03870 0.99850
vn 0.03480 0.04240 0.99850
vn 0.03040 0.04560 0.99850
vn 0.02580 0.04830 0.99850
vn 0.02100 0.05060 0.99850
vn 0.01590 0.05240 0.99850
vn 0.01070 0.05370 0.99850
vn 0.00540 0.05450 0.99850
vn 0.00000 0.00000 -1.00000
vn 0.00000 -0.00000 1.00000
vn 0.00000 -1.00000 -0.00000
vn 1.00000 0.00000 -0.00000
vn 0.00000 1.00000 0.00000
vn -1.00000 0.00000 -0.00000
vn -0.02020 -0.98970 -0.14140
vn 0.02020 -0.14140 -0.98970
vn -0.98970 0.02020 -0.14140
vn 0.14140 0.02020 -0.98970
vn -0.14140 -0.98970 0.02020
vn 0.98970 -0.14140 0.02020
vn -0.98970 0.14140 0.02020
vn 0.14140 0.98970 0.02020
vn -0.14140 0.00000 -0.98990
vn 0.00000 0.14140 -0.98990
vn 0.14140 0.00000 -0.98990
vn 0.00000 -0.14140 -0.98990
vn -0.00000 -0.14140 0.98990
vn 0.14140 -0.00000 0.98990
vn 0.00000 0.14140 0.98990
vn -0.14140 -0.00000 0.98990
vn 0.14140 -0.98990 -0.00000
vn -0.14140 -0.98990 -0.00000
vn 0.98990 0.14140 -0.00000
vn -0.14140 0.98990 0.00000
vn -0.14140 -0.98970 -0.02020
vn -0.51310 -0.85520 -0.07330
vn -0.85110 -0.51070 -0.12160
vn -0.98020 -0.14000 -0.14000
vn -0.11790 -0.99050 -0.07080
vn -0.43190 -0.86390 -0.25920
vn -0.72960 -0.52530 -0.43780
vn -0.84840 -0.14540 -0.50900
vn -0.07080 -0.99050 -0.11790
vn -0.25920 -0.86390 -0.43190
vn -0.43780 -0.52530 -0.72960
vn -0.50900 -0.14540 -0.84840
vn -0.07330 -0.85520 -0.51310
vn -0.12160 -0.51070 -0.85110
vn -0.14000 -0.14000 -0.98020
vn 0.14140 -0.02020 -0.98970
vn 0.51310 -0.07330 -0.85520
vn 0.85110 -0.12160 -0.51070
vn 0.98020 -0.14000 -0.14000
vn 0.11790 -0.07080 -0.99050
vn 0.43190 -0.25920 -0.86390
vn 0.72960 -0.43780 -0.52530
vn 0.84840 -0.50900 -0.14540
vn 0.07070 -0.11790 -0.99050
vn 0.25920 -0.43190 -0.86390
vn 0.43780 -0.72960 -0.52530
vn 0.50900 -0.84840 -0.14540
vn 0.07330 -0.51310 -0.85520
vn 0.12160 -0.85110 -0.51070
vn 0.14000 -0.98020 -0.14000
vn -0.98970 0.14140 -0.02020
vn -0.85520 0.51310 -0.07330
vn -0.51070 0.85110 -0.12160
vn -0.14000 0.98020 -0.14000
vn -0.99050 0.11790 -0.07070
vn -0.86390 0.43190 -0.25920
vn -0.52530 0.72960 -0.43780
vn -0.14540 0.84840 -0.50900
vn -0.99050 0.07070 -0.11790
vn -0.86390 0.25920 -0.43190
vn -0.52530 0.43780 -0.72960
vn -0.14540 0.50900 -0.84840
vn -0.85520 0.07330 -0.51310
vn -0.51070 0.12160 -0.85110
vn -0.14000 0.14000 -0.98020
vn 0.02020 0.14140 -0.98970
vn 0.07330 0.51310 -0.85520
vn 0.12160 0.85110 -0.51070
vn 0.14000 0.98020 -0.14000
vn 0.07070 0.11790 -0.99050
vn 0.25920 0.43190 -0.86390
vn 0.43780 0.72960 -0.52530
vn 0.50900 0.84840 -0.14540
vn 0.11790 0.07080 -0.99050
vn 0.43190 0.25920 -0.86390
vn 0.72960 0.43780 -0.52530
vn 0.84840 0.50900 -0.14540
vn 0.51310 0.07330 -0.85520
vn 0.85110 0.12160 -0.51070
vn 0.98020 0.14000 -0.14000
vn -0.02020 -0.98970 0.14140
vn -0.07330 -0.85520 0.51310
vn -0.12160 -0.51070 0.85110
vn -0.14000 -0.14000 0.98020
vn -0.07080 -0.99050 0.11790
vn -0.25920 -0.86390 0.43190
vn -0.43780 -0.52530 0.72960
vn -0.50900 -0.14540 0.84840
vn -0.11790 -0.99050 0.07080
vn -0.43190 -0.86390 0.25920
vn -0.72960 -0.52530 0.43780
vn -0.84840 -0.14540 0.50900
vn -0.51310 -0.85520 0.07330
vn -0.85110 -0.51070 0.12160
vn -0.98020 -0.14000 0.14000
vn 0.98970 -0.02020 0.14140
vn 0.85520 -0.07330 0.51310
vn 0.51070 -0.12160 0.85110
vn 0.14000 -0.14000 0.98020
vn 0.99050 -0.07070 0.11790
vn 0.86390 -0.25920 0.43190
vn 0.52530 -0.43780 0.72960
vn 0.14540 -0.50900 0.84840
vn 0.99050 -0.11790 0.07070
vn 0.86390 -0.43190 0.25920
vn 0.52530 -0.72960 0.43780
vn 0.14540 -0.84840 0.50900
vn 0.85520 -0.51310 0.07330
vn 0.51070 -0.85110 0.12160
vn 0.14000 -0.98020 0.14000
vn -0.98970 0.02020 0.14140
vn -0.85520 0.07330 0.51310
vn -0.51070 0.12160 0.85110
vn -0.14000 0.14000 0.98020
vn -0.99050 0.07070 0.11790
vn -0.86390 0.25920 0.43190
vn -0.52530 0.43780 0.72960
vn -0.14540 0.50900 0.84840
vn -0.99050 0.11790 0.07070
vn -0.86390 0.43190 0.25920
vn -0.52530 0.72960 0.43780
vn -0.14540 0.84840 0.50900
vn -0.85520 0.51310 0.07330
vn -0.51070 0.85110 0.12160
vn -0.14000 0.98020 0.14000
vn 0.02020 0.98970 0.14140
vn 0.07330 0.85520 0.51310
vn 0.12160 0.51070 0.85110
vn 0.14000 0.14000 0.98020
vn 0.07080 0.99050 0.11790
vn 0.25920 0.86390 0.43190
vn 0.43780 0.52530 0.72960
vn 0.50900 0.14540 0.84840
vn 0.11790 0.99050 0.07080
vn 0.43190 0.86390 0.25920
vn 0.72960 0.52530 0.43780
vn 0.84840 0.14540 0.50900
vn 0.51310 0.85520 0.07330
vn 0.85110 0.51070 0.12160
vn 0.98020 0.14000 0.14000
vn -0.51450 0.00000 -0.85750
vn -0.85750 0.00000 -0.51450
vn -0.98990 0.00000 -0.14140
vn 0.00000 0.51450 -0.85750
vn 0.00000 0.85750 -0.51450
vn 0.00000 0.98990 -0.14140
vn 0.51450 0.00000 -0.85750
vn 0.85750 0.00000 -0.51450
vn 0.98990 0.00000 -0.14140
vn 0.00000 -0.51450 -0.85750
vn 0.00000 -0.85750 -0.51450
vn 0.00000 -0.98990 -0.14140
vn -0.00000 -0.51450 0.85750
vn -0.00000 -0.85750 0.51450
vn -0.00000 -0.98990 0.14140
vn 0.51450 -0.00000 0.85750
vn 0.85750 -0.00000 0.51450
vn 0.98990 -0.00000 0.14140
vn 0.00000 0.51450 0.85750
vn 0.00000 0.85750 0.51450
vn 0.00000 0.98990 0.14140
vn -0.51450 0.00000 0.85750
vn -0.85750 0.00000 0.51450
vn -0.98990 -0.00000 0.14140
vn 0.51450 -0.85750 -0.00000
vn 0.85750 -0.51450 -0.00000
vn 0.98990 -0.14140 -0.00000
vn -0.51450 -0.85750 -0.00000
vn -0.85750 -0.51450 -0.00000
vn -0.98990 -0.14140 -0.00000
vn 0.85750 0.51450 -0.00000
vn 0.51450 0.85750 -0.00000
vn 0.14140 0.98990 -0.00000
vn -0.51450 0.85750 0.00000
vn -0.85750 0.51450 0.00000
vn -0.98990 0.14140 0.00000
vn 0.00000 0.00000 -1.00000
vn 0.00200 0.00370 -1.00000
vn 0.00000 -0.00050 -1.00000
vn 0.42090 -0.03870 -0.90630
vn 0.31950 -0.02920 -0.94710
vn 0.24570 -0.02190 -0.96910
vn 0.19320 -0.01640 -0.98100
vn 0.15450 -0.01210 -0.98790
vn 0.12490 -0.00860 -0.99210
vn 0.10180 -0.00570 -0.99480
vn 0.08330 -0.00320 -0.99650
vn 0.06820 -0.00100 -0.99770
vn 0.05570 0.00100 -0.99840
vn 0.04520 0.00280 -0.99900
vn 0.03630 0.00440 -0.99930
vn 0.02870 0.00580 -0.99960
vn 0.02220 0.00720 -0.99970
vn 0.01640 0.00850 -0.99980
vn 0.01140 0.00970 -0.99990
vn 0.00710 0.01080 -0.99990
vn 0.00320 0.01190 -0.99990
vn -0.00500 0.01790 -0.99980
vn -0.00000 0.07380 -0.99730
vn 0.00000 0.07380 -0.99730
vn -0.00260 0.03190 -0.99950
vn 0.00000 -0.00000 1.00000
vn 0.00000 -0.00290 1.00000
vn -0.00460 0.00140 1.00000
vn 0.00350 -0.00160 1.00000
vn -0.43260 -0.04210 0.90060
vn -0.32930 -0.03250 0.94370
vn -0.25360 -0.02510 0.96700
vn -0.19960 -0.01950 0.97970
vn -0.15960 -0.01500 0.98710
vn -0.12910 -0.01140 0.99160
vn -0.10530 -0.00840 0.99440
vn -0.08610 -0.00580 0.99630
vn -0.07050 -0.00350 0.99750
vn -0.05760 -0.00150 0.99830
vn -0.04680 0.00030 0.99890
vn -0.03760 0.00200 0.99930
vn -0.02970 0.00350 0.99960
vn -0.02290 0.00490 0.99970
vn -0.01700 0.00620 0.99980
vn -0.01180 0.00750 0.99990
vn -0.00730 0.00860 0.99990
vn -0.00330 0.00980 0.99990
vn 0.00190 0.01130 0.99990
vn 0.00880 0.02530 0.99960
vn 0.00000 0.07380 0.99730
vn -0.00000 0.07390 0.99730
vn -0.00000 0.07380 0.99730
vn 0.00000 -1.00000 -0.00000
vn 1.00000 0.00000 -0.00000
vn 0.99900 0.04480 -0.00000
vn 0.99900 0.04490 0.00000
vn 0.99600 0.08940 -0.00000
vn 0.00000 1.00000 0.00000
vn -0.99600 0.08940 0.00000
vn -0.99900 0.04480 0.00000
vn -0.99900 0.04490 0.00000
vn -1.00000 0.00000 -0.00000
vn 0.96980 0.24380 -0.00000
vn -0.02760 0.99960 0.00000
vn 0.95370 0.30080 -0.00000
vn 0.93240 0.36150 -0.00000
vn 0.90500 0.42530 -0.00000
vn 0.87090 0.49150 -0.00000
vn 0.82920 0.55890 -0.00000
vn 0.77990 0.62590 -0.00000
vn 0.72300 0.69090 -0.00000
vn 0.65910 0.75200 -0.00000
vn 0.58960 0.80770 -0.00000
vn 0.51600 0.85660 -0.00000
vn 0.44030 0.89780 0.00000
vn 0.36430 0.93130 0.00000
vn 0.28980 0.95710 0.00000
vn 0.21800 0.97590 0.00000
vn 0.15000 0.98870 0.00000
vn 0.08650 0.99630 0.00000
vn 0.02760 0.99960 0.00000
vn -0.08650 0.99630 0.00000
vn -0.15000 0.98870 0.00000
vn -0.21800 0.97590 0.00000
vn -0.28980 0.95710 0.00000
vn -0.36430 0.93130 0.00000
vn -0.44030 0.89780 0.00000
vn -0.51600 0.85660 0.00000
vn -0.58960 0.80770 0.00000
vn -0.65910 0.75200 0.00000
vn -0.72300 0.69090 0.00000
vn -0.77990 0.62590 0.00000
vn -0.82920 0.55890 0.00000
vn -0.87090 0.49150 0.00000
vn -0.90500 0.42530 0.00000
vn -0.93240 0.36150 0.00000
vn -0.95370 0.30080 0.00000
vn -0.96980 0.24380 0.00000
vn 0.02860 -0.99960 -0.00000
vn -0.02860 -0.99960 -0.00000
vn 0.09050 -0.99590 -0.00000
vn 0.15920 -0.98720 -0.00000
vn 0.23460 -0.97210 -0.00000
vn 0.31620 -0.94870 -0.00000
vn 0.40280 -0.91530 -0.00000
vn 0.49200 -0.87060 -0.00000
vn 0.58120 -0.81370 -0.00000
vn 0.66680 -0.74520 -0.00000
vn 0.74520 -0.66680 -0.00000
vn 0.81370 -0.58120 -0.00000
vn 0.87060 -0.49210 -0.00000
vn 0.91530 -0.40270 -0.00000
vn 0.94870 -0.31620 -0.00000
vn 0.97210 -0.23460 -0.00000
vn 0.98720 -0.15920 -0.00000
vn 0.99590 -0.09050 -0.00000
vn 0.99960 -0.02860 -0.00000
vn -0.09050 -0.99590 -0.00000
vn -0.15920 -0.98720 -0.00000
vn -0.23460 -0.97210 -0.00000
vn -0.31620 -0.94870 -0.00000
vn -0.40280 -0.91530 -0.00000
vn -0.49200 -0.87060 -0.00000
vn -0.58120 -0.81370 -0.00000
vn -0.66680 -0.74520 -0.00000
vn -0.74520 -0.66680 -0.00000
vn -0.81370 -0.58120 -0.00000
vn -0.87060 -0.49210 -0.00000
vn -0.91530 -0.40270 -0.00000
vn -0.94870 -0.31620 -0.00000
vn -0.97210 -0.23460 -0.00000
vn -0.98720 -0.15920 -0.00000
vn -0.99590 -0.09050 -0.00000
vn -0.99960 -0.02860 -0.00000
vn 0.00000 0.00000 -1.00000
vn 0.00000 -0.00000 1.00000
vn 0.00000 -1.00000 -0.00000
vn 1.00000 0.00000 -0.00000
vn 0.00000 1.00000 0.00000
vn -1.00000 0.00000 -0.00000
vn -0.02020 -0.98970 -0.14140
vn 0.02020 -0.14140 -0.98970
vn -0.98970 0.02020 -0.14140
vn 0.14140 0.02020 -0.98970
vn -0.14140 -0.98970 0.02020
vn 0.98970 -0.14140 0.02020
vn -0.98970 0.14140 0.02020
vn 0.14140 0.98970 0.02020
vn -0.14140 0.00000 -0.98990
vn 0.00000 0.14140 -0.98990
vn 0.14140 0.00000 -0.98990
vn 0.00000 -0.14140 -0.98990
vn -0.00000 -0.14140 0.98990
vn 0.14140 -0.00000 0.98990
vn 0.00000 0.14140 0.98990
vn -0.14140 -0.00000 0.98990
vn 0.14140 -0.98990 -0.00000
vn -0.14140 -0.98990 -0.00000
vn 0.98990 0.14140 -0.00000
vn -0.14140 0.98990 0.00000
vn -0.14140 -0.98970 -0.02020
vn -0.51310 -0.85520 -0.07330
vn -0.85110 -0.51070 -0.12160
vn -0.98020 -0.14000 -0.14000
vn -0.11790 -0.99050 -0.07080
vn -0.43190 -0.86390 -0.25920
vn -0.72960 -0.52530 -0.43780
vn -0.84840 -0.14540 -0.50900
vn -0.07080 -0.99050 -0.11790
vn -0.25920 -0.86390 -0.43190
vn -0.43780 -0.52530 -0.72960
vn -0.50900 -0.14540 -0.84840
vn -0.07330 -0.85520 -0.51310
vn -0.12160 -0.51070 -0.85110
vn -0.14000 -0.14000 -0.98020
vn 0.14140 -0.02020 -0.98970
vn 0.51310 -0.07330 -0.85520
vn 0.85110 -0.12160 -0.51070
vn 0.98020 -0.14000 -0.14000
vn 0.11790 -0.07080 -0.99050
vn 0.43190 -0.25920 -0.86390
vn 0.72960 -0.43780 -0.52530
vn 0.84840 -0.50900 -0.14540
vn 0.07070 -0.11790 -0.99050
vn 0.25920 -0.43190 -0.86390
vn 0.43780 -0.72960 -0.52530
vn 0.50900 -0.84840 -0.14540
vn 0.07330 -0.51310 -0.85520
vn 0.12160 -0.85110 -0.51070
vn 0.14000 -0.98020 -0.14000
vn -0.98970 0.14140 -0.02020
vn -0.85520 0.51310 -0.07330
vn -0.51070 0.85110 -0.12160
vn -0.14000 0.98020 -0.14000
vn -0.99050 0.11790 -0.07070
vn -0.86390 0.43190 -0.25920
vn -0.52530 0.72960 -0.43780
vn -0.14540 0.84840 -0.50900
vn -0.99050 0.07070 -0.11790
vn -0.86390 0.25920 -0.43190
vn -0.52530 0.43780 -0.72960
vn -0.14540 0.50900 -0.84840
vn -0.85520 0.07330 -0.51310
vn -0.51070 0.12160 -0.85110
vn -0.14000 0.14000 -0.98020
vn 0.02020 0.14140 -0.98970
vn 0.07330 0.51310 -0.85520
vn 0.12160 0.85110 -0.51070
vn 0.14000 0.98020 -0.14000
vn 0.07070 0.11790 -0.99050
vn 0.25920 0.43190 -0.86390
vn 0.43780 0.72960 -0.52530
vn 0.50900 0.84840 -0.14540
vn 0.11790 0.07080 -0.99050
vn 0.43190 0.25920 -0.86390
vn 0.72960 0.43780 -0.52530
vn 0.84840 0.50900 -0.14540
vn 0.51310 0.07330 -0.85520
vn 0.85110 0.12160 -0.51070
vn 0.98020 0.14000 -0.14000
vn -0.02020 -0.98970 0.14140
vn -0.07330 -0.85520 0.51310
vn -0.12160 -0.51070 0.85110
vn -0.14000 -0.14000 0.98020
vn -0.07080 -0.99050 0.11790
vn -0.25920 -0.86390 0.43190
vn -0.43780 -0.52530 0.72960
vn -0.50900 -0.14540 0.84840
vn -0.11790 -0.99050 0.07080
vn -0.43190 -0.86390 0.25920
vn -0.72960 -0.52530 0.43780
vn -0.84840 -0.14540 0.50900
vn -0.51310 -0.85520 0.07330
vn -0.85110 -0.51070 0.12160
vn -0.98020 -0.14000 0.14000
vn 0.98970 -0.02020 0.14140
vn 0.85520 -0.07330 0.51310
vn 0.51070 -0.12160 0.85110
vn 0.14000 -0.14000 0.98020
vn 0.99050 -0.07070 0.11790
vn 0.86390 -0.25920 0.43190
vn 0.52530 -0.43780 0.72960
vn 0.14540 -0.50900 0.84840
vn 0.99050 -0.11790 0.07070
vn 0.86390 -0.43190 0.25920
vn 0.52530 -0.72960 0.43780
vn 0.14540 -0.84840 0.50900
vn 0.85520 -0.51310 0.07330
vn 0.51070 -0.85110 0.12160
vn 0.14000 -0.98020 0.14000
vn -0.98970 0.02020 0.14140
vn -0.85520 0.07330 0.51310
vn -0.51070 0.12160 0.85110
vn -0.14000 0.14000 0.98020
vn -0.99050 0.07070 0.11790
vn -0.86390 0.25920 0.43190
vn -0.52530 0.43780 0.72960
vn -0.14540 0.50900 0.84840
vn -0.99050 0.11790 0.07070
vn -0.86390 0.43190 0.25920
vn -0.52530 0.72960 0.43780
vn -0.14540 0.84840 0.50900
vn -0.85520 0.51310 0.07330
vn -0.51070 0.85110 0.12160
vn -0.14000 0.98020 0.14000
vn 0.02020 0.98970 0.14140
vn 0.07330 0.85520 0.51310
vn 0.12160 0.51070 0.85110
vn 0.14000 0.14000 0.98020
vn 0.07080 0.99050 0.11790
vn 0.25920 0.86390 0.43190
vn 0.43780 0.52530 0.72960
vn 0.50900 0.14540 0.84840
vn 0.11790 0.99050 0.07080
vn 0.43190 0.86390 0.25920
vn 0.72960 0.52530 0.43780
vn 0.84840 0.14540 0.50900
vn 0.51310 0.85520 0.07330
vn 0.85110 0.51070 0.12160
vn 0.98020 0.14000 0.14000
vn -0.51450 0.00000 -0.85750
vn -0.85750 0.00000 -0.51450
vn -0.98990 0.00000 -0.14140
vn 0.00000 0.51450 -0.85750
vn 0.00000 0.85750 -0.51450
vn 0.00000 0.98990 -0.14140
vn 0.51450 0.00000 -0.85750
vn 0.85750 0.00000 -0.51450
vn 0.98990 0.00000 -0.14140
vn 0.00000 -0.51450 -0.85750
vn 0.00000 -0.85750 -0.51450
vn 0.00000 -0.98990 -0.14140
vn -0.00000 -0.51450 0.85750
vn -0.00000 -0.85750 0.51450
vn -0.00000 -0.98990 0.14140
vn 0.51450 -0.00000 0.85750
vn 0.85750 -0.00000 0.51450
vn 0.98990 -0.00000 0.14140
vn 0.00000 0.51450 0.85750
vn 0.00000 0.85750 0.51450
vn 0.00000 0.98990 0.14140
vn -0.51450 0.00000 0.85750
vn -0.85750 0.00000 0.51450
vn -0.98990 -0.00000 0.14140
vn 0.51450 -0.85750 -0.00000
vn 0.85750 -0.51450 -0.00000
vn 0.98990 -0.14140 -0.00000
vn -0.51450 -0.85750 -0.00000
vn -0.85750 -0.51450 -0.00000
vn -0.98990 -0.14140 -0.00000
vn 0.85750 0.51450 -0.00000
vn 0.51450 0.85750 -0.00000
vn 0.14140 0.98990 -0.00000
vn -0.51450 0.85750 0.00000
vn -0.85750 0.51450 0.00000
vn -0.98990 0.14140 0.00000
vn 0.00000 0.00000 -1.00000
vn 0.00000 -0.00000 1.00000
vn 0.00000 -1.00000 -0.00000
vn 1.00000 0.00000 -0.00000
vn 0.00000 1.00000 0.00000
vn -1.00000 0.00000 -0.00000
vn -0.02020 -0.98970 -0.14140
vn 0.02020 -0.14140 -0.98970
vn -0.98970 0.02020 -0.14140
vn 0.14140 0.02020 -0.98970
vn -0.14140 -0.98970 0.02020
vn 0.98970 -0.14140 0.02020
vn -0.98970 0.14140 0.02020
vn 0.14140 0.98970 0.02020
vn -0.14140 0.00000 -0.98990
vn 0.00000 0.14140 -0.98990
vn 0.14140 0.00000 -0.98990
vn 0.00000 -0.14140 -0.98990
vn -0.00000 -0.14140 0.98990
vn 0.14140 -0.00000 0.98990
vn 0.00000 0.14140 0.98990
vn -0.14140 -0.00000 0.98990
vn 0.14140 -0.98990 -0.00000
vn -0.14140 -0.98990 -0.00000
vn 0.98990 0.14140 -0.00000
vn -0.14140 0.98990 0.00000
vn -0.14140 -0.98970 -0.02020
vn -0.51310 -0.85520 -0.07330
vn -0.85110 -0.51070 -0.12160
vn -0.98020 -0.14000 -0.14000
vn -0.11790 -0.99050 -0.07080
vn -0.43190 -0.86390 -0.25920
vn -0.72960 -0.52530 -0.43780
vn -0.84840 -0.14540 -0.50900
vn -0.07080 -0.99050 -0.11790
vn -0.25920 -0.86390 -0.43190
vn -0.43780 -0.52530 -0.72960
vn -0.50900 -0.14540 -0.84840
vn -0.07330 -0.85520 -0.51310
vn -0.12160 -0.51070 -0.85110
vn -0.14000 -0.14000 -0.98020
vn 0.14140 -0.02020 -0.98970
vn 0.51310 -0.07330 -0.85520
vn 0.85110 -0.12160 -0.51070
vn 0.98020 -0.14000 -0.14000
vn 0.11790 -0.07080 -0.99050
vn 0.43190 -0.25920 -0.86390
vn 0.72960 -0.43780 -0.52530
vn 0.84840 -0.50900 -0.14540
vn 0.07070 -0.11790 -0.99050
vn 0.25920 -0.43190 -0.86390
vn 0.43780 -0.72960 -0.52530
vn 0.50900 -0.84840 -0.14540
vn 0.07330 -0.51310 -0.85520
vn 0.12160 -0.85110 -0.51070
vn 0.14000 -0.98020 -0.14000
vn -0.98970 0.14140 -0.02020
vn -0.85520 0.51310 -0.07330
vn -0.51070 0.85110 -0.12160
vn -0.14000 0.98020 -0.14000
vn -0.99050 0.11790 -0.07070
vn -0.86390 0.43190 -0.25920
vn -0.52530 0.72960 -0.43780
vn -0.14540 0.84840 -0.50900
vn -0.99050 0.07070 -0.11790
vn -0.86390 0.25920 -0.43190
vn -0.52530 0.43780 -0.72960
vn -0.14540 0.50900 -0.84840
vn -0.85520 0.07330 -0.51310
vn -0.51070 0.12160 -0.85110
vn -0.14000 0.14000 -0.98020
vn 0.02020 0.14140 -0.98970
vn 0.07330 0.51310 -0.85520
vn 0.12160 0.85110 -0.51070
vn 0.14000 0.98020 -0.14000
vn 0.07070 0.11790 -0.99050
vn 0.25920 0.43190 -0.86390
vn 0.43780 0.72960 -0.52530
vn 0.50900 0.84840 -0.14540
vn 0.11790 0.07080 -0.99050
vn 0.43190 0.25920 -0.86390
vn 0.72960 0.43780 -0.52530
vn 0.84840 0.50900 -0.14540
vn 0.51310 0.07330 -0.85520
vn 0.85110 0.12160 -0.51070
vn 0.98020 0.14000 -0.14000
vn -0.02020 -0.98970 0.14140
vn -0.07330 -0.85520 0.51310
vn -0.12160 -0.51070 0.85110
vn -0.14000 -0.14000 0.98020
vn -0.07080 -0.99050 0.11790
vn -0.25920 -0.86390 0.43190
vn -0.43780 -0.52530 0.72960
vn -0.50900 -0.14540 0.84840
vn -0.11790 -0.99050 0.07080
vn -0.43190 -0.86390 0.25920
vn -0.72960 -0.52530 0.43780
vn -0.84840 -0.14540 0.50900
vn -0.51310 -0.85520 0.07330
vn -0.85110 -0.51070 0.12160
vn -0.98020 -0.14000 0.14000
vn 0.98970 -0.02020 0.14140
vn 0.85520 -0.07330 0.51310
vn 0.51070 -0.12160 0.85110
vn 0.14000 -0.14000 0.98020
vn 0.99050 -0.07070 0.11790
vn 0.86390 -0.25920 0.43190
vn 0.52530 -0.43780 0.72960
vn 0.14540 -0.50900 0.84840
vn 0.99050 -0.11790 0.07070
vn 0.86390 -0.43190 0.25920
vn 0.52530 -0.72960 0.43780
vn 0.14540 -0.84840 0.50900
vn 0.85520 -0.51310 0.07330
vn 0.51070 -0.85110 0.12160
vn 0.14000 -0.98020 0.14000
vn -0.98970 0.02020 0.14140
vn -0.85520 0.07330 0.51310
vn -0.51070 0.12160 0.85110
vn -0.14000 0.14000 0.98020
vn -0.99050 0.07070 0.11790
vn -0.86390 0.25920 0.43190
vn -0.52530 0.43780 0.72960
vn -0.14540 0.50900 0.84840
vn -0.99050 0.11790 0.07070
vn -0.86390 0.43190 0.25920
vn -0.52530 0.72960 0.43780
vn -0.14540 0.84840 0.50900
vn -0.85520 0.51310 0.07330
vn -0.51070 0.85110 0.12160
vn -0.14000 0.98020 0.14000
vn 0.02020 0.98970 0.14140
vn 0.07330 0.85520 0.51310
vn 0.12160 0.51070 0.85110
vn 0.14000 0.14000 0.98020
vn 0.07080 0.99050 0.11790
vn 0.25920 0.86390 0.43190
vn 0.43780 0.52530 0.72960
vn 0.50900 0.14540 0.84840
vn 0.11790 0.99050 0.07080
vn 0.43190 0.86390 0.25920
vn 0.72960 0.52530 0.43780
vn 0.84840 0.14540 0.50900
vn 0.51310 0.85520 0.07330
vn 0.85110 0.51070 0.12160
vn 0.98020 0.14000 0.14000
vn -0.51450 0.00000 -0.85750
vn -0.85750 0.00000 -0.51450
vn -0.98990 0.00000 -0.14140
vn 0.00000 0.51450 -0.85750
vn 0.00000 0.85750 -0.51450
vn 0.00000 0.98990 -0.14140
vn 0.51450 0.00000 -0.85750
vn 0.85750 0.00000 -0.51450
vn 0.98990 0.00000 -0.14140
vn 0.00000 -0.51450 -0.85750
vn 0.00000 -0.85750 -0.51450
vn 0.00000 -0.98990 -0.14140
vn -0.00000 -0.51450 0.85750
vn -0.00000 -0.85750 0.51450
vn -0.00000 -0.98990 0.14140
vn 0.51450 -0.00000 0.85750
vn 0.85750 -0.00000 0.51450
vn 0.98990 -0.00000 0.14140
vn 0.00000 0.51450 0.85750
vn 0.00000 0.85750 0.51450
vn 0.00000 0.98990 0.14140
vn -0.51450 0.00000 0.85750
vn -0.85750 0.00000 0.51450
vn -0.98990 -0.00000 0.14140
vn 0.51450 -0.85750 -0.00000
vn 0.85750 -0.51450 -0.00000
vn 0.98990 -0.14140 -0.00000
vn -0.51450 -0.85750 -0.00000
vn -0.85750 -0.51450 -0.00000
vn -0.98990 -0.14140 -0.00000
vn 0.85750 0.51450 -0.00000
vn 0.51450 0.85750 -0.00000
vn 0.14140 0.98990 -0.00000
vn -0.51450 0.85750 0.00000
vn -0.85750 0.51450 0.00000
vn -0.98990 0.14140 0.00000
vn 0.00000 0.00000 -1.00000
vn 0.00000 -0.00000 1.00000
vn 0.00000 -1.00000 -0.00000
vn 1.00000 0.00000 -0.00000
vn 0.00000 1.00000 0.00000
vn -1.00000 0.00000 -0.00000
vn -0.02020 -0.98970 -0.14140
vn 0.02020 -0.14140 -0.98970
vn -0.98970 0.02020 -0.14140
vn 0.14140 0.02020 -0.98970
vn -0.14140 -0.98970 0.02020
vn 0.98970 -0.14140 0.02020
vn -0.98970 0.14140 0.02020
vn 0.14140 0.98970 0.02020
vn -0.14140 0.00000 -0.98990
vn 0.00000 0.14140 -0.98990
vn 0.14140 0.00000 -0.98990
vn 0.00000 -0.14140 -0.98990
vn -0.00000 -0.14140 0.98990
vn 0.14140 -0.00000 0.98990
vn 0.00000 0.14140 0.98990
vn -0.14140 -0.00000 0.98990
vn 0.14140 -0.98990 -0.00000
vn -0.14140 -0.98990 -0.00000
vn 0.98990 0.14140 -0.00000
vn -0.14140 0.98990 0.00000
vn -0.14140 -0.98970 -0.02020
vn -0.51310 -0.85520 -0.07330
vn -0.85110 -0.51070 -0.12160
vn -0.98020 -0.14000 -0.14000
vn -0.11790 -0.99050 -0.07080
vn -0.43190 -0.86390 -0.25920
vn -0.72960 -0.52530 -0.43780
vn -0.84840 -0.14540 -0.50900
vn -0.07080 -0.99050 -0.11790
vn -0.25920 -0.86390 -0.43190
vn -0.43780 -0.52530 -0.72960
vn -0.50900 -0.14540 -0.84840
vn -0.07330 -0.85520 -0.51310
vn -0.12160 -0.51070 -0.85110
vn -0.14000 -0.14000 -0.98020
vn 0.14140 -0.02020 -0.98970
vn 0.51310 -0.07330 -0.85520
vn 0.85110 -0.12160 -0.51070
vn 0.98020 -0.14000 -0.14000
vn 0.11790 -0.07080 -0.99050
vn 0.43190 -0.25920 -0.86390
vn 0.72960 -0.43780 -0.52530
vn 0.84840 -0.50900 -0.14540
vn 0.07070 -0.11790 -0.99050
vn 0.25920 -0.43190 -0.86390
vn 0.43780 -0.72960 -0.52530
vn 0.50900 -0.84840 -0.14540
vn 0.07330 -0.51310 -0.85520
vn 0.12160 -0.85110 -0.51070
vn 0.14000 -0.98020 -0.14000
vn -0.98970 0.14140 -0.02020
vn -0.85520 0.51310 -0.07330
vn -0.51070 0.85110 -0.12160
vn -0.14000 0.98020 -0.14000
vn -0.99050 0.11790 -0.07070
vn -0.86390 0.43190 -0.25920
vn -0.52530 0.72960 -0.43780
vn -0.14540 0.84840 -0.50900
vn -0.99050 0.07070 -0.11790
vn -0.86390 0.25920 -0.43190
vn -0.52530 0.43780 -0.72960
vn -0.14540 0.50900 -0.84840
vn -0.85520 0.07330 -0.51310
vn -0.51070 0.12160 -0.85110
vn -0.14000 0.14000 -0.98020
vn 0.02020 0.14140 -0.98970
vn 0.07330 0.51310 -0.85520
vn 0.12160 0.85110 -0.51070
vn 0.14000 0.98020 -0.14000
vn 0.07070 0.11790 -0.99050
vn 0.25920 0.43190 -0.86390
vn 0.43780 0.72960 -0.52530
vn 0.50900 0.84840 -0.14540
vn 0.11790 0.07080 -0.99050
vn 0.43190 0.25920 -0.86390
vn 0.72960 0.43780 -0.52530
vn 0.84840 0.50900 -0.14540
vn 0.51310 0.07330 -0.85520
vn 0.85110 0.12160 -0.51070
vn 0.98020 0.14000 -0.14000
vn -0.02020 -0.98970 0.14140
vn -0.07330 -0.85520 0.51310
vn -0.12160 -0.51070 0.85110
vn -0.14000 -0.14000 0.98020
vn -0.07080 -0.99050 0.11790
vn -0.25920 -0.86390 0.43190
vn -0.43780 -0.52530 0.72960
vn -0.50900 -0.14540 0.84840
vn -0.11790 -0.99050 0.07080
vn -0.43190 -0.86390 0.25920
vn -0.72960 -0.52530 0.43780
vn -0.84840 -0.14540 0.50900
vn -0.51310 -0.85520 0.07330
vn -0.85110 -0.51070 0.12160
vn -0.98020 -0.14000 0.14000
vn 0.98970 -0.02020 0.14140
vn 0.85520 -0.07330 0.51310
vn 0.51070 -0.12160 0.85110
vn 0.14000 -0.14000 0.98020
vn 0.99050 -0.07070 0.11790
vn 0.86390 -0.25920 0.43190
vn 0.52530 -0.43780 0.72960
vn 0.14540 -0.50900 0.84840
vn 0.99050 -0.11790 0.07070
vn 0.86390 -0.43190 0.25920
vn 0.52530 -0.72960 0.43780
vn 0.14540 -0.84840 0.50900
vn 0.85520 -0.51310 0.07330
vn 0.51070 -0.85110 0.12160
vn 0.14000 -0.98020 0.14000
vn -0.98970 0.02020 0.14140
vn -0.85520 0.07330 0.51310
vn -0.51070 0.12160 0.85110
vn -0.14000 0.14000 0.98020
vn -0.99050 0.07070 0.11790
vn -0.86390 0.25920 0.43190
vn -0.52530 0.43780 0.72960
vn -0.14540 0.50900 0.84840
vn -0.99050 0.11790 0.07070
vn -0.86390 0.43190 0.25920
vn -0.52530 0.72960 0.43780
vn -0.14540 0.84840 0.50900
vn -0.85520 0.51310 0.07330
vn -0.51070 0.85110 0.12160
vn -0.14000 0.98020 0.14000
vn 0.02020 0.98970 0.14140
vn 0.07330 0.85520 0.51310
vn 0.12160 0.51070 0.85110
vn 0.14000 0.14000 0.98020
vn 0.07080 0.99050 0.11790
vn 0.25920 0.86390 0.43190
vn 0.43780 0.52530 0.72960
vn 0.50900 0.14540 0.84840
vn 0.11790 0.99050 0.07080
vn 0.43190 0.86390 0.25920
vn 0.72960 0.52530 0.43780
vn 0.84840 0.14540 0.50900
vn 0.51310 0.85520 0.07330
vn 0.85110 0.51070 0.12160
vn 0.98020 0.14000 0.14000
vn -0.51450 0.00000 -0.85750
vn -0.85750 0.00000 -0.51450
vn -0.98990 0.00000 -0.14140
vn 0.00000 0.51450 -0.85750
vn 0.00000 0.85750 -0.51450
vn 0.00000 0.98990 -0.14140
vn 0.51450 0.00000 -0.85750
vn 0.85750 0.00000 -0.51450
vn 0.98990 0.00000 -0.14140
vn 0.00000 -0.51450 -0.85750
vn 0.00000 -0.85750 -0.51450
vn 0.00000 -0.98990 -0.14140
vn -0.00000 -0.51450 0.85750
vn -0.00000 -0.85750 0.51450
vn -0.00000 -0.98990 0.14140
vn 0.51450 -0.00000 0.85750
vn 0.85750 -0.00000 0.51450
vn 0.98990 -0.00000 0.14140
vn 0.00000 0.51450 0.85750
vn 0.00000 0.85750 0.51450
vn 0.00000 0.98990 0.14140
vn -0.51450 0.00000 0.85750
vn -0.85750 0.00000 0.51450
vn -0.98990 -0.00000 0.14140
vn 0.51450 -0.85750 -0.00000
vn 0.85750 -0.51450 -0.00000
vn 0.98990 -0.14140 -0.00000
vn -0.51450 -0.85750 -0.00000
vn -0.85750 -0.51450 -0.00000
vn -0.98990 -0.14140 -0.00000
vn 0.85750 0.51450 -0.00000
vn 0.51450 0.85750 -0.00000
vn 0.14140 0.98990 -0.00000
vn -0.51450 0.85750 0.00000
vn -0.85750 0.51450 0.00000
vn -0.98990 0.14140 0.00000
g Rectangle02
usemtl 05___Default
f 1//1 2//1 3//1 4//1
f 3//1 5//1 6//1 7//1
f 6//1 8//1 7//1
f 7//1 9//1 10//1 11//1
f 10//1 12//1 11//1
f 11//1 13//1 14//1 15//1
f 14//1 16//1 15//1
f 7//1 11//1 15//1 4//1
f 15//1 17//1 18//1 19//1
f 18//1 20//1 19//1
f 19//1 21//1 22//1 23//1
f 22//1 24//1 23//1
f 15//1 19//1 23//1 25//1
f 23//1 26//1 27//1 28//1
f 27//1 29//1 28//1
f 28//1 30//1 31//1 25//1
f 31//1 32//1 25//1
f 23//1 28//1 25//1
f 25//1 33//1 34//1 35//1
f 34//1 36//1 35//1
f 35//1 37//1 38//1 39//1
f 38//1 40//1 39//1
f 25//1 35//1 39//1 41//1
f 39//1 42//1 43//1 44//1
f 43//1 45//1 44//1
f 44//1 46//1 47//1 41//1
f 47//1 48//1 41//1
f 39//1 44//1 41//1
f 15//1 25//1 41//1 4//1
f 41//1 49//1 50//1 51//1
f 50//1 52//1 51//1
f 51//1 53//1 54//1 55//1
f 54//1 56//1 55//1
f 41//1 51//1 55//1 4//1
f 55//1 57//1 58//1 59//1
f 58//1 60//1 59//1
f 59//1 61//1 62//1 4//1
f 62//1 63//1 4//1
f 55//1 59//1 4//1
f 3//1 7//1 4//1
f 64//1 1//1 4//1
f 65//2 66//2 17//2 15//2
f 66//3 67//3 18//3 17//3
f 67//4 68//4 20//4 18//4
f 68//5 69//5 19//5 20//5
f 69//6 70//6 21//6 19//6
f 70//7 71//7 22//7 21//7
f 71//8 72//8 24//8 22//8
f 72//9 73//9 23//9 24//9
f 73//10 74//10 26//10 23//10
f 74//11 75//11 27//11 26//11
f 75//12 76//12 29//12 27//12
f 76//13 77//13 28//13 29//13
f 77//14 78//14 30//14 28//14
f 78//15 79//15 31//15 30//15
f 79//16 80//16 32//16 31//16
f 80//17 81//17 25//17 32//17
f 81//18 82//18 33//18 25//18
f 82//19 83//19 34//19 33//19
f 83//20 84//20 36//20 34//20
f 84//21 85//21 35//21 36//21
f 85//22 86//22 37//22 35//22
f 86//23 87//23 38//23 37//23
f 87//24 88//24 40//24 38//24
f 88//25 89//25 39//25 40//25
f 89//26 90//26 42//26 39//26
f 90//27 91//27 43//27 42//27
f 91//28 92//28 45//28 43//28
f 92//29 93//29 44//29 45//29
f 93//30 94//30 46//30 44//30
f 94//31 95//31 47//31 46//31
f 95//32 96//32 48//32 47//32
f 96//33 97//33 41//33 48//33
f 97//34 98//34 49//34 41//34
f 98//35 99//35 50//35 49//35
f 99//36 100//36 52//36 50//36
f 100//37 101//37 51//37 52//37
f 101//38 102//38 53//38 51//38
f 102//39 103//39 54//39 53//39
f 103//40 104//40 56//40 54//40
f 104//41 105//41 55//41 56//41
f 105//42 106//42 57//42 55//42
f 106//43 107//43 58//43 57//43
f 107//44 108//44 60//44 58//44
f 108//45 109//45 59//45 60//45
f 109//46 110//46 61//46 59//46
f 110//47 111//47 62//47 61//47
f 111//48 112//48 63//48 62//48
f 112//49 113//49 4//49 63//49
f 113//50 114//50 64//50 4//50
f 114//51 115//51 1//51 64//51
f 115//52 116//52 2//52 1//52
f 116//53 117//53 3//53 2//53
f 117//54 118//54 5//54 3//54
f 118//55 119//55 6//55 5//55
f 119//56 120//56 8//56 6//56
f 120//57 121//57 7//57 8//57
f 121//58 122//58 9//58 7//58
f 122//59 123//59 10//59 9//59
f 123//60 124//60 12//60 10//60
f 124//61 125//61 11//61 12//61
f 125//62 126//62 13//62 11//62
f 126//63 127//63 14//63 13//63
f 127//64 128//64 16//64 14//64
f 128//65 65//65 15//65 16//65
g Box31
usemtl keypad
f 129/1/66 130/2/66 131/3/66 132/4/66
f 133/4/67 134/1/67 135/2/67 136/3/67
f 137/4/68 138/1/68 139/2/68 140/3/68
f 141/4/69 142/1/69 143/2/69 144/3/69
f 145/4/70 146/1/70 147/2/70 148/3/70
f 149/4/71 150/1/71 151/2/71 152/3/71
f 137/4/72 153/5/72 154/5/72
f 132/4/73 155/5/73 156/5/73
f 149/4/74 157/5/74 158/5/74
f 131/3/75 159/6/75 160/6/75
f 140/3/76 161/6/76 162/6/76
f 144/3/77 163/6/77 164/6/77
f 152/3/78 165/6/78 166/6/78
f 148/3/79 167/6/79 168/6/79
f 169/7/80 130/8/80 129/9/80 170/10/80
f 171/11/81 131/12/81 130/13/81 172/14/81
f 173/7/82 132/8/82 131/9/82 160/10/82
f 174/11/83 129/12/83 132/13/83 156/14/83
f 175/15/84 134/16/84 133/17/84 176/18/84
f 177/19/85 135/20/85 134/21/85 178/22/85
f 179/15/86 136/16/86 135/17/86 180/18/86
f 181/19/87 133/20/87 136/21/87 182/22/87
f 183/23/88 139/24/88 138/25/88 184/26/88
f 185/27/89 137/28/89 140/29/89 162/30/89
f 186/23/90 143/24/90 142/25/90 187/26/90
f 188/23/91 147/24/91 146/25/91 189/26/91
f 137/4/92 185/31/92 190/5/92
f 191/5/93 190/5/93 185/31/93 192/32/93
f 193/5/94 191/5/94 192/32/94 194/33/94
f 195/34/95 193/5/95 194/33/95 150/35/95
f 137/4/96 190/5/96 196/5/96
f 197/5/97 196/5/97 190/5/97 191/5/97
f 198/5/98 197/5/98 191/5/98 193/5/98
f 199/36/99 198/5/99 193/5/99 195/34/99
f 137/4/100 196/5/100 153/5/100
f 200/5/101 153/5/101 196/5/101 197/5/101
f 201/5/102 200/5/102 197/5/102 198/5/102
f 170/37/103 201/5/103 198/5/103 199/36/103
f 202/5/104 154/5/104 153/5/104 200/5/104
f 174/5/105 202/5/105 200/5/105 201/5/105
f 129/38/106 174/5/106 201/5/106 170/37/106
f 132/4/107 173/39/107 203/5/107
f 204/5/108 203/5/108 173/39/108 205/40/108
f 206/5/109 204/5/109 205/40/109 207/41/109
f 208/42/110 206/5/110 207/41/110 141/43/110
f 132/4/111 203/5/111 209/5/111
f 210/5/112 209/5/112 203/5/112 204/5/112
f 211/5/113 210/5/113 204/5/113 206/5/113
f 212/44/114 211/5/114 206/5/114 208/42/114
f 132/4/115 209/5/115 155/5/115
f 213/5/116 155/5/116 209/5/116 210/5/116
f 214/5/117 213/5/117 210/5/117 211/5/117
f 184/45/118 214/5/118 211/5/118 212/44/118
f 215/5/119 156/5/119 155/5/119 213/5/119
f 216/5/120 215/5/120 213/5/120 214/5/120
f 138/46/121 216/5/121 214/5/121 184/45/121
f 149/4/122 217/31/122 218/5/122
f 219/5/123 218/5/123 217/31/123 220/32/123
f 221/5/124 219/5/124 220/32/124 189/33/124
f 222/34/125 221/5/125 189/33/125 146/35/125
f 149/4/126 218/5/126 223/5/126
f 224/5/127 223/5/127 218/5/127 219/5/127
f 225/5/128 224/5/128 219/5/128 221/5/128
f 226/36/129 225/5/129 221/5/129 222/34/129
f 149/4/130 223/5/130 157/5/130
f 227/5/131 157/5/131 223/5/131 224/5/131
f 228/5/132 227/5/132 224/5/132 225/5/132
f 172/37/133 228/5/133 225/5/133 226/36/133
f 229/5/134 158/5/134 157/5/134 227/5/134
f 169/5/135 229/5/135 227/5/135 228/5/135
f 130/38/136 169/5/136 228/5/136 172/37/136
f 131/3/137 171/47/137 230/6/137
f 231/6/138 230/6/138 171/47/138 232/48/138
f 233/6/139 231/6/139 232/48/139 234/49/139
f 235/50/140 233/6/140 234/49/140 145/51/140
f 131/3/141 230/6/141 236/6/141
f 237/6/142 236/6/142 230/6/142 231/6/142
f 238/6/143 237/6/143 231/6/143 233/6/143
f 239/52/144 238/6/144 233/6/144 235/50/144
f 131/3/145 236/6/145 159/6/145
f 240/6/146 159/6/146 236/6/146 237/6/146
f 241/6/147 240/6/147 237/6/147 238/6/147
f 187/53/148 241/6/148 238/6/148 239/52/148
f 242/6/149 160/6/149 159/6/149 240/6/149
f 243/6/150 242/6/150 240/6/150 241/6/150
f 142/54/151 243/6/151 241/6/151 187/53/151
f 140/3/152 244/55/152 245/6/152
f 246/6/153 245/6/153 244/55/153 247/56/153
f 248/6/154 246/6/154 247/56/154 176/57/154
f 181/58/155 248/6/155 176/57/155 133/59/155
f 140/3/156 245/6/156 249/6/156
f 250/6/157 249/6/157 245/6/157 246/6/157
f 251/6/158 250/6/158 246/6/158 248/6/158
f 252/60/159 251/6/159 248/6/159 181/58/159
f 140/3/160 249/6/160 161/6/160
f 253/6/161 161/6/161 249/6/161 250/6/161
f 254/6/162 253/6/162 250/6/162 251/6/162
f 255/61/163 254/6/163 251/6/163 252/60/163
f 256/6/164 162/6/164 161/6/164 253/6/164
f 257/6/165 256/6/165 253/6/165 254/6/165
f 151/62/166 257/6/166 254/6/166 255/61/166
f 144/3/167 258/55/167 259/6/167
f 260/6/168 259/6/168 258/55/168 261/56/168
f 262/6/169 260/6/169 261/56/169 178/57/169
f 175/58/170 262/6/170 178/57/170 134/59/170
f 144/3/171 259/6/171 263/6/171
f 264/6/172 263/6/172 259/6/172 260/6/172
f 265/6/173 264/6/173 260/6/173 262/6/173
f 266/60/174 265/6/174 262/6/174 175/58/174
f 144/3/175 263/6/175 163/6/175
f 267/6/176 163/6/176 263/6/176 264/6/176
f 268/6/177 267/6/177 264/6/177 265/6/177
f 269/61/178 268/6/178 265/6/178 266/60/178
f 270/6/179 164/6/179 163/6/179 267/6/179
f 183/6/180 270/6/180 267/6/180 268/6/180
f 139/62/181 183/6/181 268/6/181 269/61/181
f 152/3/182 271/55/182 272/6/182
f 273/6/183 272/6/183 271/55/183 274/56/183
f 275/6/184 273/6/184 274/56/184 182/57/184
f 179/58/185 275/6/185 182/57/185 136/59/185
f 152/3/186 272/6/186 276/6/186
f 277/6/187 276/6/187 272/6/187 273/6/187
f 278/6/188 277/6/188 273/6/188 275/6/188
f 279/60/189 278/6/189 275/6/189 179/58/189
f 152/3/190 276/6/190 165/6/190
f 280/6/191 165/6/191 276/6/191 277/6/191
f 281/6/192 280/6/192 277/6/192 278/6/192
f 282/61/193 281/6/193 278/6/193 279/60/193
f 283/6/194 166/6/194 165/6/194 280/6/194
f 188/6/195 283/6/195 280/6/195 281/6/195
f 147/62/196 188/6/196 281/6/196 282/61/196
f 148/3/197 284/55/197 285/6/197
f 286/6/198 285/6/198 284/55/198 287/56/198
f 288/6/199 286/6/199 287/56/199 180/57/199
f 177/58/200 288/6/200 180/57/200 135/59/200
f 148/3/201 285/6/201 289/6/201
f 290/6/202 289/6/202 285/6/202 286/6/202
f 291/6/203 290/6/203 286/6/203 288/6/203
f 292/60/204 291/6/204 288/6/204 177/58/204
f 148/3/205 289/6/205 167/6/205
f 293/6/206 167/6/206 289/6/206 290/6/206
f 294/6/207 293/6/207 290/6/207 291/6/207
f 295/61/208 294/6/208 291/6/208 292/60/208
f 296/6/209 168/6/209 167/6/209 293/6/209
f 186/6/210 296/6/210 293/6/210 294/6/210
f 143/62/211 186/6/211 294/6/211 295/61/211
f 229/63/212 169/7/212 170/10/212 199/64/212
f 158/65/213 229/63/213 199/64/213 195/66/213
f 149/4/214 158/65/214 195/66/214 150/1/214
f 232/67/215 171/11/215 172/14/215 226/68/215
f 234/69/216 232/67/216 226/68/216 222/70/216
f 145/4/217 234/69/217 222/70/217 146/1/217
f 205/63/218 173/7/218 160/10/218 242/64/218
f 207/65/219 205/63/219 242/64/219 243/66/219
f 141/4/220 207/65/220 243/66/220 142/1/220
f 202/67/221 174/11/221 156/14/221 215/68/221
f 154/69/222 202/67/222 215/68/222 216/70/222
f 137/4/223 154/69/223 216/70/223 138/1/223
f 266/71/224 175/15/224 176/18/224 247/72/224
f 269/73/225 266/71/225 247/72/225 244/74/225
f 139/2/226 269/73/226 244/74/226 140/3/226
f 292/75/227 177/19/227 178/22/227 261/76/227
f 295/77/228 292/75/228 261/76/228 258/78/228
f 143/2/229 295/77/229 258/78/229 144/3/229
f 279/71/230 179/15/230 180/18/230 287/72/230
f 282/73/231 279/71/231 287/72/231 284/74/231
f 147/2/232 282/73/232 284/74/232 148/3/232
f 252/75/233 181/19/233 182/22/233 274/76/233
f 255/77/234 252/75/234 274/76/234 271/78/234
f 151/2/235 255/77/235 271/78/235 152/3/235
f 270/79/236 183/23/236 184/26/236 212/80/236
f 164/81/237 270/79/237 212/80/237 208/82/237
f 144/3/238 164/81/238 208/82/238 141/4/238
f 192/83/239 185/27/239 162/30/239 256/84/239
f 194/85/240 192/83/240 256/84/240 257/86/240
f 150/1/241 194/85/241 257/86/241 151/2/241
f 296/79/242 186/23/242 187/26/242 239/80/242
f 168/81/243 296/79/243 239/80/243 235/82/243
f 148/3/244 168/81/244 235/82/244 145/4/244
f 283/79/245 188/23/245 189/26/245 220/80/245
f 166/81/246 283/79/246 220/80/246 217/82/246
f 152/3/247 166/81/247 217/82/247 149/4/247
g Circle03
usemtl 09___Default
f 297//248 298//249 299//249 300//248
f 298//249 301//250 302//250 299//249
f 301//250 303//251 304//251 302//250
f 303//251 305//252 306//252 304//251
f 305//252 307//253 308//253 306//252
f 307//253 309//254 310//254 308//253
f 309//254 311//255 312//255 310//254
f 311//255 313//256 314//256 312//255
f 313//256 315//257 316//257 314//256
f 315//257 317//258 318//258 316//257
f 317//258 319//259 320//259 318//258
f 319//259 321//260 322//260 320//259
f 321//260 323//261 324//261 322//260
f 323//261 325//262 326//262 324//261
f 325//262 327//263 328//263 326//262
f 327//263 329//264 330//264 328//263
f 329//264 331//265 332//265 330//264
f 331//265 333//266 334//266 332//265
f 333//266 335//267 336//267 334//266
f 335//267 337//268 338//268 336//267
f 337//268 339//269 340//269 338//268
f 339//269 341//270 342//270 340//269
f 341//270 343//271 344//271 342//270
f 343//271 345//272 346//272 344//271
f 345//272 347//273 348//273 346//272
f 347//273 349//274 350//274 348//273
f 349//274 351//275 352//275 350//274
f 351//275 297//248 300//248 352//275
f 340//276 342//276 336//276 338//276
f 342//276 344//276 346//276 336//276
f 336//276 346//276 348//276 334//276
f 334//276 348//276 350//276 332//276
f 350//276 352//276 300//276 332//276
f 300//276 299//276 302//276 332//276
f 302//276 304//276 306//276 332//276
f 306//276 308//276 310//276 332//276
f 310//276 312//276 314//276 332//276
f 314//276 316//276 318//276 332//276
f 318//276 320//276 322//276 332//276
f 322//276 324//276 326//276 332//276
f 326//276 328//276 330//276 332//276
f 335//277 341//277 339//277 337//277
f 345//277 343//277 341//277 335//277
f 347//277 345//277 335//277 333//277
f 349//277 347//277 333//277 331//277
f 297//277 351//277 349//277 331//277
f 301//277 298//277 297//277 331//277
f 305//277 303//277 301//277 331//277
f 309//277 307//277 305//277 331//277
f 313//277 311//277 309//277 331//277
f 317//277 315//277 313//277 331//277
f 321//277 319//277 317//277 331//277
f 325//277 323//277 321//277 331//277
f 329//277 327//277 325//277 331//277
g Box33
usemtl keypad
f 353/87/278 354/88/278 355/89/278 356/90/278
f 357/90/279 358/87/279 359/88/279 360/89/279
f 361/90/280 362/87/280 363/88/280 364/89/280
f 365/90/281 366/87/281 367/88/281 368/89/281
f 369/90/282 370/87/282 371/88/282 372/89/282
f 373/90/283 374/87/283 375/88/283 376/89/283
f 361/90/284 377/91/284 378/91/284
f 356/90/285 379/91/285 380/91/285
f 373/90/286 381/91/286 382/91/286
f 355/89/287 383/92/287 384/92/287
f 364/89/288 385/92/288 386/92/288
f 368/89/289 387/92/289 388/92/289
f 376/89/290 389/92/290 390/92/290
f 372/89/291 391/92/291 392/92/291
f 393/93/292 354/94/292 353/95/292 394/96/292
f 395/97/293 355/98/293 354/99/293 396/100/293
f 397/93/294 356/94/294 355/95/294 384/96/294
f 398/97/295 353/98/295 356/99/295 380/100/295
f 399/101/296 358/102/296 357/103/296 400/104/296
f 401/105/297 359/106/297 358/107/297 402/108/297
f 403/101/298 360/102/298 359/103/298 404/104/298
f 405/105/299 357/106/299 360/107/299 406/108/299
f 407/109/300 363/110/300 362/111/300 408/112/300
f 409/113/301 361/114/301 364/115/301 386/116/301
f 410/109/302 367/110/302 366/111/302 411/112/302
f 412/109/303 371/110/303 370/111/303 413/112/303
f 361/90/304 409/117/304 414/91/304
f 415/91/305 414/91/305 409/117/305 416/118/305
f 417/91/306 415/91/306 416/118/306 418/119/306
f 419/120/307 417/91/307 418/119/307 374/121/307
f 361/90/308 414/91/308 420/91/308
f 421/91/309 420/91/309 414/91/309 415/91/309
f 422/91/310 421/91/310 415/91/310 417/91/310
f 423/122/311 422/91/311 417/91/311 419/120/311
f 361/90/312 420/91/312 377/91/312
f 424/91/313 377/91/313 420/91/313 421/91/313
f 425/91/314 424/91/314 421/91/314 422/91/314
f 394/123/315 425/91/315 422/91/315 423/122/315
f 426/91/316 378/91/316 377/91/316 424/91/316
f 398/91/317 426/91/317 424/91/317 425/91/317
f 353/124/318 398/91/318 425/91/318 394/123/318
f 356/90/319 397/125/319 427/91/319
f 428/91/320 427/91/320 397/125/320 429/126/320
f 430/91/321 428/91/321 429/126/321 431/127/321
f 432/128/322 430/91/322 431/127/322 365/129/322
f 356/90/323 427/91/323 433/91/323
f 434/91/324 433/91/324 427/91/324 428/91/324
f 435/91/325 434/91/325 428/91/325 430/91/325
f 436/130/326 435/91/326 430/91/326 432/128/326
f 356/90/327 433/91/327 379/91/327
f 437/91/328 379/91/328 433/91/328 434/91/328
f 438/91/329 437/91/329 434/91/329 435/91/329
f 408/131/330 438/91/330 435/91/330 436/130/330
f 439/91/331 380/91/331 379/91/331 437/91/331
f 440/91/332 439/91/332 437/91/332 438/91/332
f 362/132/333 440/91/333 438/91/333 408/131/333
f 373/90/334 441/117/334 442/91/334
f 443/91/335 442/91/335 441/117/335 444/118/335
f 445/91/336 443/91/336 444/118/336 413/119/336
f 446/120/337 445/91/337 413/119/337 370/121/337
f 373/90/338 442/91/338 447/91/338
f 448/91/339 447/91/339 442/91/339 443/91/339
f 449/91/340 448/91/340 443/91/340 445/91/340
f 450/122/341 449/91/341 445/91/341 446/120/341
f 373/90/342 447/91/342 381/91/342
f 451/91/343 381/91/343 447/91/343 448/91/343
f 452/91/344 451/91/344 448/91/344 449/91/344
f 396/123/345 452/91/345 449/91/345 450/122/345
f 453/91/346 382/91/346 381/91/346 451/91/346
f 393/91/347 453/91/347 451/91/347 452/91/347
f 354/124/348 393/91/348 452/91/348 396/123/348
f 355/89/349 395/133/349 454/92/349
f 455/92/350 454/92/350 395/133/350 456/134/350
f 457/92/351 455/92/351 456/134/351 458/135/351
f 459/136/352 457/92/352 458/135/352 369/137/352
f 355/89/353 454/92/353 460/92/353
f 461/92/354 460/92/354 454/92/354 455/92/354
f 462/92/355 461/92/355 455/92/355 457/92/355
f 463/138/356 462/92/356 457/92/356 459/136/356
f 355/89/357 460/92/357 383/92/357
f 464/92/358 383/92/358 460/92/358 461/92/358
f 465/92/359 464/92/359 461/92/359 462/92/359
f 411/139/360 465/92/360 462/92/360 463/138/360
f 466/92/361 384/92/361 383/92/361 464/92/361
f 467/92/362 466/92/362 464/92/362 465/92/362
f 366/140/363 467/92/363 465/92/363 411/139/363
f 364/89/364 468/141/364 469/92/364
f 470/92/365 469/92/365 468/141/365 471/142/365
f 472/92/366 470/92/366 471/142/366 400/143/366
f 405/144/367 472/92/367 400/143/367 357/145/367
f 364/89/368 469/92/368 473/92/368
f 474/92/369 473/92/369 469/92/369 470/92/369
f 475/92/370 474/92/370 470/92/370 472/92/370
f 476/146/371 475/92/371 472/92/371 405/144/371
f 364/89/372 473/92/372 385/92/372
f 477/92/373 385/92/373 473/92/373 474/92/373
f 478/92/374 477/92/374 474/92/374 475/92/374
f 479/147/375 478/92/375 475/92/375 476/146/375
f 480/92/376 386/92/376 385/92/376 477/92/376
f 481/92/377 480/92/377 477/92/377 478/92/377
f 375/148/378 481/92/378 478/92/378 479/147/378
f 368/89/379 482/141/379 483/92/379
f 484/92/380 483/92/380 482/141/380 485/142/380
f 486/92/381 484/92/381 485/142/381 402/143/381
f 399/144/382 486/92/382 402/143/382 358/145/382
f 368/89/383 483/92/383 487/92/383
f 488/92/384 487/92/384 483/92/384 484/92/384
f 489/92/385 488/92/385 484/92/385 486/92/385
f 490/146/386 489/92/386 486/92/386 399/144/386
f 368/89/387 487/92/387 387/92/387
f 491/92/388 387/92/388 487/92/388 488/92/388
f 492/92/389 491/92/389 488/92/389 489/92/389
f 493/147/390 492/92/390 489/92/390 490/146/390
f 494/92/391 388/92/391 387/92/391 491/92/391
f 407/92/392 494/92/392 491/92/392 492/92/392
f 363/148/393 407/92/393 492/92/393 493/147/393
f 376/89/394 495/141/394 496/92/394
f 497/92/395 496/92/395 495/141/395 498/142/395
f 499/92/396 497/92/396 498/142/396 406/143/396
f 403/144/397 499/92/397 406/143/397 360/145/397
f 376/89/398 496/92/398 500/92/398
f 501/92/399 500/92/399 496/92/399 497/92/399
f 502/92/400 501/92/400 497/92/400 499/92/400
f 503/146/401 502/92/401 499/92/401 403/144/401
f 376/89/402 500/92/402 389/92/402
f 504/92/403 389/92/403 500/92/403 501/92/403
f 505/92/404 504/92/404 501/92/404 502/92/404
f 506/147/405 505/92/405 502/92/405 503/146/405
f 507/92/406 390/92/406 389/92/406 504/92/406
f 412/92/407 507/92/407 504/92/407 505/92/407
f 371/148/408 412/92/408 505/92/408 506/147/408
f 372/89/409 508/141/409 509/92/409
f 510/92/410 509/92/410 508/141/410 511/142/410
f 512/92/411 510/92/411 511/142/411 404/143/411
f 401/144/412 512/92/412 404/143/412 359/145/412
f 372/89/413 509/92/413 513/92/413
f 514/92/414 513/92/414 509/92/414 510/92/414
f 515/92/415 514/92/415 510/92/415 512/92/415
f 516/146/416 515/92/416 512/92/416 401/144/416
f 372/89/417 513/92/417 391/92/417
f 517/92/418 391/92/418 513/92/418 514/92/418
f 518/92/419 517/92/419 514/92/419 515/92/419
f 519/147/420 518/92/420 515/92/420 516/146/420
f 520/92/421 392/92/421 391/92/421 517/92/421
f 410/92/422 520/92/422 517/92/422 518/92/422
f 367/148/423 410/92/423 518/92/423 519/147/423
f 453/149/424 393/93/424 394/96/424 423/150/424
f 382/151/425 453/149/425 423/150/425 419/152/425
f 373/90/426 382/151/426 419/152/426 374/87/426
f 456/153/427 395/97/427 396/100/427 450/154/427
f 458/155/428 456/153/428 450/154/428 446/156/428
f 369/90/429 458/155/429 446/156/429 370/87/429
f 429/149/430 397/93/430 384/96/430 466/150/430
f 431/151/431 429/149/431 466/150/431 467/152/431
f 365/90/432 431/151/432 467/152/432 366/87/432
f 426/153/433 398/97/433 380/100/433 439/154/433
f 378/155/434 426/153/434 439/154/434 440/156/434
f 361/90/435 378/155/435 440/156/435 362/87/435
f 490/157/436 399/101/436 400/104/436 471/158/436
f 493/159/437 490/157/437 471/158/437 468/160/437
f 363/88/438 493/159/438 468/160/438 364/89/438
f 516/161/439 401/105/439 402/108/439 485/162/439
f 519/163/440 516/161/440 485/162/440 482/164/440
f 367/88/441 519/163/441 482/164/441 368/89/441
f 503/157/442 403/101/442 404/104/442 511/158/442
f 506/159/443 503/157/443 511/158/443 508/160/443
f 371/88/444 506/159/444 508/160/444 372/89/444
f 476/161/445 405/105/445 406/108/445 498/162/445
f 479/163/446 476/161/446 498/162/446 495/164/446
f 375/88/447 479/163/447 495/164/447 376/89/447
f 494/165/448 407/109/448 408/112/448 436/166/448
f 388/167/449 494/165/449 436/166/449 432/168/449
f 368/89/450 388/167/450 432/168/450 365/90/450
f 416/169/451 409/113/451 386/116/451 480/170/451
f 418/171/452 416/169/452 480/170/452 481/172/452
f 374/87/453 418/171/453 481/172/453 375/88/453
f 520/165/454 410/109/454 411/112/454 463/166/454
f 392/167/455 520/165/455 463/166/455 459/168/455
f 372/89/456 392/167/456 459/168/456 369/90/456
f 507/165/457 412/109/457 413/112/457 444/166/457
f 390/167/458 507/165/458 444/166/458 441/168/458
f 376/89/459 390/167/459 441/168/459 373/90/459
g Circle02
usemtl 09___Default
f 521//460 522//461 523//461 524//460
f 522//461 525//462 526//462 523//461
f 525//462 527//463 528//463 526//462
f 527//463 529//464 530//464 528//463
f 529//464 531//465 532//465 530//464
f 531//465 533//466 534//466 532//465
f 533//466 535//467 536//467 534//466
f 535//467 537//468 538//468 536//467
f 537//468 539//469 540//469 538//468
f 539//469 541//470 542//470 540//469
f 541//470 543//471 544//471 542//470
f 543//471 545//472 546//472 544//471
f 545//472 547//473 548//473 546//472
f 547//473 549//474 550//474 548//473
f 549//474 551//475 552//475 550//474
f 551//475 553//476 554//476 552//475
f 553//476 555//477 556//477 554//476
f 555//477 557//478 558//478 556//477
f 557//478 559//479 560//479 558//478
f 559//479 561//480 562//480 560//479
f 561//480 563//481 564//481 562//480
f 563//481 565//482 566//482 564//481
f 565//482 567//483 568//483 566//482
f 567//483 569//484 570//484 568//483
f 569//484 571//485 572//485 570//484
f 571//485 573//486 574//486 572//485
f 573//486 575//487 576//487 574//486
f 575//487 521//460 524//460 576//487
f 561//488 559//488 565//488 563//488
f 559//488 569//488 567//488 565//488
f 557//488 571//488 569//488 559//488
f 555//488 573//488 571//488 557//488
f 555//488 521//488 575//488 573//488
f 555//488 525//488 522//488 521//488
f 555//488 529//488 527//488 525//488
f 555//488 533//488 531//488 529//488
f 555//488 537//488 535//488 533//488
f 555//488 541//488 539//488 537//488
f 555//488 545//488 543//488 541//488
f 555//488 549//488 547//488 545//488
f 555//488 553//488 551//488 549//488
f 562//489 564//489 566//489 560//489
f 560//489 566//489 568//489 570//489
f 558//489 560//489 570//489 572//489
f 556//489 558//489 572//489 574//489
f 556//489 574//489 576//489 524//489
f 556//489 524//489 523//489 526//489
f 556//489 526//489 528//489 530//489
f 556//489 530//489 532//489 534//489
f 556//489 534//489 536//489 538//489
f 556//489 538//489 540//489 542//489
f 556//489 542//489 544//489 546//489
f 556//489 546//489 548//489 550//489
f 556//489 550//489 552//489 554//489
g Box35
usemtl keypad
f 577/173/490 578/174/490 579/175/490 580/176/490
f 581/176/491 582/173/491 583/174/491 584/175/491
f 585/176/492 586/173/492 587/174/492 588/175/492
f 589/176/493 590/173/493 591/174/493 592/175/493
f 593/176/494 594/173/494 595/174/494 596/175/494
f 597/176/495 598/173/495 599/174/495 600/175/495
f 585/176/496 601/177/496 602/177/496
f 580/176/497 603/177/497 604/177/497
f 597/176/498 605/177/498 606/177/498
f 579/175/499 607/178/499 608/178/499
f 588/175/500 609/178/500 610/178/500
f 592/175/501 611/178/501 612/178/501
f 600/175/502 613/178/502 614/178/502
f 596/175/503 615/178/503 616/178/503
f 617/179/504 578/180/504 577/181/504 618/182/504
f 619/183/505 579/184/505 578/185/505 620/186/505
f 621/179/506 580/180/506 579/181/506 608/182/506
f 622/183/507 577/184/507 580/185/507 604/186/507
f 623/187/508 582/188/508 581/189/508 624/190/508
f 625/191/509 583/192/509 582/193/509 626/194/509
f 627/187/510 584/188/510 583/189/510 628/190/510
f 629/191/511 581/192/511 584/193/511 630/194/511
f 631/195/512 587/196/512 586/197/512 632/198/512
f 633/199/513 585/200/513 588/201/513 610/202/513
f 634/195/514 591/196/514 590/197/514 635/198/514
f 636/195/515 595/196/515 594/197/515 637/198/515
f 585/176/516 633/203/516 638/177/516
f 639/177/517 638/177/517 633/203/517 640/204/517
f 641/177/518 639/177/518 640/204/518 642/205/518
f 643/206/519 641/177/519 642/205/519 598/207/519
f 585/176/520 638/177/520 644/177/520
f 645/177/521 644/177/521 638/177/521 639/177/521
f 646/177/522 645/177/522 639/177/522 641/177/522
f 647/208/523 646/177/523 641/177/523 643/206/523
f 585/176/524 644/177/524 601/177/524
f 648/177/525 601/177/525 644/177/525 645/177/525
f 649/177/526 648/177/526 645/177/526 646/177/526
f 618/209/527 649/177/527 646/177/527 647/208/527
f 650/177/528 602/177/528 601/177/528 648/177/528
f 622/177/529 650/177/529 648/177/529 649/177/529
f 577/210/530 622/177/530 649/177/530 618/209/530
f 580/176/531 621/211/531 651/177/531
f 652/177/532 651/177/532 621/211/532 653/212/532
f 654/177/533 652/177/533 653/212/533 655/213/533
f 656/214/534 654/177/534 655/213/534 589/215/534
f 580/176/535 651/177/535 657/177/535
f 658/177/536 657/177/536 651/177/536 652/177/536
f 659/177/537 658/177/537 652/177/537 654/177/537
f 660/216/538 659/177/538 654/177/538 656/214/538
f 580/176/539 657/177/539 603/177/539
f 661/177/540 603/177/540 657/177/540 658/177/540
f 662/177/541 661/177/541 658/177/541 659/177/541
f 632/217/542 662/177/542 659/177/542 660/216/542
f 663/177/543 604/177/543 603/177/543 661/177/543
f 664/177/544 663/177/544 661/177/544 662/177/544
f 586/218/545 664/177/545 662/177/545 632/217/545
f 597/176/546 665/203/546 666/177/546
f 667/177/547 666/177/547 665/203/547 668/204/547
f 669/177/548 667/177/548 668/204/548 637/205/548
f 670/206/549 669/177/549 637/205/549 594/207/549
f 597/176/550 666/177/550 671/177/550
f 672/177/551 671/177/551 666/177/551 667/177/551
f 673/177/552 672/177/552 667/177/552 669/177/552
f 674/208/553 673/177/553 669/177/553 670/206/553
f 597/176/554 671/177/554 605/177/554
f 675/177/555 605/177/555 671/177/555 672/177/555
f 676/177/556 675/177/556 672/177/556 673/177/556
f 620/209/557 676/177/557 673/177/557 674/208/557
f 677/177/558 606/177/558 605/177/558 675/177/558
f 617/177/559 677/177/559 675/177/559 676/177/559
f 578/210/560 617/177/560 676/177/560 620/209/560
f 579/175/561 619/219/561 678/178/561
f 679/178/562 678/178/562 619/219/562 680/220/562
f 681/178/563 679/178/563 680/220/563 682/221/563
f 683/222/564 681/178/564 682/221/564 593/223/564
f 579/175/565 678/178/565 684/178/565
f 685/178/566 684/178/566 678/178/566 679/178/566
f 686/178/567 685/178/567 679/178/567 681/178/567
f 687/224/568 686/178/568 681/178/568 683/222/568
f 579/175/569 684/178/569 607/178/569
f 688/178/570 607/178/570 684/178/570 685/178/570
f 689/178/571 688/178/571 685/178/571 686/178/571
f 635/225/572 689/178/572 686/178/572 687/224/572
f 690/178/573 608/178/573 607/178/573 688/178/573
f 691/178/574 690/178/574 688/178/574 689/178/574
f 590/226/575 691/178/575 689/178/575 635/225/575
f 588/175/576 692/227/576 693/178/576
f 694/178/577 693/178/577 692/227/577 695/228/577
f 696/178/578 694/178/578 695/228/578 624/229/578
f 629/230/579 696/178/579 624/229/579 581/231/579
f 588/175/580 693/178/580 697/178/580
f 698/178/581 697/178/581 693/178/581 694/178/581
f 699/178/582 698/178/582 694/178/582 696/178/582
f 700/232/583 699/178/583 696/178/583 629/230/583
f 588/175/584 697/178/584 609/178/584
f 701/178/585 609/178/585 697/178/585 698/178/585
f 702/178/586 701/178/586 698/178/586 699/178/586
f 703/233/587 702/178/587 699/178/587 700/232/587
f 704/178/588 610/178/588 609/178/588 701/178/588
f 705/178/589 704/178/589 701/178/589 702/178/589
f 599/234/590 705/178/590 702/178/590 703/233/590
f 592/175/591 706/227/591 707/178/591
f 708/178/592 707/178/592 706/227/592 709/228/592
f 710/178/593 708/178/593 709/228/593 626/229/593
f 623/230/594 710/178/594 626/229/594 582/231/594
f 592/175/595 707/178/595 711/178/595
f 712/178/596 711/178/596 707/178/596 708/178/596
f 713/178/597 712/178/597 708/178/597 710/178/597
f 714/232/598 713/178/598 710/178/598 623/230/598
f 592/175/599 711/178/599 611/178/599
f 715/178/600 611/178/600 711/178/600 712/178/600
f 716/178/601 715/178/601 712/178/601 713/178/601
f 717/233/602 716/178/602 713/178/602 714/232/602
f 718/178/603 612/178/603 611/178/603 715/178/603
f 631/178/604 718/178/604 715/178/604 716/178/604
f 587/234/605 631/178/605 716/178/605 717/233/605
f 600/175/606 719/227/606 720/178/606
f 721/178/607 720/178/607 719/227/607 722/228/607
f 723/178/608 721/178/608 722/228/608 630/229/608
f 627/230/609 723/178/609 630/229/609 584/231/609
f 600/175/610 720/178/610 724/178/610
f 725/178/611 724/178/611 720/178/611 721/178/611
f 726/178/612 725/178/612 721/178/612 723/178/612
f 727/232/613 726/178/613 723/178/613 627/230/613
f 600/175/614 724/178/614 613/178/614
f 728/178/615 613/178/615 724/178/615 725/178/615
f 729/178/616 728/178/616 725/178/616 726/178/616
f 730/233/617 729/178/617 726/178/617 727/232/617
f 731/178/618 614/178/618 613/178/618 728/178/618
f 636/178/619 731/178/619 728/178/619 729/178/619
f 595/234/620 636/178/620 729/178/620 730/233/620
f 596/175/621 732/227/621 733/178/621
f 734/178/622 733/178/622 732/227/622 735/228/622
f 736/178/623 734/178/623 735/228/623 628/229/623
f 625/230/624 736/178/624 628/229/624 583/231/624
f 596/175/625 733/178/625 737/178/625
f 738/178/626 737/178/626 733/178/626 734/178/626
f 739/178/627 738/178/627 734/178/627 736/178/627
f 740/232/628 739/178/628 736/178/628 625/230/628
f 596/175/629 737/178/629 615/178/629
f 741/178/630 615/178/630 737/178/630 738/178/630
f 742/178/631 741/178/631 738/178/631 739/178/631
f 743/233/632 742/178/632 739/178/632 740/232/632
f 744/178/633 616/178/633 615/178/633 741/178/633
f 634/178/634 744/178/634 741/178/634 742/178/634
f 591/234/635 634/178/635 742/178/635 743/233/635
f 677/235/636 617/179/636 618/182/636 647/236/636
f 606/237/637 677/235/637 647/236/637 643/238/637
f 597/176/638 606/237/638 643/238/638 598/173/638
f 680/239/639 619/183/639 620/186/639 674/240/639
f 682/241/640 680/239/640 674/240/640 670/242/640
f 593/176/641 682/241/641 670/242/641 594/173/641
f 653/235/642 621/179/642 608/182/642 690/236/642
f 655/237/643 653/235/643 690/236/643 691/238/643
f 589/176/644 655/237/644 691/238/644 590/173/644
f 650/239/645 622/183/645 604/186/645 663/240/645
f 602/241/646 650/239/646 663/240/646 664/242/646
f 585/176/647 602/241/647 664/242/647 586/173/647
f 714/243/648 623/187/648 624/190/648 695/244/648
f 717/245/649 714/243/649 695/244/649 692/246/649
f 587/174/650 717/245/650 692/246/650 588/175/650
f 740/247/651 625/191/651 626/194/651 709/248/651
f 743/249/652 740/247/652 709/248/652 706/250/652
f 591/174/653 743/249/653 706/250/653 592/175/653
f 727/243/654 627/187/654 628/190/654 735/244/654
f 730/245/655 727/243/655 735/244/655 732/246/655
f 595/174/656 730/245/656 732/246/656 596/175/656
f 700/247/657 629/191/657 630/194/657 722/248/657
f 703/249/658 700/247/658 722/248/658 719/250/658
f 599/174/659 703/249/659 719/250/659 600/175/659
f 718/251/660 631/195/660 632/198/660 660/252/660
f 612/253/661 718/251/661 660/252/661 656/254/661
f 592/175/662 612/253/662 656/254/662 589/176/662
f 640/255/663 633/199/663 610/202/663 704/256/663
f 642/257/664 640/255/664 704/256/664 705/258/664
f 598/173/665 642/257/665 705/258/665 599/174/665
f 744/251/666 634/195/666 635/198/666 687/252/666
f 616/253/667 744/251/667 687/252/667 683/254/667
f 596/175/668 616/253/668 683/254/668 593/176/668
f 731/251/669 636/195/669 637/198/669 668/252/669
f 614/253/670 731/251/670 668/252/670 665/254/670
f 600/175/671 614/253/671 665/254/671 597/176/671
g Circle01
usemtl 09___Default
f 745//672 746//673 747//673 748//672
f 746//673 749//674 750//674 747//673
f 749//674 751//675 752//675 750//674
f 751//675 753//676 754//676 752//675
f 753//676 755//677 756//677 754//676
f 755//677 757//678 758//678 756//677
f 757//678 759//679 760//679 758//678
f 759//679 761//680 762//680 760//679
f 761//680 763//681 764//681 762//680
f 763//681 765//682 766//682 764//681
f 765//682 767//683 768//683 766//682
f 767//683 769//684 770//684 768//683
f 769//684 771//685 772//685 770//684
f 771//685 773//686 774//686 772//685
f 773//686 775//687 776//687 774//686
f 775//687 777//688 778//688 776//687
f 777//688 779//689 780//689 778//688
f 779//689 781//690 782//690 780//689
f 781//690 783//691 784//691 782//690
f 783//691 785//692 786//692 784//691
f 785//692 787//693 788//693 786//692
f 787//693 789//694 790//694 788//693
f 789//694 791//695 792//695 790//694
f 791//695 793//696 794//696 792//695
f 793//696 795//697 796//697 794//696
f 795//697 797//698 798//698 796//697
f 797//698 799//699 800//699 798//698
f 799//699 745//672 748//672 800//699
f 785//700 783//700 789//700 787//700
f 783//700 793//700 791//700 789//700
f 781//700 795//700 793//700 783//700
f 779//700 797//700 795//700 781//700
f 779//700 745//700 799//700 797//700
f 779//700 749//700 746//700 745//700
f 779//700 753//700 751//700 749//700
f 779//700 757//700 755//700 753//700
f 779//700 761//700 759//700 757//700
f 779//700 765//700 763//700 761//700
f 779//700 769//700 767//700 765//700
f 779//700 773//700 771//700 769//700
f 779//700 777//700 775//700 773//700
f 786//701 788//701 790//701 784//701
f 784//701 790//701 792//701 794//701
f 782//701 784//701 794//701 796//701
f 780//701 782//701 796//701 798//701
f 780//701 798//701 800//701 748//701
f 780//701 748//701 747//701 750//701
f 780//701 750//701 752//701 754//701
f 780//701 754//701 756//701 758//701
f 780//701 758//701 760//701 762//701
f 780//701 762//701 764//701 766//701
f 780//701 766//701 768//701 770//701
f 780//701 770//701 772//701 774//701
f 780//701 774//701 776//701 778//701
g Box37
usemtl keypad
f 801/259/702 802/260/702 803/261/702 804/262/702
f 805/262/703 806/259/703 807/260/703 808/261/703
f 809/262/704 810/259/704 811/260/704 812/261/704
f 813/262/705 814/259/705 815/260/705 816/261/705
f 817/262/706 818/259/706 819/260/706 820/261/706
f 821/262/707 822/259/707 823/260/707 824/261/707
f 809/262/708 825/263/708 826/263/708
f 804/262/709 827/263/709 828/263/709
f 821/262/710 829/263/710 830/263/710
f 803/261/711 831/264/711 832/264/711
f 812/261/712 833/264/712 834/264/712
f 816/261/713 835/264/713 836/264/713
f 824/261/714 837/264/714 838/264/714
f 820/261/715 839/264/715 840/264/715
f 841/265/716 802/266/716 801/267/716 842/268/716
f 843/269/717 803/270/717 802/271/717 844/272/717
f 845/265/718 804/266/718 803/267/718 832/268/718
f 846/269/719 801/270/719 804/271/719 828/272/719
f 847/273/720 806/274/720 805/275/720 848/276/720
f 849/277/721 807/278/721 806/279/721 850/280/721
f 851/273/722 808/274/722 807/275/722 852/276/722
f 853/277/723 805/278/723 808/279/723 854/280/723
f 855/281/724 811/282/724 810/283/724 856/284/724
f 857/285/725 809/286/725 812/287/725 834/288/725
f 858/281/726 815/282/726 814/283/726 859/284/726
f 860/281/727 819/282/727 818/283/727 861/284/727
f 809/262/728 857/289/728 862/263/728
f 863/263/729 862/263/729 857/289/729 864/290/729
f 865/263/730 863/263/730 864/290/730 866/291/730
f 867/292/731 865/263/731 866/291/731 822/293/731
f 809/262/732 862/263/732 868/263/732
f 869/263/733 868/263/733 862/263/733 863/263/733
f 870/263/734 869/263/734 863/263/734 865/263/734
f 871/294/735 870/263/735 865/263/735 867/292/735
f 809/262/736 868/263/736 825/263/736
f 872/263/737 825/263/737 868/263/737 869/263/737
f 873/263/738 872/263/738 869/263/738 870/263/738
f 842/295/739 873/263/739 870/263/739 871/294/739
f 874/263/740 826/263/740 825/263/740 872/263/740
f 846/263/741 874/263/741 872/263/741 873/263/741
f 801/296/742 846/263/742 873/263/742 842/295/742
f 804/262/743 845/297/743 875/263/743
f 876/263/744 875/263/744 845/297/744 877/298/744
f 878/263/745 876/263/745 877/298/745 879/299/745
f 880/300/746 878/263/746 879/299/746 813/301/746
f 804/262/747 875/263/747 881/263/747
f 882/263/748 881/263/748 875/263/748 876/263/748
f 883/263/749 882/263/749 876/263/749 878/263/749
f 884/302/750 883/263/750 878/263/750 880/300/750
f 804/262/751 881/263/751 827/263/751
f 885/263/752 827/263/752 881/263/752 882/263/752
f 886/263/753 885/263/753 882/263/753 883/263/753
f 856/303/754 886/263/754 883/263/754 884/302/754
f 887/263/755 828/263/755 827/263/755 885/263/755
f 888/263/756 887/263/756 885/263/756 886/263/756
f 810/304/757 888/263/757 886/263/757 856/303/757
f 821/262/758 889/289/758 890/263/758
f 891/263/759 890/263/759 889/289/759 892/290/759
f 893/263/760 891/263/760 892/290/760 861/291/760
f 894/292/761 893/263/761 861/291/761 818/293/761
f 821/262/762 890/263/762 895/263/762
f 896/263/763 895/263/763 890/263/763 891/263/763
f 897/263/764 896/263/764 891/263/764 893/263/764
f 898/294/765 897/263/765 893/263/765 894/292/765
f 821/262/766 895/263/766 829/263/766
f 899/263/767 829/263/767 895/263/767 896/263/767
f 900/263/768 899/263/768 896/263/768 897/263/768
f 844/295/769 900/263/769 897/263/769 898/294/769
f 901/263/770 830/263/770 829/263/770 899/263/770
f 841/263/771 901/263/771 899/263/771 900/263/771
f 802/296/772 841/263/772 900/263/772 844/295/772
f 803/261/773 843/305/773 902/264/773
f 903/264/774 902/264/774 843/305/774 904/306/774
f 905/264/775 903/264/775 904/306/775 906/307/775
f 907/308/776 905/264/776 906/307/776 817/309/776
f 803/261/777 902/264/777 908/264/777
f 909/264/778 908/264/778 902/264/778 903/264/778
f 910/264/779 909/264/779 903/264/779 905/264/779
f 911/310/780 910/264/780 905/264/780 907/308/780
f 803/261/781 908/264/781 831/264/781
f 912/264/782 831/264/782 908/264/782 909/264/782
f 913/264/783 912/264/783 909/264/783 910/264/783
f 859/311/784 913/264/784 910/264/784 911/310/784
f 914/264/785 832/264/785 831/264/785 912/264/785
f 915/264/786 914/264/786 912/264/786 913/264/786
f 814/312/787 915/264/787 913/264/787 859/311/787
f 812/261/788 916/313/788 917/264/788
f 918/264/789 917/264/789 916/313/789 919/314/789
f 920/264/790 918/264/790 919/314/790 848/315/790
f 853/316/791 920/264/791 848/315/791 805/317/791
f 812/261/792 917/264/792 921/264/792
f 922/264/793 921/264/793 917/264/793 918/264/793
f 923/264/794 922/264/794 918/264/794 920/264/794
f 924/318/795 923/264/795 920/264/795 853/316/795
f 812/261/796 921/264/796 833/264/796
f 925/264/797 833/264/797 921/264/797 922/264/797
f 926/264/798 925/264/798 922/264/798 923/264/798
f 927/319/799 926/264/799 923/264/799 924/318/799
f 928/264/800 834/264/800 833/264/800 925/264/800
f 929/264/801 928/264/801 925/264/801 926/264/801
f 823/320/802 929/264/802 926/264/802 927/319/802
f 816/261/803 930/313/803 931/264/803
f 932/264/804 931/264/804 930/313/804 933/314/804
f 934/264/805 932/264/805 933/314/805 850/315/805
f 847/316/806 934/264/806 850/315/806 806/317/806
f 816/261/807 931/264/807 935/264/807
f 936/264/808 935/264/808 931/264/808 932/264/808
f 937/264/809 936/264/809 932/264/809 934/264/809
f 938/318/810 937/264/810 934/264/810 847/316/810
f 816/261/811 935/264/811 835/264/811
f 939/264/812 835/264/812 935/264/812 936/264/812
f 940/264/813 939/264/813 936/264/813 937/264/813
f 941/319/814 940/264/814 937/264/814 938/318/814
f 942/264/815 836/264/815 835/264/815 939/264/815
f 855/264/816 942/264/816 939/264/816 940/264/816
f 811/320/817 855/264/817 940/264/817 941/319/817
f 824/261/818 943/313/818 944/264/818
f 945/264/819 944/264/819 943/313/819 946/314/819
f 947/264/820 945/264/820 946/314/820 854/315/820
f 851/316/821 947/264/821 854/315/821 808/317/821
f 824/261/822 944/264/822 948/264/822
f 949/264/823 948/264/823 944/264/823 945/264/823
f 950/264/824 949/264/824 945/264/824 947/264/824
f 951/318/825 950/264/825 947/264/825 851/316/825
f 824/261/826 948/264/826 837/264/826
f 952/264/827 837/264/827 948/264/827 949/264/827
f 953/264/828 952/264/828 949/264/828 950/264/828
f 954/319/829 953/264/829 950/264/829 951/318/829
f 955/264/830 838/264/830 837/264/830 952/264/830
f 860/264/831 955/264/831 952/264/831 953/264/831
f 819/320/832 860/264/832 953/264/832 954/319/832
f 820/261/833 956/313/833 957/264/833
f 958/264/834 957/264/834 956/313/834 959/314/834
f 960/264/835 958/264/835 959/314/835 852/315/835
f 849/316/836 960/264/836 852/315/836 807/317/836
f 820/261/837 957/264/837 961/264/837
f 962/264/838 961/264/838 957/264/838 958/264/838
f 963/264/839 962/264/839 958/264/839 960/264/839
f 964/318/840 963/264/840 960/264/840 849/316/840
f 820/261/841 961/264/841 839/264/841
f 965/264/842 839/264/842 961/264/842 962/264/842
f 966/264/843 965/264/843 962/264/843 963/264/843
f 967/319/844 966/264/844 963/264/844 964/318/844
f 968/264/845 840/264/845 839/264/845 965/264/845
f 858/264/846 968/264/846 965/264/846 966/264/846
f 815/320/847 858/264/847 966/264/847 967/319/847
f 901/321/848 841/265/848 842/268/848 871/322/848
f 830/323/849 901/321/849 871/322/849 867/324/849
f 821/262/850 830/323/850 867/324/850 822/259/850
f 904/325/851 843/269/851 844/272/851 898/326/851
f 906/327/852 904/325/852 898/326/852 894/328/852
f 817/262/853 906/327/853 894/328/853 818/259/853
f 877/321/854 845/265/854 832/268/854 914/322/854
f 879/323/855 877/321/855 914/322/855 915/324/855
f 813/262/856 879/323/856 915/324/856 814/259/856
f 874/325/857 846/269/857 828/272/857 887/326/857
f 826/327/858 874/325/858 887/326/858 888/328/858
f 809/262/859 826/327/859 888/328/859 810/259/859
f 938/329/860 847/273/860 848/276/860 919/330/860
f 941/331/861 938/329/861 919/330/861 916/332/861
f 811/260/862 941/331/862 916/332/862 812/261/862
f 964/333/863 849/277/863 850/280/863 933/334/863
f 967/335/864 964/333/864 933/334/864 930/336/864
f 815/260/865 967/335/865 930/336/865 816/261/865
f 951/329/866 851/273/866 852/276/866 959/330/866
f 954/331/867 951/329/867 959/330/867 956/332/867
f 819/260/868 954/331/868 956/332/868 820/261/868
f 924/333/869 853/277/869 854/280/869 946/334/869
f 927/335/870 924/333/870 946/334/870 943/336/870
f 823/260/871 927/335/871 943/336/871 824/261/871
f 942/337/872 855/281/872 856/284/872 884/338/872
f 836/339/873 942/337/873 884/338/873 880/340/873
f 816/261/874 836/339/874 880/340/874 813/262/874
f 864/341/875 857/285/875 834/288/875 928/342/875
f 866/343/876 864/341/876 928/342/876 929/344/876
f 822/259/877 866/343/877 929/344/877 823/260/877
f 968/337/878 858/281/878 859/284/878 911/338/878
f 840/339/879 968/337/879 911/338/879 907/340/879
f 820/261/880 840/339/880 907/340/880 817/262/880
f 955/337/881 860/281/881 861/284/881 892/338/881
f 838/339/882 955/337/882 892/338/882 889/340/882
f 824/261/883 838/339/883 889/340/883 821/262/883
g Box45
usemtl keypad
f 969/345/884 970/346/884 971/347/884 972/348/884
f 973/348/885 974/345/885 975/346/885 976/347/885
f 977/348/886 978/345/886 979/346/886 980/347/886
f 981/348/887 982/345/887 983/346/887 984/347/887
f 985/348/888 986/345/888 987/346/888 988/347/888
f 989/348/889 990/345/889 991/346/889 992/347/889
f 977/348/890 993/349/890 994/349/890
f 972/348/891 995/349/891 996/349/891
f 989/348/892 997/349/892 998/349/892
f 971/347/893 999/350/893 1000/350/893
f 980/347/894 1001/350/894 1002/350/894
f 984/347/895 1003/350/895 1004/350/895
f 992/347/896 1005/350/896 1006/350/896
f 988/347/897 1007/350/897 1008/350/897
f 1009/351/898 970/352/898 969/353/898 1010/354/898
f 1011/355/899 971/356/899 970/357/899 1012/358/899
f 1013/351/900 972/352/900 971/353/900 1000/354/900
f 1014/355/901 969/356/901 972/357/901 996/358/901
f 1015/359/902 974/360/902 973/361/902 1016/362/902
f 1017/363/903 975/364/903 974/365/903 1018/366/903
f 1019/359/904 976/360/904 975/361/904 1020/362/904
f 1021/363/905 973/364/905 976/365/905 1022/366/905
f 1023/367/906 979/368/906 978/369/906 1024/370/906
f 1025/371/907 977/372/907 980/373/907 1002/374/907
f 1026/367/908 983/368/908 982/369/908 1027/370/908
f 1028/367/909 987/368/909 986/369/909 1029/370/909
f 977/348/910 1025/375/910 1030/349/910
f 1031/349/911 1030/349/911 1025/375/911 1032/376/911
f 1033/349/912 1031/349/912 1032/376/912 1034/377/912
f 1035/378/913 1033/349/913 1034/377/913 990/379/913
f 977/348/914 1030/349/914 1036/349/914
f 1037/349/915 1036/349/915 1030/349/915 1031/349/915
f 1038/349/916 1037/349/916 1031/349/916 1033/349/916
f 1039/380/917 1038/349/917 1033/349/917 1035/378/917
f 977/348/918 1036/349/918 993/349/918
f 1040/349/919 993/349/919 1036/349/919 1037/349/919
f 1041/349/920 1040/349/920 1037/349/920 1038/349/920
f 1010/381/921 1041/349/921 1038/349/921 1039/380/921
f 1042/349/922 994/349/922 993/349/922 1040/349/922
f 1014/349/923 1042/349/923 1040/349/923 1041/349/923
f 969/382/924 1014/349/924 1041/349/924 1010/381/924
f 972/348/925 1013/383/925 1043/349/925
f 1044/349/926 1043/349/926 1013/383/926 1045/384/926
f 1046/349/927 1044/349/927 1045/384/927 1047/385/927
f 1048/386/928 1046/349/928 1047/385/928 981/387/928
f 972/348/929 1043/349/929 1049/349/929
f 1050/349/930 1049/349/930 1043/349/930 1044/349/930
f 1051/349/931 1050/349/931 1044/349/931 1046/349/931
f 1052/388/932 1051/349/932 1046/349/932 1048/386/932
f 972/348/933 1049/349/933 995/349/933
f 1053/349/934 995/349/934 1049/349/934 1050/349/934
f 1054/349/935 1053/349/935 1050/349/935 1051/349/935
f 1024/389/936 1054/349/936 1051/349/936 1052/388/936
f 1055/349/937 996/349/937 995/349/937 1053/349/937
f 1056/349/938 1055/349/938 1053/349/938 1054/349/938
f 978/390/939 1056/349/939 1054/349/939 1024/389/939
f 989/348/940 1057/375/940 1058/349/940
f 1059/349/941 1058/349/941 1057/375/941 1060/376/941
f 1061/349/942 1059/349/942 1060/376/942 1029/377/942
f 1062/378/943 1061/349/943 1029/377/943 986/379/943
f 989/348/944 1058/349/944 1063/349/944
f 1064/349/945 1063/349/945 1058/349/945 1059/349/945
f 1065/349/946 1064/349/946 1059/349/946 1061/349/946
f 1066/380/947 1065/349/947 1061/349/947 1062/378/947
f 989/348/948 1063/349/948 997/349/948
f 1067/349/949 997/349/949 1063/349/949 1064/349/949
f 1068/349/950 1067/349/950 1064/349/950 1065/349/950
f 1012/381/951 1068/349/951 1065/349/951 1066/380/951
f 1069/349/952 998/349/952 997/349/952 1067/349/952
f 1009/349/953 1069/349/953 1067/349/953 1068/349/953
f 970/382/954 1009/349/954 1068/349/954 1012/381/954
f 971/347/955 1011/391/955 1070/350/955
f 1071/350/956 1070/350/956 1011/391/956 1072/392/956
f 1073/350/957 1071/350/957 1072/392/957 1074/393/957
f 1075/394/958 1073/350/958 1074/393/958 985/395/958
f 971/347/959 1070/350/959 1076/350/959
f 1077/350/960 1076/350/960 1070/350/960 1071/350/960
f 1078/350/961 1077/350/961 1071/350/961 1073/350/961
f 1079/396/962 1078/350/962 1073/350/962 1075/394/962
f 971/347/963 1076/350/963 999/350/963
f 1080/350/964 999/350/964 1076/350/964 1077/350/964
f 1081/350/965 1080/350/965 1077/350/965 1078/350/965
f 1027/397/966 1081/350/966 1078/350/966 1079/396/966
f 1082/350/967 1000/350/967 999/350/967 1080/350/967
f 1083/350/968 1082/350/968 1080/350/968 1081/350/968
f 982/398/969 1083/350/969 1081/350/969 1027/397/969
f 980/347/970 1084/399/970 1085/350/970
f 1086/350/971 1085/350/971 1084/399/971 1087/400/971
f 1088/350/972 1086/350/972 1087/400/972 1016/401/972
f 1021/402/973 1088/350/973 1016/401/973 973/403/973
f 980/347/974 1085/350/974 1089/350/974
f 1090/350/975 1089/350/975 1085/350/975 1086/350/975
f 1091/350/976 1090/350/976 1086/350/976 1088/350/976
f 1092/404/977 1091/350/977 1088/350/977 1021/402/977
f 980/347/978 1089/350/978 1001/350/978
f 1093/350/979 1001/350/979 1089/350/979 1090/350/979
f 1094/350/980 1093/350/980 1090/350/980 1091/350/980
f 1095/405/981 1094/350/981 1091/350/981 1092/404/981
f 1096/350/982 1002/350/982 1001/350/982 1093/350/982
f 1097/350/983 1096/350/983 1093/350/983 1094/350/983
f 991/406/984 1097/350/984 1094/350/984 1095/405/984
f 984/347/985 1098/399/985 1099/350/985
f 1100/350/986 1099/350/986 1098/399/986 1101/400/986
f 1102/350/987 1100/350/987 1101/400/987 1018/401/987
f 1015/402/988 1102/350/988 1018/401/988 974/403/988
f 984/347/989 1099/350/989 1103/350/989
f 1104/350/990 1103/350/990 1099/350/990 1100/350/990
f 1105/350/991 1104/350/991 1100/350/991 1102/350/991
f 1106/404/992 1105/350/992 1102/350/992 1015/402/992
f 984/347/993 1103/350/993 1003/350/993
f 1107/350/994 1003/350/994 1103/350/994 1104/350/994
f 1108/350/995 1107/350/995 1104/350/995 1105/350/995
f 1109/405/996 1108/350/996 1105/350/996 1106/404/996
f 1110/350/997 1004/350/997 1003/350/997 1107/350/997
f 1023/350/998 1110/350/998 1107/350/998 1108/350/998
f 979/406/999 1023/350/999 1108/350/999 1109/405/999
f 992/347/1000 1111/399/1000 1112/350/1000
f 1113/350/1001 1112/350/1001 1111/399/1001 1114/400/1001
f 1115/350/1002 1113/350/1002 1114/400/1002 1022/401/1002
f 1019/402/1003 1115/350/1003 1022/401/1003 976/403/1003
f 992/347/1004 1112/350/1004 1116/350/1004
f 1117/350/1005 1116/350/1005 1112/350/1005 1113/350/1005
f 1118/350/1006 1117/350/1006 1113/350/1006 1115/350/1006
f 1119/404/1007 1118/350/1007 1115/350/1007 1019/402/1007
f 992/347/1008 1116/350/1008 1005/350/1008
f 1120/350/1009 1005/350/1009 1116/350/1009 1117/350/1009
f 1121/350/1010 1120/350/1010 1117/350/1010 1118/350/1010
f 1122/405/1011 1121/350/1011 1118/350/1011 1119/404/1011
f 1123/350/1012 1006/350/1012 1005/350/1012 1120/350/1012
f 1028/350/1013 1123/350/1013 1120/350/1013 1121/350/1013
f 987/406/1014 1028/350/1014 1121/350/1014 1122/405/1014
f 988/347/1015 1124/399/1015 1125/350/1015
f 1126/350/1016 1125/350/1016 1124/399/1016 1127/400/1016
f 1128/350/1017 1126/350/1017 1127/400/1017 1020/401/1017
f 1017/402/1018 1128/350/1018 1020/401/1018 975/403/1018
f 988/347/1019 1125/350/1019 1129/350/1019
f 1130/350/1020 1129/350/1020 1125/350/1020 1126/350/1020
f 1131/350/1021 1130/350/1021 1126/350/1021 1128/350/1021
f 1132/404/1022 1131/350/1022 1128/350/1022 1017/402/1022
f 988/347/1023 1129/350/1023 1007/350/1023
f 1133/350/1024 1007/350/1024 1129/350/1024 1130/350/1024
f 1134/350/1025 1133/350/1025 1130/350/1025 1131/350/1025
f 1135/405/1026 1134/350/1026 1131/350/1026 1132/404/1026
f 1136/350/1027 1008/350/1027 1007/350/1027 1133/350/1027
f 1026/350/1028 1136/350/1028 1133/350/1028 1134/350/1028
f 983/406/1029 1026/350/1029 1134/350/1029 1135/405/1029
f 1069/407/1030 1009/351/1030 1010/354/1030 1039/408/1030
f 998/409/1031 1069/407/1031 1039/408/1031 1035/410/1031
f 989/348/1032 998/409/1032 1035/410/1032 990/345/1032
f 1072/411/1033 1011/355/1033 1012/358/1033 1066/412/1033
f 1074/413/1034 1072/411/1034 1066/412/1034 1062/414/1034
f 985/348/1035 1074/413/1035 1062/414/1035 986/345/1035
f 1045/407/1036 1013/351/1036 1000/354/1036 1082/408/1036
f 1047/409/1037 1045/407/1037 1082/408/1037 1083/410/1037
f 981/348/1038 1047/409/1038 1083/410/1038 982/345/1038
f 1042/411/1039 1014/355/1039 996/358/1039 1055/412/1039
f 994/413/1040 1042/411/1040 1055/412/1040 1056/414/1040
f 977/348/1041 994/413/1041 1056/414/1041 978/345/1041
f 1106/415/1042 1015/359/1042 1016/362/1042 1087/416/1042
f 1109/417/1043 1106/415/1043 1087/416/1043 1084/418/1043
f 979/346/1044 1109/417/1044 1084/418/1044 980/347/1044
f 1132/419/1045 1017/363/1045 1018/366/1045 1101/420/1045
f 1135/421/1046 1132/419/1046 1101/420/1046 1098/422/1046
f 983/346/1047 1135/421/1047 1098/422/1047 984/347/1047
f 1119/415/1048 1019/359/1048 1020/362/1048 1127/416/1048
f 1122/417/1049 1119/415/1049 1127/416/1049 1124/418/1049
f 987/346/1050 1122/417/1050 1124/418/1050 988/347/1050
f 1092/419/1051 1021/363/1051 1022/366/1051 1114/420/1051
f 1095/421/1052 1092/419/1052 1114/420/1052 1111/422/1052
f 991/346/1053 1095/421/1053 1111/422/1053 992/347/1053
f 1110/423/1054 1023/367/1054 1024/370/1054 1052/424/1054
f 1004/425/1055 1110/423/1055 1052/424/1055 1048/426/1055
f 984/347/1056 1004/425/1056 1048/426/1056 981/348/1056
f 1032/427/1057 1025/371/1057 1002/374/1057 1096/428/1057
f 1034/429/1058 1032/427/1058 1096/428/1058 1097/430/1058
f 990/345/1059 1034/429/1059 1097/430/1059 991/346/1059
f 1136/423/1060 1026/367/1060 1027/370/1060 1079/424/1060
f 1008/425/1061 1136/423/1061 1079/424/1061 1075/426/1061
f 988/347/1062 1008/425/1062 1075/426/1062 985/348/1062
f 1123/423/1063 1028/367/1063 1029/370/1063 1060/424/1063
f 1006/425/1064 1123/423/1064 1060/424/1064 1057/426/1064
f 992/347/1065 1006/425/1065 1057/426/1065 989/348/1065
g Box42
usemtl keypad
f 1137/431/1066 1138/432/1066 1139/433/1066 1140/434/1066
f 1141/434/1067 1142/431/1067 1143/432/1067 1144/433/1067
f 1145/434/1068 1146/431/1068 1147/432/1068 1148/433/1068
f 1149/434/1069 1150/431/1069 1151/432/1069 1152/433/1069
f 1153/434/1070 1154/431/1070 1155/432/1070 1156/433/1070
f 1157/434/1071 1158/431/1071 1159/432/1071 1160/433/1071
f 1145/434/1072 1161/435/1072 1162/435/1072
f 1140/434/1073 1163/435/1073 1164/435/1073
f 1157/434/1074 1165/435/1074 1166/435/1074
f 1139/433/1075 1167/436/1075 1168/436/1075
f 1148/433/1076 1169/436/1076 1170/436/1076
f 1152/433/1077 1171/436/1077 1172/436/1077
f 1160/433/1078 1173/436/1078 1174/436/1078
f 1156/433/1079 1175/436/1079 1176/436/1079
f 1177/437/1080 1138/438/1080 1137/439/1080 1178/440/1080
f 1179/441/1081 1139/442/1081 1138/443/1081 1180/444/1081
f 1181/437/1082 1140/438/1082 1139/439/1082 1168/440/1082
f 1182/441/1083 1137/442/1083 1140/443/1083 1164/444/1083
f 1183/445/1084 1142/446/1084 1141/447/1084 1184/448/1084
f 1185/449/1085 1143/450/1085 1142/451/1085 1186/452/1085
f 1187/445/1086 1144/446/1086 1143/447/1086 1188/448/1086
f 1189/449/1087 1141/450/1087 1144/451/1087 1190/452/1087
f 1191/453/1088 1147/454/1088 1146/455/1088 1192/456/1088
f 1193/457/1089 1145/458/1089 1148/459/1089 1170/460/1089
f 1194/453/1090 1151/454/1090 1150/455/1090 1195/456/1090
f 1196/453/1091 1155/454/1091 1154/455/1091 1197/456/1091
f 1145/434/1092 1193/461/1092 1198/435/1092
f 1199/435/1093 1198/435/1093 1193/461/1093 1200/462/1093
f 1201/435/1094 1199/435/1094 1200/462/1094 1202/463/1094
f 1203/464/1095 1201/435/1095 1202/463/1095 1158/465/1095
f 1145/434/1096 1198/435/1096 1204/435/1096
f 1205/435/1097 1204/435/1097 1198/435/1097 1199/435/1097
f 1206/435/1098 1205/435/1098 1199/435/1098 1201/435/1098
f 1207/466/1099 1206/435/1099 1201/435/1099 1203/464/1099
f 1145/434/1100 1204/435/1100 1161/435/1100
f 1208/435/1101 1161/435/1101 1204/435/1101 1205/435/1101
f 1209/435/1102 1208/435/1102 1205/435/1102 1206/435/1102
f 1178/467/1103 1209/435/1103 1206/435/1103 1207/466/1103
f 1210/435/1104 1162/435/1104 1161/435/1104 1208/435/1104
f 1182/435/1105 1210/435/1105 1208/435/1105 1209/435/1105
f 1137/468/1106 1182/435/1106 1209/435/1106 1178/467/1106
f 1140/434/1107 1181/469/1107 1211/435/1107
f 1212/435/1108 1211/435/1108 1181/469/1108 1213/470/1108
f 1214/435/1109 1212/435/1109 1213/470/1109 1215/471/1109
f 1216/472/1110 1214/435/1110 1215/471/1110 1149/473/1110
f 1140/434/1111 1211/435/1111 1217/435/1111
f 1218/435/1112 1217/435/1112 1211/435/1112 1212/435/1112
f 1219/435/1113 1218/435/1113 1212/435/1113 1214/435/1113
f 1220/474/1114 1219/435/1114 1214/435/1114 1216/472/1114
f 1140/434/1115 1217/435/1115 1163/435/1115
f 1221/435/1116 1163/435/1116 1217/435/1116 1218/435/1116
f 1222/435/1117 1221/435/1117 1218/435/1117 1219/435/1117
f 1192/475/1118 1222/435/1118 1219/435/1118 1220/474/1118
f 1223/435/1119 1164/435/1119 1163/435/1119 1221/435/1119
f 1224/435/1120 1223/435/1120 1221/435/1120 1222/435/1120
f 1146/476/1121 1224/435/1121 1222/435/1121 1192/475/1121
f 1157/434/1122 1225/461/1122 1226/435/1122
f 1227/435/1123 1226/435/1123 1225/461/1123 1228/462/1123
f 1229/435/1124 1227/435/1124 1228/462/1124 1197/463/1124
f 1230/464/1125 1229/435/1125 1197/463/1125 1154/465/1125
f 1157/434/1126 1226/435/1126 1231/435/1126
f 1232/435/1127 1231/435/1127 1226/435/1127 1227/435/1127
f 1233/435/1128 1232/435/1128 1227/435/1128 1229/435/1128
f 1234/466/1129 1233/435/1129 1229/435/1129 1230/464/1129
f 1157/434/1130 1231/435/1130 1165/435/1130
f 1235/435/1131 1165/435/1131 1231/435/1131 1232/435/1131
f 1236/435/1132 1235/435/1132 1232/435/1132 1233/435/1132
f 1180/467/1133 1236/435/1133 1233/435/1133 1234/466/1133
f 1237/435/1134 1166/435/1134 1165/435/1134 1235/435/1134
f 1177/435/1135 1237/435/1135 1235/435/1135 1236/435/1135
f 1138/468/1136 1177/435/1136 1236/435/1136 1180/467/1136
f 1139/433/1137 1179/477/1137 1238/436/1137
f 1239/436/1138 1238/436/1138 1179/477/1138 1240/478/1138
f 1241/436/1139 1239/436/1139 1240/478/1139 1242/479/1139
f 1243/480/1140 1241/436/1140 1242/479/1140 1153/481/1140
f 1139/433/1141 1238/436/1141 1244/436/1141
f 1245/436/1142 1244/436/1142 1238/436/1142 1239/436/1142
f 1246/436/1143 1245/436/1143 1239/436/1143 1241/436/1143
f 1247/482/1144 1246/436/1144 1241/436/1144 1243/480/1144
f 1139/433/1145 1244/436/1145 1167/436/1145
f 1248/436/1146 1167/436/1146 1244/436/1146 1245/436/1146
f 1249/436/1147 1248/436/1147 1245/436/1147 1246/436/1147
f 1195/483/1148 1249/436/1148 1246/436/1148 1247/482/1148
f 1250/436/1149 1168/436/1149 1167/436/1149 1248/436/1149
f 1251/436/1150 1250/436/1150 1248/436/1150 1249/436/1150
f 1150/484/1151 1251/436/1151 1249/436/1151 1195/483/1151
f 1148/433/1152 1252/485/1152 1253/436/1152
f 1254/436/1153 1253/436/1153 1252/485/1153 1255/486/1153
f 1256/436/1154 1254/436/1154 1255/486/1154 1184/487/1154
f 1189/488/1155 1256/436/1155 1184/487/1155 1141/489/1155
f 1148/433/1156 1253/436/1156 1257/436/1156
f 1258/436/1157 1257/436/1157 1253/436/1157 1254/436/1157
f 1259/436/1158 1258/436/1158 1254/436/1158 1256/436/1158
f 1260/490/1159 1259/436/1159 1256/436/1159 1189/488/1159
f 1148/433/1160 1257/436/1160 1169/436/1160
f 1261/436/1161 1169/436/1161 1257/436/1161 1258/436/1161
f 1262/436/1162 1261/436/1162 1258/436/1162 1259/436/1162
f 1263/491/1163 1262/436/1163 1259/436/1163 1260/490/1163
f 1264/436/1164 1170/436/1164 1169/436/1164 1261/436/1164
f 1265/436/1165 1264/436/1165 1261/436/1165 1262/436/1165
f 1159/492/1166 1265/436/1166 1262/436/1166 1263/491/1166
f 1152/433/1167 1266/485/1167 1267/436/1167
f 1268/436/1168 1267/436/1168 1266/485/1168 1269/486/1168
f 1270/436/1169 1268/436/1169 1269/486/1169 1186/487/1169
f 1183/488/1170 1270/436/1170 1186/487/1170 1142/489/1170
f 1152/433/1171 1267/436/1171 1271/436/1171
f 1272/436/1172 1271/436/1172 1267/436/1172 1268/436/1172
f 1273/436/1173 1272/436/1173 1268/436/1173 1270/436/1173
f 1274/490/1174 1273/436/1174 1270/436/1174 1183/488/1174
f 1152/433/1175 1271/436/1175 1171/436/1175
f 1275/436/1176 1171/436/1176 1271/436/1176 1272/436/1176
f 1276/436/1177 1275/436/1177 1272/436/1177 1273/436/1177
f 1277/491/1178 1276/436/1178 1273/436/1178 1274/490/1178
f 1278/436/1179 1172/436/1179 1171/436/1179 1275/436/1179
f 1191/436/1180 1278/436/1180 1275/436/1180 1276/436/1180
f 1147/492/1181 1191/436/1181 1276/436/1181 1277/491/1181
f 1160/433/1182 1279/485/1182 1280/436/1182
f 1281/436/1183 1280/436/1183 1279/485/1183 1282/486/1183
f 1283/436/1184 1281/436/1184 1282/486/1184 1190/487/1184
f 1187/488/1185 1283/436/1185 1190/487/1185 1144/489/1185
f 1160/433/1186 1280/436/1186 1284/436/1186
f 1285/436/1187 1284/436/1187 1280/436/1187 1281/436/1187
f 1286/436/1188 1285/436/1188 1281/436/1188 1283/436/1188
f 1287/490/1189 1286/436/1189 1283/436/1189 1187/488/1189
f 1160/433/1190 1284/436/1190 1173/436/1190
f 1288/436/1191 1173/436/1191 1284/436/1191 1285/436/1191
f 1289/436/1192 1288/436/1192 1285/436/1192 1286/436/1192
f 1290/491/1193 1289/436/1193 1286/436/1193 1287/490/1193
f 1291/436/1194 1174/436/1194 1173/436/1194 1288/436/1194
f 1196/436/1195 1291/436/1195 1288/436/1195 1289/436/1195
f 1155/492/1196 1196/436/1196 1289/436/1196 1290/491/1196
f 1156/433/1197 1292/485/1197 1293/436/1197
f 1294/436/1198 1293/436/1198 1292/485/1198 1295/486/1198
f 1296/436/1199 1294/436/1199 1295/486/1199 1188/487/1199
f 1185/488/1200 1296/436/1200 1188/487/1200 1143/489/1200
f 1156/433/1201 1293/436/1201 1297/436/1201
f 1298/436/1202 1297/436/1202 1293/436/1202 1294/436/1202
f 1299/436/1203 1298/436/1203 1294/436/1203 1296/436/1203
f 1300/490/1204 1299/436/1204 1296/436/1204 1185/488/1204
f 1156/433/1205 1297/436/1205 1175/436/1205
f 1301/436/1206 1175/436/1206 1297/436/1206 1298/436/1206
f 1302/436/1207 1301/436/1207 1298/436/1207 1299/436/1207
f 1303/491/1208 1302/436/1208 1299/436/1208 1300/490/1208
f 1304/436/1209 1176/436/1209 1175/436/1209 1301/436/1209
f 1194/436/1210 1304/436/1210 1301/436/1210 1302/436/1210
f 1151/492/1211 1194/436/1211 1302/436/1211 1303/491/1211
f 1237/493/1212 1177/437/1212 1178/440/1212 1207/494/1212
f 1166/495/1213 1237/493/1213 1207/494/1213 1203/496/1213
f 1157/434/1214 1166/495/1214 1203/496/1214 1158/431/1214
f 1240/497/1215 1179/441/1215 1180/444/1215 1234/498/1215
f 1242/499/1216 1240/497/1216 1234/498/1216 1230/500/1216
f 1153/434/1217 1242/499/1217 1230/500/1217 1154/431/1217
f 1213/493/1218 1181/437/1218 1168/440/1218 1250/494/1218
f 1215/495/1219 1213/493/1219 1250/494/1219 1251/496/1219
f 1149/434/1220 1215/495/1220 1251/496/1220 1150/431/1220
f 1210/497/1221 1182/441/1221 1164/444/1221 1223/498/1221
f 1162/499/1222 1210/497/1222 1223/498/1222 1224/500/1222
f 1145/434/1223 1162/499/1223 1224/500/1223 1146/431/1223
f 1274/501/1224 1183/445/1224 1184/448/1224 1255/502/1224
f 1277/503/1225 1274/501/1225 1255/502/1225 1252/504/1225
f 1147/432/1226 1277/503/1226 1252/504/1226 1148/433/1226
f 1300/505/1227 1185/449/1227 1186/452/1227 1269/506/1227
f 1303/507/1228 1300/505/1228 1269/506/1228 1266/508/1228
f 1151/432/1229 1303/507/1229 1266/508/1229 1152/433/1229
f 1287/501/1230 1187/445/1230 1188/448/1230 1295/502/1230
f 1290/503/1231 1287/501/1231 1295/502/1231 1292/504/1231
f 1155/432/1232 1290/503/1232 1292/504/1232 1156/433/1232
f 1260/505/1233 1189/449/1233 1190/452/1233 1282/506/1233
f 1263/507/1234 1260/505/1234 1282/506/1234 1279/508/1234
f 1159/432/1235 1263/507/1235 1279/508/1235 1160/433/1235
f 1278/509/1236 1191/453/1236 1192/456/1236 1220/510/1236
f 1172/511/1237 1278/509/1237 1220/510/1237 1216/512/1237
f 1152/433/1238 1172/511/1238 1216/512/1238 1149/434/1238
f 1200/513/1239 1193/457/1239 1170/460/1239 1264/514/1239
f 1202/515/1240 1200/513/1240 1264/514/1240 1265/516/1240
f 1158/431/1241 1202/515/1241 1265/516/1241 1159/432/1241
f 1304/509/1242 1194/453/1242 1195/456/1242 1247/510/1242
f 1176/511/1243 1304/509/1243 1247/510/1243 1243/512/1243
f 1156/433/1244 1176/511/1244 1243/512/1244 1153/434/1244
f 1291/509/1245 1196/453/1245 1197/456/1245 1228/510/1245
f 1174/511/1246 1291/509/1246 1228/510/1246 1225/512/1246
f 1160/433/1247 1174/511/1247 1225/512/1247 1157/434/1247
g Rectangle05
usemtl 04___Default
f 1305//1248 1306//1248 1307//1248 1308//1248
f 1307//1248 1309//1248 1310//1248 1311//1248
f 1310//1248 1312//1248 1311//1248
f 1311//1248 1313//1248 1314//1248 1315//1248
f 1314//1248 1316//1248 1315//1248
f 1315//1248 1317//1248 1318//1248 1319//1248
f 1318//1248 1320//1248 1319//1248
f 1311//1248 1315//1248 1319//1248 1308//1248
f 1319//1248 1321//1248 1322//1248 1323//1248
f 1322//1248 1324//1248 1323//1248
f 1323//1248 1325//1248 1326//1248 1327//1248
f 1326//1248 1328//1248 1327//1248
f 1319//1248 1323//1248 1327//1248 1329//1248
f 1327//1248 1330//1248 1331//1248 1332//1248
f 1331//1248 1333//1248 1332//1248
f 1332//1248 1334//1248 1335//1248 1329//1248
f 1335//1248 1336//1248 1329//1248
f 1327//1248 1332//1248 1329//1248
f 1329//1248 1337//1248 1338//1248 1339//1248
f 1338//1248 1340//1248 1339//1248
f 1339//1248 1341//1248 1342//1248 1343//1248
f 1342//1248 1344//1248 1343//1248
f 1329//1248 1339//1248 1343//1248 1345//1248
f 1343//1248 1346//1248 1347//1248 1348//1248
f 1347//1248 1349//1248 1348//1248
f 1348//1248 1350//1248 1351//1248 1345//1248
f 1351//1248 1352//1248 1345//1248
f 1343//1248 1348//1248 1345//1248
f 1319//1248 1329//1248 1345//1248 1308//1248
f 1345//1248 1353//1248 1354//1248 1355//1248
f 1354//1248 1356//1248 1355//1248
f 1355//1248 1357//1248 1358//1248 1359//1248
f 1358//1248 1360//1248 1359//1248
f 1345//1248 1355//1248 1359//1248 1308//1248
f 1359//1248 1361//1248 1362//1248 1363//1248
f 1362//1248 1364//1248 1363//1248
f 1363//1248 1365//1248 1366//1248 1308//1248
f 1366//1248 1367//1248 1308//1248
f 1359//1248 1363//1248 1308//1248
f 1307//1248 1311//1248 1308//1248
f 1368//1248 1305//1248 1308//1248
f 1369//1249 1370//1249 1321//1249 1319//1249
f 1370//1250 1371//1250 1322//1250 1321//1250
f 1371//1251 1372//1251 1324//1251 1322//1251
f 1372//1252 1373//1252 1323//1252 1324//1252
f 1373//1253 1374//1253 1325//1253 1323//1253
f 1374//1254 1375//1254 1326//1254 1325//1254
f 1375//1255 1376//1255 1328//1255 1326//1255
f 1376//1256 1377//1256 1327//1256 1328//1256
f 1377//1257 1378//1257 1330//1257 1327//1257
f 1378//1258 1379//1258 1331//1258 1330//1258
f 1379//1259 1380//1259 1333//1259 1331//1259
f 1380//1260 1381//1260 1332//1260 1333//1260
f 1381//1261 1382//1261 1334//1261 1332//1261
f 1382//1262 1383//1262 1335//1262 1334//1262
f 1383//1263 1384//1263 1336//1263 1335//1263
f 1384//1264 1385//1264 1329//1264 1336//1264
f 1385//1265 1386//1265 1337//1265 1329//1265
f 1386//1266 1387//1266 1338//1266 1337//1266
f 1387//1267 1388//1267 1340//1267 1338//1267
f 1388//1268 1389//1268 1339//1268 1340//1268
f 1389//1269 1390//1269 1341//1269 1339//1269
f 1390//1270 1391//1270 1342//1270 1341//1270
f 1391//1271 1392//1271 1344//1271 1342//1271
f 1392//1272 1393//1272 1343//1272 1344//1272
f 1393//1273 1394//1273 1346//1273 1343//1273
f 1394//1274 1395//1274 1347//1274 1346//1274
f 1395//1275 1396//1275 1349//1275 1347//1275
f 1396//1276 1397//1276 1348//1276 1349//1276
f 1397//1277 1398//1277 1350//1277 1348//1277
f 1398//1278 1399//1278 1351//1278 1350//1278
f 1399//1279 1400//1279 1352//1279 1351//1279
f 1400//1280 1401//1280 1345//1280 1352//1280
f 1401//1281 1402//1281 1353//1281 1345//1281
f 1402//1282 1403//1282 1354//1282 1353//1282
f 1403//1283 1404//1283 1356//1283 1354//1283
f 1404//1284 1405//1284 1355//1284 1356//1284
f 1405//1285 1406//1285 1357//1285 1355//1285
f 1406//1286 1407//1286 1358//1286 1357//1286
f 1407//1287 1408//1287 1360//1287 1358//1287
f 1408//1288 1409//1288 1359//1288 1360//1288
f 1409//1289 1410//1289 1361//1289 1359//1289
f 1410//1290 1411//1290 1362//1290 1361//1290
f 1411//1291 1412//1291 1364//1291 1362//1291
f 1412//1292 1413//1292 1363//1292 1364//1292
f 1413//1293 1414//1293 1365//1293 1363//1293
f 1414//1294 1415//1294 1366//1294 1365//1294
f 1415//1295 1416//1295 1367//1295 1366//1295
f 1416//1296 1417//1296 1308//1296 1367//1296
f 1417//1297 1418//1297 1368//1297 1308//1297
f 1418//1298 1419//1298 1305//1298 1368//1298
f 1419//1299 1420//1299 1306//1299 1305//1299
f 1420//1300 1421//1300 1307//1300 1306//1300
f 1421//1301 1422//1301 1309//1301 1307//1301
f 1422//1302 1423//1302 1310//1302 1309//1302
f 1423//1303 1424//1303 1312//1303 1310//1303
f 1424//1304 1425//1304 1311//1304 1312//1304
f 1425//1305 1426//1305 1313//1305 1311//1305
f 1426//1306 1427//1306 1314//1306 1313//1306
f 1427//1307 1428//1307 1316//1307 1314//1307
f 1428//1308 1429//1308 1315//1308 1316//1308
f 1429//1309 1430//1309 1317//1309 1315//1309
f 1430//1310 1431//1310 1318//1310 1317//1310
f 1431//1311 1432//1311 1320//1311 1318//1311
f 1432//1312 1369//1312 1319//1312 1320//1312
g Box36
usemtl keypad
f 1433/517/1313 1434/518/1313 1435/519/1313 1436/520/1313
f 1437/520/1314 1438/517/1314 1439/518/1314 1440/519/1314
f 1441/520/1315 1442/517/1315 1443/518/1315 1444/519/1315
f 1445/520/1316 1446/517/1316 1447/518/1316 1448/519/1316
f 1449/520/1317 1450/517/1317 1451/518/1317 1452/519/1317
f 1453/520/1318 1454/517/1318 1455/518/1318 1456/519/1318
f 1441/520/1319 1457/521/1319 1458/521/1319
f 1436/520/1320 1459/521/1320 1460/521/1320
f 1453/520/1321 1461/521/1321 1462/521/1321
f 1435/519/1322 1463/522/1322 1464/522/1322
f 1444/519/1323 1465/522/1323 1466/522/1323
f 1448/519/1324 1467/522/1324 1468/522/1324
f 1456/519/1325 1469/522/1325 1470/522/1325
f 1452/519/1326 1471/522/1326 1472/522/1326
f 1473/523/1327 1434/524/1327 1433/525/1327 1474/526/1327
f 1475/527/1328 1435/528/1328 1434/529/1328 1476/530/1328
f 1477/523/1329 1436/524/1329 1435/525/1329 1464/526/1329
f 1478/527/1330 1433/528/1330 1436/529/1330 1460/530/1330
f 1479/531/1331 1438/532/1331 1437/533/1331 1480/534/1331
f 1481/535/1332 1439/536/1332 1438/537/1332 1482/538/1332
f 1483/531/1333 1440/532/1333 1439/533/1333 1484/534/1333
f 1485/535/1334 1437/536/1334 1440/537/1334 1486/538/1334
f 1487/539/1335 1443/540/1335 1442/541/1335 1488/542/1335
f 1489/543/1336 1441/544/1336 1444/545/1336 1466/546/1336
f 1490/539/1337 1447/540/1337 1446/541/1337 1491/542/1337
f 1492/539/1338 1451/540/1338 1450/541/1338 1493/542/1338
f 1441/520/1339 1489/547/1339 1494/521/1339
f 1495/521/1340 1494/521/1340 1489/547/1340 1496/548/1340
f 1497/521/1341 1495/521/1341 1496/548/1341 1498/549/1341
f 1499/550/1342 1497/521/1342 1498/549/1342 1454/551/1342
f 1441/520/1343 1494/521/1343 1500/521/1343
f 1501/521/1344 1500/521/1344 1494/521/1344 1495/521/1344
f 1502/521/1345 1501/521/1345 1495/521/1345 1497/521/1345
f 1503/552/1346 1502/521/1346 1497/521/1346 1499/550/1346
f 1441/520/1347 1500/521/1347 1457/521/1347
f 1504/521/1348 1457/521/1348 1500/521/1348 1501/521/1348
f 1505/521/1349 1504/521/1349 1501/521/1349 1502/521/1349
f 1474/553/1350 1505/521/1350 1502/521/1350 1503/552/1350
f 1506/521/1351 1458/521/1351 1457/521/1351 1504/521/1351
f 1478/521/1352 1506/521/1352 1504/521/1352 1505/521/1352
f 1433/554/1353 1478/521/1353 1505/521/1353 1474/553/1353
f 1436/520/1354 1477/555/1354 1507/521/1354
f 1508/521/1355 1507/521/1355 1477/555/1355 1509/556/1355
f 1510/521/1356 1508/521/1356 1509/556/1356 1511/557/1356
f 1512/558/1357 1510/521/1357 1511/557/1357 1445/559/1357
f 1436/520/1358 1507/521/1358 1513/521/1358
f 1514/521/1359 1513/521/1359 1507/521/1359 1508/521/1359
f 1515/521/1360 1514/521/1360 1508/521/1360 1510/521/1360
f 1516/560/1361 1515/521/1361 1510/521/1361 1512/558/1361
f 1436/520/1362 1513/521/1362 1459/521/1362
f 1517/521/1363 1459/521/1363 1513/521/1363 1514/521/1363
f 1518/521/1364 1517/521/1364 1514/521/1364 1515/521/1364
f 1488/561/1365 1518/521/1365 1515/521/1365 1516/560/1365
f 1519/521/1366 1460/521/1366 1459/521/1366 1517/521/1366
f 1520/521/1367 1519/521/1367 1517/521/1367 1518/521/1367
f 1442/562/1368 1520/521/1368 1518/521/1368 1488/561/1368
f 1453/520/1369 1521/547/1369 1522/521/1369
f 1523/521/1370 1522/521/1370 1521/547/1370 1524/548/1370
f 1525/521/1371 1523/521/1371 1524/548/1371 1493/549/1371
f 1526/550/1372 1525/521/1372 1493/549/1372 1450/551/1372
f 1453/520/1373 1522/521/1373 1527/521/1373
f 1528/521/1374 1527/521/1374 1522/521/1374 1523/521/1374
f 1529/521/1375 1528/521/1375 1523/521/1375 1525/521/1375
f 1530/552/1376 1529/521/1376 1525/521/1376 1526/550/1376
f 1453/520/1377 1527/521/1377 1461/521/1377
f 1531/521/1378 1461/521/1378 1527/521/1378 1528/521/1378
f 1532/521/1379 1531/521/1379 1528/521/1379 1529/521/1379
f 1476/553/1380 1532/521/1380 1529/521/1380 1530/552/1380
f 1533/521/1381 1462/521/1381 1461/521/1381 1531/521/1381
f 1473/521/1382 1533/521/1382 1531/521/1382 1532/521/1382
f 1434/554/1383 1473/521/1383 1532/521/1383 1476/553/1383
f 1435/519/1384 1475/563/1384 1534/522/1384
f 1535/522/1385 1534/522/1385 1475/563/1385 1536/564/1385
f 1537/522/1386 1535/522/1386 1536/564/1386 1538/565/1386
f 1539/566/1387 1537/522/1387 1538/565/1387 1449/567/1387
f 1435/519/1388 1534/522/1388 1540/522/1388
f 1541/522/1389 1540/522/1389 1534/522/1389 1535/522/1389
f 1542/522/1390 1541/522/1390 1535/522/1390 1537/522/1390
f 1543/568/1391 1542/522/1391 1537/522/1391 1539/566/1391
f 1435/519/1392 1540/522/1392 1463/522/1392
f 1544/522/1393 1463/522/1393 1540/522/1393 1541/522/1393
f 1545/522/1394 1544/522/1394 1541/522/1394 1542/522/1394
f 1491/569/1395 1545/522/1395 1542/522/1395 1543/568/1395
f 1546/522/1396 1464/522/1396 1463/522/1396 1544/522/1396
f 1547/522/1397 1546/522/1397 1544/522/1397 1545/522/1397
f 1446/570/1398 1547/522/1398 1545/522/1398 1491/569/1398
f 1444/519/1399 1548/571/1399 1549/522/1399
f 1550/522/1400 1549/522/1400 1548/571/1400 1551/572/1400
f 1552/522/1401 1550/522/1401 1551/572/1401 1480/573/1401
f 1485/574/1402 1552/522/1402 1480/573/1402 1437/575/1402
f 1444/519/1403 1549/522/1403 1553/522/1403
f 1554/522/1404 1553/522/1404 1549/522/1404 1550/522/1404
f 1555/522/1405 1554/522/1405 1550/522/1405 1552/522/1405
f 1556/576/1406 1555/522/1406 1552/522/1406 1485/574/1406
f 1444/519/1407 1553/522/1407 1465/522/1407
f 1557/522/1408 1465/522/1408 1553/522/1408 1554/522/1408
f 1558/522/1409 1557/522/1409 1554/522/1409 1555/522/1409
f 1559/577/1410 1558/522/1410 1555/522/1410 1556/576/1410
f 1560/522/1411 1466/522/1411 1465/522/1411 1557/522/1411
f 1561/522/1412 1560/522/1412 1557/522/1412 1558/522/1412
f 1455/578/1413 1561/522/1413 1558/522/1413 1559/577/1413
f 1448/519/1414 1562/571/1414 1563/522/1414
f 1564/522/1415 1563/522/1415 1562/571/1415 1565/572/1415
f 1566/522/1416 1564/522/1416 1565/572/1416 1482/573/1416
f 1479/574/1417 1566/522/1417 1482/573/1417 1438/575/1417
f 1448/519/1418 1563/522/1418 1567/522/1418
f 1568/522/1419 1567/522/1419 1563/522/1419 1564/522/1419
f 1569/522/1420 1568/522/1420 1564/522/1420 1566/522/1420
f 1570/576/1421 1569/522/1421 1566/522/1421 1479/574/1421
f 1448/519/1422 1567/522/1422 1467/522/1422
f 1571/522/1423 1467/522/1423 1567/522/1423 1568/522/1423
f 1572/522/1424 1571/522/1424 1568/522/1424 1569/522/1424
f 1573/577/1425 1572/522/1425 1569/522/1425 1570/576/1425
f 1574/522/1426 1468/522/1426 1467/522/1426 1571/522/1426
f 1487/522/1427 1574/522/1427 1571/522/1427 1572/522/1427
f 1443/578/1428 1487/522/1428 1572/522/1428 1573/577/1428
f 1456/519/1429 1575/571/1429 1576/522/1429
f 1577/522/1430 1576/522/1430 1575/571/1430 1578/572/1430
f 1579/522/1431 1577/522/1431 1578/572/1431 1486/573/1431
f 1483/574/1432 1579/522/1432 1486/573/1432 1440/575/1432
f 1456/519/1433 1576/522/1433 1580/522/1433
f 1581/522/1434 1580/522/1434 1576/522/1434 1577/522/1434
f 1582/522/1435 1581/522/1435 1577/522/1435 1579/522/1435
f 1583/576/1436 1582/522/1436 1579/522/1436 1483/574/1436
f 1456/519/1437 1580/522/1437 1469/522/1437
f 1584/522/1438 1469/522/1438 1580/522/1438 1581/522/1438
f 1585/522/1439 1584/522/1439 1581/522/1439 1582/522/1439
f 1586/577/1440 1585/522/1440 1582/522/1440 1583/576/1440
f 1587/522/1441 1470/522/1441 1469/522/1441 1584/522/1441
f 1492/522/1442 1587/522/1442 1584/522/1442 1585/522/1442
f 1451/578/1443 1492/522/1443 1585/522/1443 1586/577/1443
f 1452/519/1444 1588/571/1444 1589/522/1444
f 1590/522/1445 1589/522/1445 1588/571/1445 1591/572/1445
f 1592/522/1446 1590/522/1446 1591/572/1446 1484/573/1446
f 1481/574/1447 1592/522/1447 1484/573/1447 1439/575/1447
f 1452/519/1448 1589/522/1448 1593/522/1448
f 1594/522/1449 1593/522/1449 1589/522/1449 1590/522/1449
f 1595/522/1450 1594/522/1450 1590/522/1450 1592/522/1450
f 1596/576/1451 1595/522/1451 1592/522/1451 1481/574/1451
f 1452/519/1452 1593/522/1452 1471/522/1452
f 1597/522/1453 1471/522/1453 1593/522/1453 1594/522/1453
f 1598/522/1454 1597/522/1454 1594/522/1454 1595/522/1454
f 1599/577/1455 1598/522/1455 1595/522/1455 1596/576/1455
f 1600/522/1456 1472/522/1456 1471/522/1456 1597/522/1456
f 1490/522/1457 1600/522/1457 1597/522/1457 1598/522/1457
f 1447/578/1458 1490/522/1458 1598/522/1458 1599/577/1458
f 1533/579/1459 1473/523/1459 1474/526/1459 1503/580/1459
f 1462/581/1460 1533/579/1460 1503/580/1460 1499/582/1460
f 1453/520/1461 1462/581/1461 1499/582/1461 1454/517/1461
f 1536/583/1462 1475/527/1462 1476/530/1462 1530/584/1462
f 1538/585/1463 1536/583/1463 1530/584/1463 1526/586/1463
f 1449/520/1464 1538/585/1464 1526/586/1464 1450/517/1464
f 1509/579/1465 1477/523/1465 1464/526/1465 1546/580/1465
f 1511/581/1466 1509/579/1466 1546/580/1466 1547/582/1466
f 1445/520/1467 1511/581/1467 1547/582/1467 1446/517/1467
f 1506/583/1468 1478/527/1468 1460/530/1468 1519/584/1468
f 1458/585/1469 1506/583/1469 1519/584/1469 1520/586/1469
f 1441/520/1470 1458/585/1470 1520/586/1470 1442/517/1470
f 1570/587/1471 1479/531/1471 1480/534/1471 1551/588/1471
f 1573/589/1472 1570/587/1472 1551/588/1472 1548/590/1472
f 1443/518/1473 1573/589/1473 1548/590/1473 1444/519/1473
f 1596/591/1474 1481/535/1474 1482/538/1474 1565/592/1474
f 1599/593/1475 1596/591/1475 1565/592/1475 1562/594/1475
f 1447/518/1476 1599/593/1476 1562/594/1476 1448/519/1476
f 1583/587/1477 1483/531/1477 1484/534/1477 1591/588/1477
f 1586/589/1478 1583/587/1478 1591/588/1478 1588/590/1478
f 1451/518/1479 1586/589/1479 1588/590/1479 1452/519/1479
f 1556/591/1480 1485/535/1480 1486/538/1480 1578/592/1480
f 1559/593/1481 1556/591/1481 1578/592/1481 1575/594/1481
f 1455/518/1482 1559/593/1482 1575/594/1482 1456/519/1482
f 1574/595/1483 1487/539/1483 1488/542/1483 1516/596/1483
f 1468/597/1484 1574/595/1484 1516/596/1484 1512/598/1484
f 1448/519/1485 1468/597/1485 1512/598/1485 1445/520/1485
f 1496/599/1486 1489/543/1486 1466/546/1486 1560/600/1486
f 1498/601/1487 1496/599/1487 1560/600/1487 1561/602/1487
f 1454/517/1488 1498/601/1488 1561/602/1488 1455/518/1488
f 1600/595/1489 1490/539/1489 1491/542/1489 1543/596/1489
f 1472/597/1490 1600/595/1490 1543/596/1490 1539/598/1490
f 1452/519/1491 1472/597/1491 1539/598/1491 1449/520/1491
f 1587/595/1492 1492/539/1492 1493/542/1492 1524/596/1492
f 1470/597/1493 1587/595/1493 1524/596/1493 1521/598/1493
f 1456/519/1494 1470/597/1494 1521/598/1494 1453/520/1494
g Box34
usemtl keypad
f 1601/603/1495 1602/604/1495 1603/605/1495 1604/606/1495
f 1605/606/1496 1606/603/1496 1607/604/1496 1608/605/1496
f 1609/606/1497 1610/603/1497 1611/604/1497 1612/605/1497
f 1613/606/1498 1614/603/1498 1615/604/1498 1616/605/1498
f 1617/606/1499 1618/603/1499 1619/604/1499 1620/605/1499
f 1621/606/1500 1622/603/1500 1623/604/1500 1624/605/1500
f 1609/606/1501 1625/607/1501 1626/607/1501
f 1604/606/1502 1627/607/1502 1628/607/1502
f 1621/606/1503 1629/607/1503 1630/607/1503
f 1603/605/1504 1631/608/1504 1632/608/1504
f 1612/605/1505 1633/608/1505 1634/608/1505
f 1616/605/1506 1635/608/1506 1636/608/1506
f 1624/605/1507 1637/608/1507 1638/608/1507
f 1620/605/1508 1639/608/1508 1640/608/1508
f 1641/609/1509 1602/610/1509 1601/611/1509 1642/612/1509
f 1643/613/1510 1603/614/1510 1602/615/1510 1644/616/1510
f 1645/609/1511 1604/610/1511 1603/611/1511 1632/612/1511
f 1646/613/1512 1601/614/1512 1604/615/1512 1628/616/1512
f 1647/617/1513 1606/618/1513 1605/619/1513 1648/620/1513
f 1649/621/1514 1607/622/1514 1606/623/1514 1650/624/1514
f 1651/617/1515 1608/618/1515 1607/619/1515 1652/620/1515
f 1653/621/1516 1605/622/1516 1608/623/1516 1654/624/1516
f 1655/625/1517 1611/626/1517 1610/627/1517 1656/628/1517
f 1657/629/1518 1609/630/1518 1612/631/1518 1634/632/1518
f 1658/625/1519 1615/626/1519 1614/627/1519 1659/628/1519
f 1660/625/1520 1619/626/1520 1618/627/1520 1661/628/1520
f 1609/606/1521 1657/633/1521 1662/607/1521
f 1663/607/1522 1662/607/1522 1657/633/1522 1664/634/1522
f 1665/607/1523 1663/607/1523 1664/634/1523 1666/635/1523
f 1667/636/1524 1665/607/1524 1666/635/1524 1622/637/1524
f 1609/606/1525 1662/607/1525 1668/607/1525
f 1669/607/1526 1668/607/1526 1662/607/1526 1663/607/1526
f 1670/607/1527 1669/607/1527 1663/607/1527 1665/607/1527
f 1671/638/1528 1670/607/1528 1665/607/1528 1667/636/1528
f 1609/606/1529 1668/607/1529 1625/607/1529
f 1672/607/1530 1625/607/1530 1668/607/1530 1669/607/1530
f 1673/607/1531 1672/607/1531 1669/607/1531 1670/607/1531
f 1642/639/1532 1673/607/1532 1670/607/1532 1671/638/1532
f 1674/607/1533 1626/607/1533 1625/607/1533 1672/607/1533
f 1646/607/1534 1674/607/1534 1672/607/1534 1673/607/1534
f 1601/640/1535 1646/607/1535 1673/607/1535 1642/639/1535
f 1604/606/1536 1645/641/1536 1675/607/1536
f 1676/607/1537 1675/607/1537 1645/641/1537 1677/642/1537
f 1678/607/1538 1676/607/1538 1677/642/1538 1679/643/1538
f 1680/644/1539 1678/607/1539 1679/643/1539 1613/645/1539
f 1604/606/1540 1675/607/1540 1681/607/1540
f 1682/607/1541 1681/607/1541 1675/607/1541 1676/607/1541
f 1683/607/1542 1682/607/1542 1676/607/1542 1678/607/1542
f 1684/646/1543 1683/607/1543 1678/607/1543 1680/644/1543
f 1604/606/1544 1681/607/1544 1627/607/1544
f 1685/607/1545 1627/607/1545 1681/607/1545 1682/607/1545
f 1686/607/1546 1685/607/1546 1682/607/1546 1683/607/1546
f 1656/647/1547 1686/607/1547 1683/607/1547 1684/646/1547
f 1687/607/1548 1628/607/1548 1627/607/1548 1685/607/1548
f 1688/607/1549 1687/607/1549 1685/607/1549 1686/607/1549
f 1610/648/1550 1688/607/1550 1686/607/1550 1656/647/1550
f 1621/606/1551 1689/633/1551 1690/607/1551
f 1691/607/1552 1690/607/1552 1689/633/1552 1692/634/1552
f 1693/607/1553 1691/607/1553 1692/634/1553 1661/635/1553
f 1694/636/1554 1693/607/1554 1661/635/1554 1618/637/1554
f 1621/606/1555 1690/607/1555 1695/607/1555
f 1696/607/1556 1695/607/1556 1690/607/1556 1691/607/1556
f 1697/607/1557 1696/607/1557 1691/607/1557 1693/607/1557
f 1698/638/1558 1697/607/1558 1693/607/1558 1694/636/1558
f 1621/606/1559 1695/607/1559 1629/607/1559
f 1699/607/1560 1629/607/1560 1695/607/1560 1696/607/1560
f 1700/607/1561 1699/607/1561 1696/607/1561 1697/607/1561
f 1644/639/1562 1700/607/1562 1697/607/1562 1698/638/1562
f 1701/607/1563 1630/607/1563 1629/607/1563 1699/607/1563
f 1641/607/1564 1701/607/1564 1699/607/1564 1700/607/1564
f 1602/640/1565 1641/607/1565 1700/607/1565 1644/639/1565
f 1603/605/1566 1643/649/1566 1702/608/1566
f 1703/608/1567 1702/608/1567 1643/649/1567 1704/650/1567
f 1705/608/1568 1703/608/1568 1704/650/1568 1706/651/1568
f 1707/652/1569 1705/608/1569 1706/651/1569 1617/653/1569
f 1603/605/1570 1702/608/1570 1708/608/1570
f 1709/608/1571 1708/608/1571 1702/608/1571 1703/608/1571
f 1710/608/1572 1709/608/1572 1703/608/1572 1705/608/1572
f 1711/654/1573 1710/608/1573 1705/608/1573 1707/652/1573
f 1603/605/1574 1708/608/1574 1631/608/1574
f 1712/608/1575 1631/608/1575 1708/608/1575 1709/608/1575
f 1713/608/1576 1712/608/1576 1709/608/1576 1710/608/1576
f 1659/655/1577 1713/608/1577 1710/608/1577 1711/654/1577
f 1714/608/1578 1632/608/1578 1631/608/1578 1712/608/1578
f 1715/608/1579 1714/608/1579 1712/608/1579 1713/608/1579
f 1614/656/1580 1715/608/1580 1713/608/1580 1659/655/1580
f 1612/605/1581 1716/657/1581 1717/608/1581
f 1718/608/1582 1717/608/1582 1716/657/1582 1719/658/1582
f 1720/608/1583 1718/608/1583 1719/658/1583 1648/659/1583
f 1653/660/1584 1720/608/1584 1648/659/1584 1605/661/1584
f 1612/605/1585 1717/608/1585 1721/608/1585
f 1722/608/1586 1721/608/1586 1717/608/1586 1718/608/1586
f 1723/608/1587 1722/608/1587 1718/608/1587 1720/608/1587
f 1724/662/1588 1723/608/1588 1720/608/1588 1653/660/1588
f 1612/605/1589 1721/608/1589 1633/608/1589
f 1725/608/1590 1633/608/1590 1721/608/1590 1722/608/1590
f 1726/608/1591 1725/608/1591 1722/608/1591 1723/608/1591
f 1727/663/1592 1726/608/1592 1723/608/1592 1724/662/1592
f 1728/608/1593 1634/608/1593 1633/608/1593 1725/608/1593
f 1729/608/1594 1728/608/1594 1725/608/1594 1726/608/1594
f 1623/664/1595 1729/608/1595 1726/608/1595 1727/663/1595
f 1616/605/1596 1730/657/1596 1731/608/1596
f 1732/608/1597 1731/608/1597 1730/657/1597 1733/658/1597
f 1734/608/1598 1732/608/1598 1733/658/1598 1650/659/1598
f 1647/660/1599 1734/608/1599 1650/659/1599 1606/661/1599
f 1616/605/1600 1731/608/1600 1735/608/1600
f 1736/608/1601 1735/608/1601 1731/608/1601 1732/608/1601
f 1737/608/1602 1736/608/1602 1732/608/1602 1734/608/1602
f 1738/662/1603 1737/608/1603 1734/608/1603 1647/660/1603
f 1616/605/1604 1735/608/1604 1635/608/1604
f 1739/608/1605 1635/608/1605 1735/608/1605 1736/608/1605
f 1740/608/1606 1739/608/1606 1736/608/1606 1737/608/1606
f 1741/663/1607 1740/608/1607 1737/608/1607 1738/662/1607
f 1742/608/1608 1636/608/1608 1635/608/1608 1739/608/1608
f 1655/608/1609 1742/608/1609 1739/608/1609 1740/608/1609
f 1611/664/1610 1655/608/1610 1740/608/1610 1741/663/1610
f 1624/605/1611 1743/657/1611 1744/608/1611
f 1745/608/1612 1744/608/1612 1743/657/1612 1746/658/1612
f 1747/608/1613 1745/608/1613 1746/658/1613 1654/659/1613
f 1651/660/1614 1747/608/1614 1654/659/1614 1608/661/1614
f 1624/605/1615 1744/608/1615 1748/608/1615
f 1749/608/1616 1748/608/1616 1744/608/1616 1745/608/1616
f 1750/608/1617 1749/608/1617 1745/608/1617 1747/608/1617
f 1751/662/1618 1750/608/1618 1747/608/1618 1651/660/1618
f 1624/605/1619 1748/608/1619 1637/608/1619
f 1752/608/1620 1637/608/1620 1748/608/1620 1749/608/1620
f 1753/608/1621 1752/608/1621 1749/608/1621 1750/608/1621
f 1754/663/1622 1753/608/1622 1750/608/1622 1751/662/1622
f 1755/608/1623 1638/608/1623 1637/608/1623 1752/608/1623
f 1660/608/1624 1755/608/1624 1752/608/1624 1753/608/1624
f 1619/664/1625 1660/608/1625 1753/608/1625 1754/663/1625
f 1620/605/1626 1756/657/1626 1757/608/1626
f 1758/608/1627 1757/608/1627 1756/657/1627 1759/658/1627
f 1760/608/1628 1758/608/1628 1759/658/1628 1652/659/1628
f 1649/660/1629 1760/608/1629 1652/659/1629 1607/661/1629
f 1620/605/1630 1757/608/1630 1761/608/1630
f 1762/608/1631 1761/608/1631 1757/608/1631 1758/608/1631
f 1763/608/1632 1762/608/1632 1758/608/1632 1760/608/1632
f 1764/662/1633 1763/608/1633 1760/608/1633 1649/660/1633
f 1620/605/1634 1761/608/1634 1639/608/1634
f 1765/608/1635 1639/608/1635 1761/608/1635 1762/608/1635
f 1766/608/1636 1765/608/1636 1762/608/1636 1763/608/1636
f 1767/663/1637 1766/608/1637 1763/608/1637 1764/662/1637
f 1768/608/1638 1640/608/1638 1639/608/1638 1765/608/1638
f 1658/608/1639 1768/608/1639 1765/608/1639 1766/608/1639
f 1615/664/1640 1658/608/1640 1766/608/1640 1767/663/1640
f 1701/665/1641 1641/609/1641 1642/612/1641 1671/666/1641
f 1630/667/1642 1701/665/1642 1671/666/1642 1667/668/1642
f 1621/606/1643 1630/667/1643 1667/668/1643 1622/603/1643
f 1704/669/1644 1643/613/1644 1644/616/1644 1698/670/1644
f 1706/671/1645 1704/669/1645 1698/670/1645 1694/672/1645
f 1617/606/1646 1706/671/1646 1694/672/1646 1618/603/1646
f 1677/665/1647 1645/609/1647 1632/612/1647 1714/666/1647
f 1679/667/1648 1677/665/1648 1714/666/1648 1715/668/1648
f 1613/606/1649 1679/667/1649 1715/668/1649 1614/603/1649
f 1674/669/1650 1646/613/1650 1628/616/1650 1687/670/1650
f 1626/671/1651 1674/669/1651 1687/670/1651 1688/672/1651
f 1609/606/1652 1626/671/1652 1688/672/1652 1610/603/1652
f 1738/673/1653 1647/617/1653 1648/620/1653 1719/674/1653
f 1741/675/1654 1738/673/1654 1719/674/1654 1716/676/1654
f 1611/604/1655 1741/675/1655 1716/676/1655 1612/605/1655
f 1764/677/1656 1649/621/1656 1650/624/1656 1733/678/1656
f 1767/679/1657 1764/677/1657 1733/678/1657 1730/680/1657
f 1615/604/1658 1767/679/1658 1730/680/1658 1616/605/1658
f 1751/673/1659 1651/617/1659 1652/620/1659 1759/674/1659
f 1754/675/1660 1751/673/1660 1759/674/1660 1756/676/1660
f 1619/604/1661 1754/675/1661 1756/676/1661 1620/605/1661
f 1724/677/1662 1653/621/1662 1654/624/1662 1746/678/1662
f 1727/679/1663 1724/677/1663 1746/678/1663 1743/680/1663
f 1623/604/1664 1727/679/1664 1743/680/1664 1624/605/1664
f 1742/681/1665 1655/625/1665 1656/628/1665 1684/682/1665
f 1636/683/1666 1742/681/1666 1684/682/1666 1680/684/1666
f 1616/605/1667 1636/683/1667 1680/684/1667 1613/606/1667
f 1664/685/1668 1657/629/1668 1634/632/1668 1728/686/1668
f 1666/687/1669 1664/685/1669 1728/686/1669 1729/688/1669
f 1622/603/1670 1666/687/1670 1729/688/1670 1623/604/1670
f 1768/681/1671 1658/625/1671 1659/628/1671 1711/682/1671
f 1640/683/1672 1768/681/1672 1711/682/1672 1707/684/1672
f 1620/605/1673 1640/683/1673 1707/684/1673 1617/606/1673
f 1755/681/1674 1660/625/1674 1661/628/1674 1692/682/1674
f 1638/683/1675 1755/681/1675 1692/682/1675 1689/684/1675
f 1624/605/1676 1638/683/1676 1689/684/1676 1621/606/1676
g Rectangle04
usemtl 07___Default
f 1769//1677 1770//1677 1771//1677 1772//1677
f 1773//1677 1774//1677 1771//1677 1770//1677
f 1775//1677 1776//1677 1771//1677 1774//1677
f 1777//1677 1772//1677 1771//1677 1776//1677
f 1778//1677 1779//1677 1780//1677 1781//1677
f 1782//1677 1783//1678 1780//1677 1779//1677
f 1775//1677 1774//1677 1780//1677 1783//1678
f 1773//1677 1781//1677 1780//1677 1774//1677
f 1784//1677 1785//1677 1786//1677 1787//1677
f 1788//1677 1789//1678 1786//1677 1785//1677
f 1775//1677 1783//1678 1786//1677 1789//1678
f 1782//1677 1787//1677 1786//1677 1783//1678
f 1790//1677 1791//1677 1792//1677 1793//1677
f 1794//1677 1795//1678 1792//1677 1791//1677
f 1775//1677 1789//1678 1792//1677 1795//1678
f 1788//1677 1793//1677 1792//1677 1789//1678
f 1796//1677 1797//1677 1798//1679 1799//1677
f 1800//1677 1801//1678 1798//1679 1797//1677
f 1775//1677 1795//1678 1798//1679 1801//1678
f 1794//1677 1799//1677 1798//1679 1795//1678
f 1802//1677 1803//1677 1804//1678 1805//1677
f 1806//1677 1807//1678 1804//1678 1803//1677
f 1775//1677 1801//1678 1804//1678 1807//1678
f 1800//1677 1805//1677 1804//1678 1801//1678
f 1808//1677 1809//1677 1810//1678 1811//1677
f 1812//1677 1813//1678 1810//1678 1809//1677
f 1775//1677 1807//1678 1810//1678 1813//1678
f 1806//1677 1811//1677 1810//1678 1807//1678
f 1814//1677 1815//1677 1816//1678 1817//1677
f 1818//1677 1819//1678 1816//1678 1815//1677
f 1775//1677 1813//1678 1816//1678 1819//1678
f 1812//1677 1817//1677 1816//1678 1813//1678
f 1820//1677 1821//1677 1822//1678 1823//1677
f 1824//1677 1825//1678 1822//1678 1821//1677
f 1775//1677 1819//1678 1822//1678 1825//1678
f 1818//1677 1823//1677 1822//1678 1819//1678
f 1826//1677 1827//1677 1828//1678 1829//1677
f 1830//1677 1831//1678 1828//1678 1827//1677
f 1775//1677 1825//1678 1828//1678 1831//1678
f 1824//1677 1829//1677 1828//1678 1825//1678
f 1832//1677 1833//1677 1834//1678 1835//1677
f 1836//1677 1837//1678 1834//1678 1833//1677
f 1775//1677 1831//1678 1834//1678 1837//1678
f 1830//1677 1835//1677 1834//1678 1831//1678
f 1838//1677 1839//1677 1840//1677 1841//1677
f 1842//1677 1843//1678 1840//1677 1839//1677
f 1775//1677 1837//1678 1840//1677 1843//1678
f 1836//1677 1841//1677 1840//1677 1837//1678
f 1844//1677 1845//1677 1846//1679 1847//1677
f 1848//1677 1849//1678 1846//1679 1845//1677
f 1775//1677 1843//1678 1846//1679 1849//1678
f 1842//1677 1847//1677 1846//1679 1843//1678
f 1850//1677 1851//1677 1852//1679 1853//1677
f 1854//1677 1855//1678 1852//1679 1851//1677
f 1775//1677 1849//1678 1852//1679 1855//1678
f 1848//1677 1853//1677 1852//1679 1849//1678
f 1856//1677 1857//1677 1858//1679 1859//1677
f 1860//1677 1861//1678 1858//1679 1857//1677
f 1775//1677 1855//1678 1858//1679 1861//1678
f 1854//1677 1859//1677 1858//1679 1855//1678
f 1862//1677 1863//1677 1864//1679 1865//1677
f 1866//1677 1867//1678 1864//1679 1863//1677
f 1775//1677 1861//1678 1864//1679 1867//1678
f 1860//1677 1865//1677 1864//1679 1861//1678
f 1868//1677 1869//1677 1870//1678 1871//1677
f 1872//1680 1873//1679 1870//1678 1869//1677
f 1775//1677 1867//1678 1870//1678 1873//1679
f 1866//1677 1871//1677 1870//1678 1867//1678
f 1874//1677 1875//1677 1876//1678 1877//1677
f 1878//1680 1879//1679 1876//1678 1875//1677
f 1775//1677 1873//1679 1876//1678 1879//1679
f 1872//1680 1877//1677 1876//1678 1873//1679
f 1880//1677 1881//1677 1882//1678 1883//1677
f 1884//1680 1885//1679 1882//1678 1881//1677
f 1775//1677 1879//1679 1882//1678 1885//1679
f 1878//1680 1883//1677 1882//1678 1879//1679
f 1886//1677 1887//1677 1888//1678 1889//1677
f 1890//1680 1891//1679 1888//1678 1887//1677
f 1775//1677 1885//1679 1888//1678 1891//1679
f 1884//1680 1889//1677 1888//1678 1885//1679
f 1892//1677 1893//1677 1894//1680 1895//1677
f 1896//1680 1897//1679 1894//1680 1893//1677
f 1775//1677 1891//1679 1894//1680 1897//1679
f 1890//1680 1895//1677 1894//1680 1891//1679
f 1898//1677 1899//1677 1900//1679 1901//1677
f 1902//1680 1903//1679 1900//1679 1899//1677
f 1775//1677 1897//1679 1900//1679 1903//1679
f 1896//1680 1901//1677 1900//1679 1897//1679
f 1904//1677 1905//1677 1906//1679 1907//1677
f 1908//1680 1909//1679 1906//1679 1905//1677
f 1775//1677 1903//1679 1906//1679 1909//1679
f 1902//1680 1907//1677 1906//1679 1903//1679
f 1910//1677 1911//1677 1912//1679 1913//1677
f 1914//1680 1915//1679 1912//1679 1911//1677
f 1775//1677 1909//1679 1912//1679 1915//1679
f 1908//1680 1913//1677 1912//1679 1909//1679
f 1916//1677 1917//1677 1918//1679 1919//1677
f 1920//1680 1921//1679 1918//1679 1917//1677
f 1775//1677 1915//1679 1918//1679 1921//1679
f 1914//1680 1919//1677 1918//1679 1915//1679
f 1922//1677 1923//1677 1924//1679 1925//1677
f 1926//1680 1927//1679 1924//1679 1923//1677
f 1775//1677 1921//1679 1924//1679 1927//1679
f 1920//1680 1925//1677 1924//1679 1921//1679
f 1928//1677 1929//1677 1930//1679 1931//1677
f 1932//1680 1933//1679 1930//1679 1929//1677
f 1775//1677 1927//1679 1930//1679 1933//1679
f 1926//1680 1931//1677 1930//1679 1927//1679
f 1934//1677 1935//1677 1936//1678 1937//1677
f 1938//1680 1939//1679 1936//1678 1935//1677
f 1775//1677 1933//1679 1936//1678 1939//1679
f 1932//1680 1937//1677 1936//1678 1933//1679
f 1940//1677 1941//1677 1942//1680 1943//1677
f 1944//1680 1945//1679 1942//1680 1941//1677
f 1775//1677 1939//1679 1942//1680 1945//1679
f 1938//1680 1943//1677 1942//1680 1939//1679
f 1946//1677 1947//1677 1948//1680 1949//1677
f 1950//1680 1951//1679 1948//1680 1947//1677
f 1775//1677 1945//1679 1948//1680 1951//1679
f 1944//1680 1949//1677 1948//1680 1945//1679
f 1952//1677 1953//1677 1954//1680 1955//1677
f 1956//1680 1957//1680 1954//1680 1953//1677
f 1775//1677 1951//1679 1954//1680 1957//1680
f 1950//1680 1955//1677 1954//1680 1951//1679
f 1958//1677 1959//1677 1960//1680 1961//1677
f 1962//1680 1963//1680 1960//1680 1959//1677
f 1775//1677 1957//1680 1960//1680 1963//1680
f 1956//1680 1961//1677 1960//1680 1957//1680
f 1964//1677 1965//1677 1966//1679 1967//1677
f 1968//1680 1969//1680 1966//1679 1965//1677
f 1775//1677 1963//1680 1966//1679 1969//1680
f 1962//1680 1967//1677 1966//1679 1963//1680
f 1970//1677 1971//1677 1972//1679 1973//1677
f 1974//1680 1975//1680 1972//1679 1971//1677
f 1775//1677 1969//1680 1972//1679 1975//1680
f 1968//1680 1973//1677 1972//1679 1969//1680
f 1976//1677 1977//1677 1978//1680 1979//1677
f 1980//1680 1981//1680 1978//1680 1977//1677
f 1775//1677 1975//1680 1978//1680 1981//1680
f 1974//1680 1979//1677 1978//1680 1975//1680
f 1982//1677 1983//1677 1984//1680 1985//1677
f 1986//1680 1987//1680 1984//1680 1983//1677
f 1775//1677 1981//1680 1984//1680 1987//1680
f 1980//1680 1985//1677 1984//1680 1981//1680
f 1988//1677 1989//1677 1990//1680 1991//1677
f 1992//1680 1993//1680 1990//1680 1989//1677
f 1775//1677 1987//1680 1990//1680 1993//1680
f 1986//1680 1991//1677 1990//1680 1987//1680
f 1994//1677 1995//1677 1996//1680 1997//1677
f 1998//1680 1999//1680 1996//1680 1995//1677
f 1775//1677 1993//1680 1996//1680 1999//1680
f 1992//1680 1997//1677 1996//1680 1993//1680
f 2000//1677 2001//1677 2002//1680 2003//1677
f 2004//1680 2005//1680 2002//1680 2001//1677
f 1775//1677 1999//1680 2002//1680 2005//1680
f 1998//1680 2003//1677 2002//1680 1999//1680
f 2006//1677 2007//1677 2008//1680 2009//1677
f 2010//1680 2011//1680 2008//1680 2007//1677
f 1775//1677 2005//1680 2008//1680 2011//1680
f 2004//1680 2009//1677 2008//1680 2005//1680
f 2012//1677 2013//1677 2014//1680 2015//1677
f 2016//1680 2017//1680 2014//1680 2013//1677
f 1775//1677 2011//1680 2014//1680 2017//1680
f 2010//1680 2015//1677 2014//1680 2011//1680
f 2018//1677 2019//1677 2020//1680 2021//1677
f 2022//1680 2023//1680 2020//1680 2019//1677
f 1775//1677 2017//1680 2020//1680 2023//1680
f 2016//1680 2021//1677 2020//1680 2017//1680
f 2024//1677 2025//1677 2026//1680 2027//1677
f 2028//1680 2029//1680 2026//1680 2025//1677
f 1775//1677 2023//1680 2026//1680 2029//1680
f 2022//1680 2027//1677 2026//1680 2023//1680
f 2030//1677 2031//1677 2032//1680 2033//1677
f 2034//1680 2035//1680 2032//1680 2031//1677
f 1775//1677 2029//1680 2032//1680 2035//1680
f 2028//1680 2033//1677 2032//1680 2029//1680
f 2036//1677 2037//1677 2038//1680 2039//1677
f 2040//1680 2041//1680 2038//1680 2037//1677
f 1775//1677 2035//1680 2038//1680 2041//1680
f 2034//1680 2039//1677 2038//1680 2035//1680
f 2042//1677 2043//1677 2044//1680 2045//1677
f 2046//1680 2047//1680 2044//1680 2043//1677
f 1775//1677 2041//1680 2044//1680 2047//1680
f 2040//1680 2045//1677 2044//1680 2041//1680
f 2048//1677 2049//1677 2050//1677 2051//1677
f 2052//1680 2053//1680 2050//1677 2049//1677
f 1775//1677 2047//1680 2050//1677 2053//1680
f 2046//1680 2051//1677 2050//1677 2047//1680
f 2054//1677 2055//1677 2056//1677 2057//1677
f 2058//1677 2059//1677 2056//1677 2055//1677
f 1775//1677 2053//1680 2056//1677 2059//1677
f 2052//1680 2057//1677 2056//1677 2053//1680
f 2060//1677 2061//1677 2062//1680 2063//1677
f 2064//1677 2065//1677 2062//1680 2061//1677
f 1775//1677 2059//1677 2062//1680 2065//1677
f 2058//1677 2063//1677 2062//1680 2059//1677
f 2066//1677 2067//1677 2068//1680 2069//1677
f 2070//1677 2071//1677 2068//1680 2067//1677
f 1775//1677 2065//1677 2068//1680 2071//1677
f 2064//1677 2069//1677 2068//1680 2065//1677
f 2072//1677 2073//1677 2074//1677 2075//1677
f 2076//1677 2077//1677 2074//1677 2073//1677
f 1775//1677 2071//1677 2074//1677 2077//1677
f 2070//1677 2075//1677 2074//1677 2071//1677
f 2078//1677 2079//1677 2080//1677 2081//1677
f 2082//1677 2083//1677 2080//1677 2079//1677
f 1775//1677 2077//1677 2080//1677 2083//1677
f 2076//1677 2081//1677 2080//1677 2077//1677
f 2084//1677 2085//1677 2086//1677 2087//1677
f 2088//1677 2089//1677 2086//1677 2085//1677
f 1775//1677 2083//1677 2086//1677 2089//1677
f 2082//1677 2087//1677 2086//1677 2083//1677
f 2090//1677 2091//1677 2092//1677 2093//1677
f 2094//1677 2095//1677 2092//1677 2091//1677
f 1775//1677 2089//1677 2092//1677 2095//1677
f 2088//1677 2093//1677 2092//1677 2089//1677
f 2096//1677 2097//1677 2098//1677 2099//1677
f 2100//1677 2101//1677 2098//1677 2097//1677
f 1775//1677 2095//1677 2098//1677 2101//1677
f 2094//1677 2099//1677 2098//1677 2095//1677
f 2102//1677 2103//1677 2104//1677 2105//1677
f 2106//1677 2107//1677 2104//1677 2103//1677
f 1775//1677 2101//1677 2104//1677 2107//1677
f 2100//1677 2105//1677 2104//1677 2101//1677
f 2108//1677 2109//1677 2110//1677 2111//1677
f 2112//1677 2113//1677 2110//1677 2109//1677
f 1775//1677 2107//1677 2110//1677 2113//1677
f 2106//1677 2111//1677 2110//1677 2107//1677
f 2114//1677 2115//1677 2116//1677 2117//1677
f 2118//1677 2119//1677 2116//1677 2115//1677
f 1775//1677 2113//1677 2116//1677 2119//1677
f 2112//1677 2117//1677 2116//1677 2113//1677
f 2120//1677 2121//1677 2122//1677 2123//1677
f 2124//1677 2125//1677 2122//1677 2121//1677
f 1775//1677 2119//1677 2122//1677 2125//1677
f 2118//1677 2123//1677 2122//1677 2119//1677
f 2126//1677 2127//1677 2128//1677 2129//1677
f 2130//1677 2131//1677 2128//1677 2127//1677
f 1775//1677 2125//1677 2128//1677 2131//1677
f 2124//1677 2129//1677 2128//1677 2125//1677
f 2132//1677 2133//1677 2134//1677 2135//1677
f 2136//1677 2137//1677 2134//1677 2133//1677
f 1775//1677 2131//1677 2134//1677 2137//1677
f 2130//1677 2135//1677 2134//1677 2131//1677
f 2138//1677 2139//1677 2140//1677 2141//1677
f 2142//1677 2143//1677 2140//1677 2139//1677
f 1775//1677 2137//1677 2140//1677 2143//1677
f 2136//1677 2141//1677 2140//1677 2137//1677
f 2144//1677 2145//1677 2146//1678 2147//1677
f 2148//1677 2149//1677 2146//1678 2145//1677
f 1775//1677 2143//1677 2146//1678 2149//1677
f 2142//1677 2147//1677 2146//1678 2143//1677
f 2150//1677 2151//1677 2152//1678 2153//1677
f 1777//1677 1776//1677 2152//1678 2151//1677
f 1775//1677 2149//1677 2152//1678 1776//1677
f 2148//1677 2153//1677 2152//1678 2149//1677
g Rectangle03
usemtl 05___Default
f 2154//1681 2155//1681 2156//1681 2157//1681
f 2156//1681 2158//1681 2159//1681 2160//1681
f 2159//1681 2161//1681 2160//1681
f 2160//1681 2162//1681 2163//1681 2164//1681
f 2163//1681 2165//1681 2164//1681
f 2164//1681 2166//1681 2167//1681 2168//1681
f 2167//1681 2169//1681 2168//1681
f 2160//1681 2164//1681 2168//1681 2157//1681
f 2168//1681 2170//1681 2171//1681 2172//1681
f 2171//1681 2173//1681 2172//1681
f 2172//1681 2174//1681 2175//1681 2176//1681
f 2175//1681 2177//1681 2176//1681
f 2168//1681 2172//1681 2176//1681 2178//1681
f 2176//1681 2179//1681 2180//1681 2181//1681
f 2180//1681 2182//1681 2181//1681
f 2181//1681 2183//1681 2184//1681 2178//1681
f 2184//1681 2185//1681 2178//1681
f 2176//1681 2181//1681 2178//1681
f 2178//1681 2186//1681 2187//1681 2188//1681
f 2187//1681 2189//1681 2188//1681
f 2188//1681 2190//1681 2191//1681 2192//1681
f 2191//1681 2193//1681 2192//1681
f 2178//1681 2188//1681 2192//1681 2194//1681
f 2192//1681 2195//1681 2196//1681 2197//1681
f 2196//1681 2198//1681 2197//1681
f 2197//1681 2199//1681 2200//1681 2194//1681
f 2200//1681 2201//1681 2194//1681
f 2192//1681 2197//1681 2194//1681
f 2168//1681 2178//1681 2194//1681 2157//1681
f 2194//1681 2202//1681 2203//1681 2204//1681
f 2203//1681 2205//1681 2204//1681
f 2204//1681 2206//1681 2207//1681 2208//1681
f 2207//1681 2209//1681 2208//1681
f 2194//1681 2204//1681 2208//1681 2157//1681
f 2208//1681 2210//1681 2211//1681 2212//1681
f 2211//1681 2213//1681 2212//1681
f 2212//1681 2214//1681 2215//1681 2157//1681
f 2215//1681 2216//1681 2157//1681
f 2208//1681 2212//1681 2157//1681
f 2156//1681 2160//1681 2157//1681
f 2217//1681 2154//1681 2157//1681
f 2218//1682 2219//1682 2170//1682 2168//1682
f 2219//1683 2220//1683 2171//1683 2170//1683
f 2220//1684 2221//1684 2173//1684 2171//1684
f 2221//1685 2222//1685 2172//1685 2173//1685
f 2222//1686 2223//1686 2174//1686 2172//1686
f 2223//1687 2224//1687 2175//1687 2174//1687
f 2224//1688 2225//1688 2177//1688 2175//1688
f 2225//1689 2226//1689 2176//1689 2177//1689
f 2226//1690 2227//1690 2179//1690 2176//1690
f 2227//1691 2228//1691 2180//1691 2179//1691
f 2228//1692 2229//1692 2182//1692 2180//1692
f 2229//1693 2230//1693 2181//1693 2182//1693
f 2230//1694 2231//1694 2183//1694 2181//1694
f 2231//1695 2232//1695 2184//1695 2183//1695
f 2232//1696 2233//1696 2185//1696 2184//1696
f 2233//1697 2234//1697 2178//1697 2185//1697
f 2234//1698 2235//1698 2186//1698 2178//1698
f 2235//1699 2236//1699 2187//1699 2186//1699
f 2236//1700 2237//1700 2189//1700 2187//1700
f 2237//1701 2238//1701 2188//1701 2189//1701
f 2238//1702 2239//1702 2190//1702 2188//1702
f 2239//1703 2240//1703 2191//1703 2190//1703
f 2240//1704 2241//1704 2193//1704 2191//1704
f 2241//1705 2242//1705 2192//1705 2193//1705
f 2242//1706 2243//1706 2195//1706 2192//1706
f 2243//1707 2244//1707 2196//1707 2195//1707
f 2244//1708 2245//1708 2198//1708 2196//1708
f 2245//1709 2246//1709 2197//1709 2198//1709
f 2246//1710 2247//1710 2199//1710 2197//1710
f 2247//1711 2248//1711 2200//1711 2199//1711
f 2248//1712 2249//1712 2201//1712 2200//1712
f 2249//1713 2250//1713 2194//1713 2201//1713
f 2250//1714 2251//1714 2202//1714 2194//1714
f 2251//1715 2252//1715 2203//1715 2202//1715
f 2252//1716 2253//1716 2205//1716 2203//1716
f 2253//1717 2254//1717 2204//1717 2205//1717
f 2254//1718 2255//1718 2206//1718 2204//1718
f 2255//1719 2256//1719 2207//1719 2206//1719
f 2256//1720 2257//1720 2209//1720 2207//1720
f 2257//1721 2258//1721 2208//1721 2209//1721
f 2258//1722 2259//1722 2210//1722 2208//1722
f 2259//1723 2260//1723 2211//1723 2210//1723
f 2260//1724 2261//1724 2213//1724 2211//1724
f 2261//1725 2262//1725 2212//1725 2213//1725
f 2262//1726 2263//1726 2214//1726 2212//1726
f 2263//1727 2264//1727 2215//1727 2214//1727
f 2264//1728 2265//1728 2216//1728 2215//1728
f 2265//1729 2266//1729 2157//1729 2216//1729
f 2266//1730 2267//1730 2217//1730 2157//1730
f 2267//1731 2268//1731 2154//1731 2217//1731
f 2268//1732 2269//1732 2155//1732 2154//1732
f 2269//1733 2270//1733 2156//1733 2155//1733
f 2270//1734 2271//1734 2158//1734 2156//1734
f 2271//1735 2272//1735 2159//1735 2158//1735
f 2272//1736 2273//1736 2161//1736 2159//1736
f 2273//1737 2274//1737 2160//1737 2161//1737
f 2274//1738 2275//1738 2162//1738 2160//1738
f 2275//1739 2276//1739 2163//1739 2162//1739
f 2276//1740 2277//1740 2165//1740 2163//1740
f 2277//1741 2278//1741 2164//1741 2165//1741
f 2278//1742 2279//1742 2166//1742 2164//1742
f 2279//1743 2280//1743 2167//1743 2166//1743
f 2280//1744 2281//1744 2169//1744 2167//1744
f 2281//1745 2218//1745 2168//1745 2169//1745
g Box41
usemtl keypad
f 2282/689/1746 2283/690/1746 2284/691/1746 2285/692/1746
f 2286/692/1747 2287/689/1747 2288/690/1747 2289/691/1747
f 2290/692/1748 2291/689/1748 2292/690/1748 2293/691/1748
f 2294/692/1749 2295/689/1749 2296/690/1749 2297/691/1749
f 2298/692/1750 2299/689/1750 2300/690/1750 2301/691/1750
f 2302/692/1751 2303/689/1751 2304/690/1751 2305/691/1751
f 2290/692/1752 2306/693/1752 2307/693/1752
f 2285/692/1753 2308/693/1753 2309/693/1753
f 2302/692/1754 2310/693/1754 2311/693/1754
f 2284/691/1755 2312/694/1755 2313/694/1755
f 2293/691/1756 2314/694/1756 2315/694/1756
f 2297/691/1757 2316/694/1757 2317/694/1757
f 2305/691/1758 2318/694/1758 2319/694/1758
f 2301/691/1759 2320/694/1759 2321/694/1759
f 2322/695/1760 2283/696/1760 2282/697/1760 2323/698/1760
f 2324/699/1761 2284/700/1761 2283/701/1761 2325/702/1761
f 2326/695/1762 2285/696/1762 2284/697/1762 2313/698/1762
f 2327/699/1763 2282/700/1763 2285/701/1763 2309/702/1763
f 2328/703/1764 2287/704/1764 2286/705/1764 2329/706/1764
f 2330/707/1765 2288/708/1765 2287/709/1765 2331/710/1765
f 2332/703/1766 2289/704/1766 2288/705/1766 2333/706/1766
f 2334/707/1767 2286/708/1767 2289/709/1767 2335/710/1767
f 2336/711/1768 2292/712/1768 2291/713/1768 2337/714/1768
f 2338/715/1769 2290/716/1769 2293/717/1769 2315/718/1769
f 2339/711/1770 2296/712/1770 2295/713/1770 2340/714/1770
f 2341/711/1771 2300/712/1771 2299/713/1771 2342/714/1771
f 2290/692/1772 2338/719/1772 2343/693/1772
f 2344/693/1773 2343/693/1773 2338/719/1773 2345/720/1773
f 2346/693/1774 2344/693/1774 2345/720/1774 2347/721/1774
f 2348/722/1775 2346/693/1775 2347/721/1775 2303/723/1775
f 2290/692/1776 2343/693/1776 2349/693/1776
f 2350/693/1777 2349/693/1777 2343/693/1777 2344/693/1777
f 2351/693/1778 2350/693/1778 2344/693/1778 2346/693/1778
f 2352/724/1779 2351/693/1779 2346/693/1779 2348/722/1779
f 2290/692/1780 2349/693/1780 2306/693/1780
f 2353/693/1781 2306/693/1781 2349/693/1781 2350/693/1781
f 2354/693/1782 2353/693/1782 2350/693/1782 2351/693/1782
f 2323/725/1783 2354/693/1783 2351/693/1783 2352/724/1783
f 2355/693/1784 2307/693/1784 2306/693/1784 2353/693/1784
f 2327/693/1785 2355/693/1785 2353/693/1785 2354/693/1785
f 2282/726/1786 2327/693/1786 2354/693/1786 2323/725/1786
f 2285/692/1787 2326/727/1787 2356/693/1787
f 2357/693/1788 2356/693/1788 2326/727/1788 2358/728/1788
f 2359/693/1789 2357/693/1789 2358/728/1789 2360/729/1789
f 2361/730/1790 2359/693/1790 2360/729/1790 2294/731/1790
f 2285/692/1791 2356/693/1791 2362/693/1791
f 2363/693/1792 2362/693/1792 2356/693/1792 2357/693/1792
f 2364/693/1793 2363/693/1793 2357/693/1793 2359/693/1793
f 2365/732/1794 2364/693/1794 2359/693/1794 2361/730/1794
f 2285/692/1795 2362/693/1795 2308/693/1795
f 2366/693/1796 2308/693/1796 2362/693/1796 2363/693/1796
f 2367/693/1797 2366/693/1797 2363/693/1797 2364/693/1797
f 2337/733/1798 2367/693/1798 2364/693/1798 2365/732/1798
f 2368/693/1799 2309/693/1799 2308/693/1799 2366/693/1799
f 2369/693/1800 2368/693/1800 2366/693/1800 2367/693/1800
f 2291/734/1801 2369/693/1801 2367/693/1801 2337/733/1801
f 2302/692/1802 2370/719/1802 2371/693/1802
f 2372/693/1803 2371/693/1803 2370/719/1803 2373/720/1803
f 2374/693/1804 2372/693/1804 2373/720/1804 2342/721/1804
f 2375/722/1805 2374/693/1805 2342/721/1805 2299/723/1805
f 2302/692/1806 2371/693/1806 2376/693/1806
f 2377/693/1807 2376/693/1807 2371/693/1807 2372/693/1807
f 2378/693/1808 2377/693/1808 2372/693/1808 2374/693/1808
f 2379/724/1809 2378/693/1809 2374/693/1809 2375/722/1809
f 2302/692/1810 2376/693/1810 2310/693/1810
f 2380/693/1811 2310/693/1811 2376/693/1811 2377/693/1811
f 2381/693/1812 2380/693/1812 2377/693/1812 2378/693/1812
f 2325/725/1813 2381/693/1813 2378/693/1813 2379/724/1813
f 2382/693/1814 2311/693/1814 2310/693/1814 2380/693/1814
f 2322/693/1815 2382/693/1815 2380/693/1815 2381/693/1815
f 2283/726/1816 2322/693/1816 2381/693/1816 2325/725/1816
f 2284/691/1817 2324/735/1817 2383/694/1817
f 2384/694/1818 2383/694/1818 2324/735/1818 2385/736/1818
f 2386/694/1819 2384/694/1819 2385/736/1819 2387/737/1819
f 2388/738/1820 2386/694/1820 2387/737/1820 2298/739/1820
f 2284/691/1821 2383/694/1821 2389/694/1821
f 2390/694/1822 2389/694/1822 2383/694/1822 2384/694/1822
f 2391/694/1823 2390/694/1823 2384/694/1823 2386/694/1823
f 2392/740/1824 2391/694/1824 2386/694/1824 2388/738/1824
f 2284/691/1825 2389/694/1825 2312/694/1825
f 2393/694/1826 2312/694/1826 2389/694/1826 2390/694/1826
f 2394/694/1827 2393/694/1827 2390/694/1827 2391/694/1827
f 2340/741/1828 2394/694/1828 2391/694/1828 2392/740/1828
f 2395/694/1829 2313/694/1829 2312/694/1829 2393/694/1829
f 2396/694/1830 2395/694/1830 2393/694/1830 2394/694/1830
f 2295/742/1831 2396/694/1831 2394/694/1831 2340/741/1831
f 2293/691/1832 2397/743/1832 2398/694/1832
f 2399/694/1833 2398/694/1833 2397/743/1833 2400/744/1833
f 2401/694/1834 2399/694/1834 2400/744/1834 2329/745/1834
f 2334/746/1835 2401/694/1835 2329/745/1835 2286/747/1835
f 2293/691/1836 2398/694/1836 2402/694/1836
f 2403/694/1837 2402/694/1837 2398/694/1837 2399/694/1837
f 2404/694/1838 2403/694/1838 2399/694/1838 2401/694/1838
f 2405/748/1839 2404/694/1839 2401/694/1839 2334/746/1839
f 2293/691/1840 2402/694/1840 2314/694/1840
f 2406/694/1841 2314/694/1841 2402/694/1841 2403/694/1841
f 2407/694/1842 2406/694/1842 2403/694/1842 2404/694/1842
f 2408/749/1843 2407/694/1843 2404/694/1843 2405/748/1843
f 2409/694/1844 2315/694/1844 2314/694/1844 2406/694/1844
f 2410/694/1845 2409/694/1845 2406/694/1845 2407/694/1845
f 2304/750/1846 2410/694/1846 2407/694/1846 2408/749/1846
f 2297/691/1847 2411/743/1847 2412/694/1847
f 2413/694/1848 2412/694/1848 2411/743/1848 2414/744/1848
f 2415/694/1849 2413/694/1849 2414/744/1849 2331/745/1849
f 2328/746/1850 2415/694/1850 2331/745/1850 2287/747/1850
f 2297/691/1851 2412/694/1851 2416/694/1851
f 2417/694/1852 2416/694/1852 2412/694/1852 2413/694/1852
f 2418/694/1853 2417/694/1853 2413/694/1853 2415/694/1853
f 2419/748/1854 2418/694/1854 2415/694/1854 2328/746/1854
f 2297/691/1855 2416/694/1855 2316/694/1855
f 2420/694/1856 2316/694/1856 2416/694/1856 2417/694/1856
f 2421/694/1857 2420/694/1857 2417/694/1857 2418/694/1857
f 2422/749/1858 2421/694/1858 2418/694/1858 2419/748/1858
f 2423/694/1859 2317/694/1859 2316/694/1859 2420/694/1859
f 2336/694/1860 2423/694/1860 2420/694/1860 2421/694/1860
f 2292/750/1861 2336/694/1861 2421/694/1861 2422/749/1861
f 2305/691/1862 2424/743/1862 2425/694/1862
f 2426/694/1863 2425/694/1863 2424/743/1863 2427/744/1863
f 2428/694/1864 2426/694/1864 2427/744/1864 2335/745/1864
f 2332/746/1865 2428/694/1865 2335/745/1865 2289/747/1865
f 2305/691/1866 2425/694/1866 2429/694/1866
f 2430/694/1867 2429/694/1867 2425/694/1867 2426/694/1867
f 2431/694/1868 2430/694/1868 2426/694/1868 2428/694/1868
f 2432/748/1869 2431/694/1869 2428/694/1869 2332/746/1869
f 2305/691/1870 2429/694/1870 2318/694/1870
f 2433/694/1871 2318/694/1871 2429/694/1871 2430/694/1871
f 2434/694/1872 2433/694/1872 2430/694/1872 2431/694/1872
f 2435/749/1873 2434/694/1873 2431/694/1873 2432/748/1873
f 2436/694/1874 2319/694/1874 2318/694/1874 2433/694/1874
f 2341/694/1875 2436/694/1875 2433/694/1875 2434/694/1875
f 2300/750/1876 2341/694/1876 2434/694/1876 2435/749/1876
f 2301/691/1877 2437/743/1877 2438/694/1877
f 2439/694/1878 2438/694/1878 2437/743/1878 2440/744/1878
f 2441/694/1879 2439/694/1879 2440/744/1879 2333/745/1879
f 2330/746/1880 2441/694/1880 2333/745/1880 2288/747/1880
f 2301/691/1881 2438/694/1881 2442/694/1881
f 2443/694/1882 2442/694/1882 2438/694/1882 2439/694/1882
f 2444/694/1883 2443/694/1883 2439/694/1883 2441/694/1883
f 2445/748/1884 2444/694/1884 2441/694/1884 2330/746/1884
f 2301/691/1885 2442/694/1885 2320/694/1885
f 2446/694/1886 2320/694/1886 2442/694/1886 2443/694/1886
f 2447/694/1887 2446/694/1887 2443/694/1887 2444/694/1887
f 2448/749/1888 2447/694/1888 2444/694/1888 2445/748/1888
f 2449/694/1889 2321/694/1889 2320/694/1889 2446/694/1889
f 2339/694/1890 2449/694/1890 2446/694/1890 2447/694/1890
f 2296/750/1891 2339/694/1891 2447/694/1891 2448/749/1891
f 2382/751/1892 2322/695/1892 2323/698/1892 2352/752/1892
f 2311/753/1893 2382/751/1893 2352/752/1893 2348/754/1893
f 2302/692/1894 2311/753/1894 2348/754/1894 2303/689/1894
f 2385/755/1895 2324/699/1895 2325/702/1895 2379/756/1895
f 2387/757/1896 2385/755/1896 2379/756/1896 2375/758/1896
f 2298/692/1897 2387/757/1897 2375/758/1897 2299/689/1897
f 2358/751/1898 2326/695/1898 2313/698/1898 2395/752/1898
f 2360/753/1899 2358/751/1899 2395/752/1899 2396/754/1899
f 2294/692/1900 2360/753/1900 2396/754/1900 2295/689/1900
f 2355/755/1901 2327/699/1901 2309/702/1901 2368/756/1901
f 2307/757/1902 2355/755/1902 2368/756/1902 2369/758/1902
f 2290/692/1903 2307/757/1903 2369/758/1903 2291/689/1903
f 2419/759/1904 2328/703/1904 2329/706/1904 2400/760/1904
f 2422/761/1905 2419/759/1905 2400/760/1905 2397/762/1905
f 2292/690/1906 2422/761/1906 2397/762/1906 2293/691/1906
f 2445/763/1907 2330/707/1907 2331/710/1907 2414/764/1907
f 2448/765/1908 2445/763/1908 2414/764/1908 2411/766/1908
f 2296/690/1909 2448/765/1909 2411/766/1909 2297/691/1909
f 2432/759/1910 2332/703/1910 2333/706/1910 2440/760/1910
f 2435/761/1911 2432/759/1911 2440/760/1911 2437/762/1911
f 2300/690/1912 2435/761/1912 2437/762/1912 2301/691/1912
f 2405/763/1913 2334/707/1913 2335/710/1913 2427/764/1913
f 2408/765/1914 2405/763/1914 2427/764/1914 2424/766/1914
f 2304/690/1915 2408/765/1915 2424/766/1915 2305/691/1915
f 2423/767/1916 2336/711/1916 2337/714/1916 2365/768/1916
f 2317/769/1917 2423/767/1917 2365/768/1917 2361/770/1917
f 2297/691/1918 2317/769/1918 2361/770/1918 2294/692/1918
f 2345/771/1919 2338/715/1919 2315/718/1919 2409/772/1919
f 2347/773/1920 2345/771/1920 2409/772/1920 2410/774/1920
f 2303/689/1921 2347/773/1921 2410/774/1921 2304/690/1921
f 2449/767/1922 2339/711/1922 2340/714/1922 2392/768/1922
f 2321/769/1923 2449/767/1923 2392/768/1923 2388/770/1923
f 2301/691/1924 2321/769/1924 2388/770/1924 2298/692/1924
f 2436/767/1925 2341/711/1925 2342/714/1925 2373/768/1925
f 2319/769/1926 2436/767/1926 2373/768/1926 2370/770/1926
f 2305/691/1927 2319/769/1927 2370/770/1927 2302/692/1927
g Box23
usemtl 01___Default
f 2450/775/1928 2451/776/1928 2452/777/1928 2453/778/1928
f 2452/777/1928 2454/779/1928 2455/780/1928 2456/781/1928
f 2452/777/1928 2456/781/1928 2457/782/1928 2458/783/1928
f 2452/777/1928 2458/783/1928 2459/784/1928 2460/785/1928
f 2452/777/1928 2460/785/1928 2461/786/1928 2462/787/1928
f 2452/777/1928 2462/787/1928 2463/788/1928 2464/789/1928
f 2452/777/1928 2464/789/1928 2465/790/1928 2466/791/1928
f 2452/777/1928 2466/791/1928 2467/792/1928 2468/793/1928
f 2452/777/1928 2468/793/1928 2469/794/1928 2470/795/1928
f 2452/777/1928 2470/795/1928 2471/796/1928 2453/778/1928
f 2472/797/1928 2450/775/1928 2453/778/1928 2473/798/1928
f 2474/799/1928 2473/798/1928 2453/778/1928 2475/800/1928
f 2476/801/1928 2475/800/1928 2453/778/1928 2477/802/1928
f 2478/803/1928 2477/802/1928 2453/778/1928 2479/804/1928
f 2480/805/1928 2479/804/1928 2453/778/1928 2481/806/1928
f 2482/807/1928 2481/806/1928 2453/778/1928 2483/808/1928
f 2484/809/1928 2483/808/1928 2453/778/1928 2485/810/1928
f 2486/811/1928 2485/810/1928 2453/778/1928 2487/812/1928
f 2488/813/1928 2487/812/1928 2453/778/1928 2489/814/1928
f 2451/776/1928 2490/815/1929 2491/816/1930 2452/777/1928
f 2490/815/1929 2492/817/1931 2493/818/1932 2494/819/1933
f 2490/815/1929 2494/819/1933 2495/820/1934 2496/821/1935
f 2490/815/1929 2496/821/1935 2497/822/1936 2498/823/1937
f 2490/815/1929 2498/823/1937 2499/824/1938 2500/825/1939
f 2490/815/1929 2500/825/1939 2501/826/1940 2502/827/1941
f 2490/815/1929 2502/827/1941 2503/828/1942 2504/829/1943
f 2490/815/1929 2504/829/1943 2505/830/1944 2506/831/1945
f 2490/815/1929 2506/831/1945 2507/832/1946 2508/833/1947
f 2490/815/1929 2508/833/1947 2509/834/1948 2510/835/1949
f 2510/835/1949 2511/836/1950 2512/837/1950 2513/838/1951
f 2510/835/1949 2513/838/1951 2514/839/1950 2515/840/1951
f 2510/835/1949 2515/840/1951 2516/841/1950 2517/842/1951
f 2510/835/1949 2517/842/1951 2518/843/1950 2519/844/1951
f 2510/835/1949 2519/844/1951 2520/845/1951 2521/846/1950
f 2510/835/1949 2521/846/1950 2522/847/1951 2523/848/1950
f 2510/835/1949 2523/848/1950 2524/849/1950 2525/850/1951
f 2510/835/1949 2525/850/1951 2526/851/1951 2527/852/1950
f 2510/835/1949 2527/852/1950 2528/853/1950 2529/854/1952
f 2490/815/1929 2510/835/1949 2529/854/1952 2491/816/1930
f 2530/778/1953 2531/814/1953 2532/813/1953 2533/812/1953
f 2530/778/1953 2533/812/1953 2534/811/1953 2535/810/1953
f 2530/778/1953 2535/810/1953 2536/809/1953 2537/808/1953
f 2530/778/1953 2537/808/1953 2538/807/1953 2539/806/1953
f 2530/778/1953 2539/806/1953 2540/805/1953 2541/804/1953
f 2530/778/1953 2541/804/1953 2542/803/1953 2543/802/1953
f 2530/778/1953 2543/802/1953 2544/801/1953 2545/800/1953
f 2530/778/1953 2545/800/1953 2546/799/1953 2547/798/1953
f 2530/778/1953 2547/798/1953 2548/797/1953 2549/775/1953
f 2530/778/1953 2549/775/1953 2550/776/1954 2551/777/1954
f 2552/796/1953 2530/778/1953 2551/777/1954 2553/795/1953
f 2554/794/1953 2553/795/1953 2551/777/1954 2555/793/1953
f 2556/792/1953 2555/793/1953 2551/777/1954 2557/791/1953
f 2558/790/1953 2557/791/1953 2551/777/1954 2559/789/1953
f 2560/788/1953 2559/789/1953 2551/777/1954 2561/787/1953
f 2562/786/1953 2561/787/1953 2551/777/1954 2563/785/1953
f 2564/784/1953 2563/785/1953 2551/777/1954 2565/783/1953
f 2566/782/1953 2565/783/1953 2551/777/1954 2567/781/1953
f 2568/780/1953 2567/781/1953 2551/777/1954 2569/779/1953
f 2551/777/1954 2550/776/1954 2570/815/1955 2571/816/1956
f 2570/815/1955 2572/817/1957 2573/818/1958 2574/819/1959
f 2570/815/1955 2574/819/1959 2575/820/1960 2576/821/1961
f 2570/815/1955 2576/821/1961 2577/822/1962 2578/823/1963
f 2570/815/1955 2578/823/1963 2579/824/1964 2580/825/1965
f 2570/815/1955 2580/825/1965 2581/826/1966 2582/827/1967
f 2570/815/1955 2582/827/1967 2583/828/1968 2584/829/1969
f 2570/815/1955 2584/829/1969 2585/830/1970 2586/831/1971
f 2570/815/1955 2586/831/1971 2587/832/1972 2588/833/1973
f 2570/815/1955 2588/833/1973 2589/834/1974 2590/835/1975
f 2571/816/1956 2570/815/1955 2590/835/1975 2591/854/1976
f 2590/835/1975 2592/836/1977 2593/837/1978 2594/838/1977
f 2590/835/1975 2594/838/1977 2595/839/1979 2596/840/1977
f 2590/835/1975 2596/840/1977 2597/841/1979 2598/842/1979
f 2590/835/1975 2598/842/1979 2599/843/1977 2600/844/1977
f 2590/835/1975 2600/844/1977 2601/845/1979 2602/846/1977
f 2590/835/1975 2602/846/1977 2603/847/1979 2604/848/1977
f 2590/835/1975 2604/848/1977 2605/849/1977 2606/850/1977
f 2590/835/1975 2606/850/1977 2607/851/1979 2608/852/1977
f 2590/835/1975 2608/852/1977 2609/853/1977 2591/854/1976
f 2489/778/1980 2453/814/1980 2531/855/1980 2530/856/1980
f 2454/857/1981 2452/858/1981 2550/859/1981 2549/860/1981
f 2452/858/1981 2491/861/1982 2570/862/1983 2550/859/1981
f 2491/861/1982 2529/863/1984 2572/864/1984 2570/862/1983
f 2511/865/1985 2510/866/1985 2592/835/1985 2590/836/1985
f 2492/867/1986 2490/858/1987 2571/859/1988 2591/868/1986
f 2490/858/1987 2451/861/1989 2551/862/1989 2571/859/1988
f 2451/861/1989 2450/869/1989 2569/870/1989 2551/862/1989
f 2573/871/1990 2572/872/1990 2529/873/1990 2528/874/1990
f 2593/875/1991 2592/876/1991 2510/877/1991 2509/878/1991
f 2574/879/1992 2573/871/1992 2528/874/1992 2527/880/1992
f 2575/881/1993 2574/879/1993 2527/880/1993 2526/882/1993
f 2576/883/1994 2575/881/1994 2526/882/1994 2525/884/1994
f 2577/885/1995 2576/883/1995 2525/884/1995 2524/886/1995
f 2578/887/1996 2577/885/1996 2524/886/1996 2523/888/1996
f 2579/889/1997 2578/887/1997 2523/888/1997 2522/890/1997
f 2580/891/1998 2579/889/1998 2522/890/1998 2521/892/1998
f 2581/893/1999 2580/891/1999 2521/892/1999 2520/894/1999
f 2582/895/2000 2581/893/2000 2520/894/2000 2519/896/2000
f 2583/897/2001 2582/895/2001 2519/896/2001 2518/898/2001
f 2584/899/2002 2583/897/2002 2518/898/2002 2517/900/2002
f 2585/901/2003 2584/899/2003 2517/900/2003 2516/902/2003
f 2586/903/2004 2585/901/2004 2516/902/2004 2515/904/2004
f 2587/905/2005 2586/903/2005 2515/904/2005 2514/906/2005
f 2588/907/2006 2587/905/2006 2514/906/2006 2513/908/2006
f 2589/909/2007 2588/907/2007 2513/908/2007 2512/910/2007
f 2590/836/2008 2589/909/2008 2512/910/2008 2511/865/2008
f 2594/911/2009 2593/875/2009 2509/878/2009 2508/912/2009
f 2595/913/2010 2594/911/2010 2508/912/2010 2507/914/2010
f 2596/915/2011 2595/913/2011 2507/914/2011 2506/916/2011
f 2597/917/2012 2596/915/2012 2506/916/2012 2505/918/2012
f 2598/919/2013 2597/917/2013 2505/918/2013 2504/920/2013
f 2599/921/2014 2598/919/2014 2504/920/2014 2503/922/2014
f 2600/923/2015 2599/921/2015 2503/922/2015 2502/924/2015
f 2601/925/2016 2600/923/2016 2502/924/2016 2501/926/2016
f 2602/927/2017 2601/925/2017 2501/926/2017 2500/928/2017
f 2603/929/2018 2602/927/2018 2500/928/2018 2499/930/2018
f 2604/931/2019 2603/929/2019 2499/930/2019 2498/932/2019
f 2605/933/2020 2604/931/2020 2498/932/2020 2497/934/2020
f 2606/935/2021 2605/933/2021 2497/934/2021 2496/936/2021
f 2607/937/2022 2606/935/2022 2496/936/2022 2495/938/2022
f 2608/939/2023 2607/937/2023 2495/938/2023 2494/940/2023
f 2609/941/2024 2608/939/2024 2494/940/2024 2493/942/2024
f 2591/868/2025 2609/941/2025 2493/942/2025 2492/867/2025
f 2532/943/2026 2531/944/2026 2453/945/2026 2471/946/2026
f 2488/947/2027 2489/948/2027 2530/949/2027 2552/950/2027
f 2533/951/2028 2532/943/2028 2471/946/2028 2470/952/2028
f 2534/953/2029 2533/951/2029 2470/952/2029 2469/954/2029
f 2535/955/2030 2534/953/2030 2469/954/2030 2468/956/2030
f 2536/957/2031 2535/955/2031 2468/956/2031 2467/958/2031
f 2537/959/2032 2536/957/2032 2467/958/2032 2466/960/2032
f 2538/961/2033 2537/959/2033 2466/960/2033 2465/962/2033
f 2539/963/2034 2538/961/2034 2465/962/2034 2464/964/2034
f 2540/965/2035 2539/963/2035 2464/964/2035 2463/966/2035
f 2541/967/2036 2540/965/2036 2463/966/2036 2462/968/2036
f 2542/969/2037 2541/967/2037 2462/968/2037 2461/970/2037
f 2543/971/2038 2542/969/2038 2461/970/2038 2460/972/2038
f 2544/973/2039 2543/971/2039 2460/972/2039 2459/974/2039
f 2545/975/2040 2544/973/2040 2459/974/2040 2458/976/2040
f 2546/977/2041 2545/975/2041 2458/976/2041 2457/978/2041
f 2547/979/2042 2546/977/2042 2457/978/2042 2456/980/2042
f 2548/981/2043 2547/979/2043 2456/980/2043 2455/982/2043
f 2549/860/2044 2548/981/2044 2455/982/2044 2454/857/2044
f 2487/983/2045 2488/947/2045 2552/950/2045 2553/984/2045
f 2486/985/2046 2487/983/2046 2553/984/2046 2554/986/2046
f 2485/987/2047 2486/985/2047 2554/986/2047 2555/988/2047
f 2484/989/2048 2485/987/2048 2555/988/2048 2556/990/2048
f 2483/991/2049 2484/989/2049 2556/990/2049 2557/992/2049
f 2482/993/2050 2483/991/2050 2557/992/2050 2558/994/2050
f 2481/995/2051 2482/993/2051 2558/994/2051 2559/996/2051
f 2480/997/2052 2481/995/2052 2559/996/2052 2560/998/2052
f 2479/999/2053 2480/997/2053 2560/998/2053 2561/1000/2053
f 2478/1001/2054 2479/999/2054 2561/1000/2054 2562/1002/2054
f 2477/1003/2055 2478/1001/2055 2562/1002/2055 2563/1004/2055
f 2476/1005/2056 2477/1003/2056 2563/1004/2056 2564/1006/2056
f 2475/1007/2057 2476/1005/2057 2564/1006/2057 2565/1008/2057
f 2474/1009/2058 2475/1007/2058 2565/1008/2058 2566/1010/2058
f 2473/1011/2059 2474/1009/2059 2566/1010/2059 2567/1012/2059
f 2472/1013/2060 2473/1011/2060 2567/1012/2060 2568/1014/2060
f 2450/869/2061 2472/1013/2061 2568/1014/2061 2569/870/2061
g Box32
usemtl keypad
f 2610/1015/2062 2611/1016/2062 2612/1017/2062 2613/1018/2062
f 2614/1018/2063 2615/1015/2063 2616/1016/2063 2617/1017/2063
f 2618/1018/2064 2619/1015/2064 2620/1016/2064 2621/1017/2064
f 2622/1018/2065 2623/1015/2065 2624/1016/2065 2625/1017/2065
f 2626/1018/2066 2627/1015/2066 2628/1016/2066 2629/1017/2066
f 2630/1018/2067 2631/1015/2067 2632/1016/2067 2633/1017/2067
f 2618/1018/2068 2634/1019/2068 2635/1019/2068
f 2613/1018/2069 2636/1019/2069 2637/1019/2069
f 2630/1018/2070 2638/1019/2070 2639/1019/2070
f 2612/1017/2071 2640/1020/2071 2641/1020/2071
f 2621/1017/2072 2642/1020/2072 2643/1020/2072
f 2625/1017/2073 2644/1020/2073 2645/1020/2073
f 2633/1017/2074 2646/1020/2074 2647/1020/2074
f 2629/1017/2075 2648/1020/2075 2649/1020/2075
f 2650/1021/2076 2611/1022/2076 2610/1023/2076 2651/1024/2076
f 2652/1025/2077 2612/1026/2077 2611/1027/2077 2653/1028/2077
f 2654/1021/2078 2613/1022/2078 2612/1023/2078 2641/1024/2078
f 2655/1025/2079 2610/1026/2079 2613/1027/2079 2637/1028/2079
f 2656/1029/2080 2615/1030/2080 2614/1031/2080 2657/1032/2080
f 2658/1033/2081 2616/1034/2081 2615/1035/2081 2659/1036/2081
f 2660/1029/2082 2617/1030/2082 2616/1031/2082 2661/1032/2082
f 2662/1033/2083 2614/1034/2083 2617/1035/2083 2663/1036/2083
f 2664/1037/2084 2620/1038/2084 2619/1039/2084 2665/1040/2084
f 2666/1041/2085 2618/1042/2085 2621/1043/2085 2643/1044/2085
f 2667/1037/2086 2624/1038/2086 2623/1039/2086 2668/1040/2086
f 2669/1037/2087 2628/1038/2087 2627/1039/2087 2670/1040/2087
f 2618/1018/2088 2666/1045/2088 2671/1019/2088
f 2672/1019/2089 2671/1019/2089 2666/1045/2089 2673/1046/2089
f 2674/1019/2090 2672/1019/2090 2673/1046/2090 2675/1047/2090
f 2676/1048/2091 2674/1019/2091 2675/1047/2091 2631/1049/2091
f 2618/1018/2092 2671/1019/2092 2677/1019/2092
f 2678/1019/2093 2677/1019/2093 2671/1019/2093 2672/1019/2093
f 2679/1019/2094 2678/1019/2094 2672/1019/2094 2674/1019/2094
f 2680/1050/2095 2679/1019/2095 2674/1019/2095 2676/1048/2095
f 2618/1018/2096 2677/1019/2096 2634/1019/2096
f 2681/1019/2097 2634/1019/2097 2677/1019/2097 2678/1019/2097
f 2682/1019/2098 2681/1019/2098 2678/1019/2098 2679/1019/2098
f 2651/1051/2099 2682/1019/2099 2679/1019/2099 2680/1050/2099
f 2683/1019/2100 2635/1019/2100 2634/1019/2100 2681/1019/2100
f 2655/1019/2101 2683/1019/2101 2681/1019/2101 2682/1019/2101
f 2610/1052/2102 2655/1019/2102 2682/1019/2102 2651/1051/2102
f 2613/1018/2103 2654/1053/2103 2684/1019/2103
f 2685/1019/2104 2684/1019/2104 2654/1053/2104 2686/1054/2104
f 2687/1019/2105 2685/1019/2105 2686/1054/2105 2688/1055/2105
f 2689/1056/2106 2687/1019/2106 2688/1055/2106 2622/1057/2106
f 2613/1018/2107 2684/1019/2107 2690/1019/2107
f 2691/1019/2108 2690/1019/2108 2684/1019/2108 2685/1019/2108
f 2692/1019/2109 2691/1019/2109 2685/1019/2109 2687/1019/2109
f 2693/1058/2110 2692/1019/2110 2687/1019/2110 2689/1056/2110
f 2613/1018/2111 2690/1019/2111 2636/1019/2111
f 2694/1019/2112 2636/1019/2112 2690/1019/2112 2691/1019/2112
f 2695/1019/2113 2694/1019/2113 2691/1019/2113 2692/1019/2113
f 2665/1059/2114 2695/1019/2114 2692/1019/2114 2693/1058/2114
f 2696/1019/2115 2637/1019/2115 2636/1019/2115 2694/1019/2115
f 2697/1019/2116 2696/1019/2116 2694/1019/2116 2695/1019/2116
f 2619/1060/2117 2697/1019/2117 2695/1019/2117 2665/1059/2117
f 2630/1018/2118 2698/1045/2118 2699/1019/2118
f 2700/1019/2119 2699/1019/2119 2698/1045/2119 2701/1046/2119
f 2702/1019/2120 2700/1019/2120 2701/1046/2120 2670/1047/2120
f 2703/1048/2121 2702/1019/2121 2670/1047/2121 2627/1049/2121
f 2630/1018/2122 2699/1019/2122 2704/1019/2122
f 2705/1019/2123 2704/1019/2123 2699/1019/2123 2700/1019/2123
f 2706/1019/2124 2705/1019/2124 2700/1019/2124 2702/1019/2124
f 2707/1050/2125 2706/1019/2125 2702/1019/2125 2703/1048/2125
f 2630/1018/2126 2704/1019/2126 2638/1019/2126
f 2708/1019/2127 2638/1019/2127 2704/1019/2127 2705/1019/2127
f 2709/1019/2128 2708/1019/2128 2705/1019/2128 2706/1019/2128
f 2653/1051/2129 2709/1019/2129 2706/1019/2129 2707/1050/2129
f 2710/1019/2130 2639/1019/2130 2638/1019/2130 2708/1019/2130
f 2650/1019/2131 2710/1019/2131 2708/1019/2131 2709/1019/2131
f 2611/1052/2132 2650/1019/2132 2709/1019/2132 2653/1051/2132
f 2612/1017/2133 2652/1061/2133 2711/1020/2133
f 2712/1020/2134 2711/1020/2134 2652/1061/2134 2713/1062/2134
f 2714/1020/2135 2712/1020/2135 2713/1062/2135 2715/1063/2135
f 2716/1064/2136 2714/1020/2136 2715/1063/2136 2626/1065/2136
f 2612/1017/2137 2711/1020/2137 2717/1020/2137
f 2718/1020/2138 2717/1020/2138 2711/1020/2138 2712/1020/2138
f 2719/1020/2139 2718/1020/2139 2712/1020/2139 2714/1020/2139
f 2720/1066/2140 2719/1020/2140 2714/1020/2140 2716/1064/2140
f 2612/1017/2141 2717/1020/2141 2640/1020/2141
f 2721/1020/2142 2640/1020/2142 2717/1020/2142 2718/1020/2142
f 2722/1020/2143 2721/1020/2143 2718/1020/2143 2719/1020/2143
f 2668/1067/2144 2722/1020/2144 2719/1020/2144 2720/1066/2144
f 2723/1020/2145 2641/1020/2145 2640/1020/2145 2721/1020/2145
f 2724/1020/2146 2723/1020/2146 2721/1020/2146 2722/1020/2146
f 2623/1068/2147 2724/1020/2147 2722/1020/2147 2668/1067/2147
f 2621/1017/2148 2725/1069/2148 2726/1020/2148
f 2727/1020/2149 2726/1020/2149 2725/1069/2149 2728/1070/2149
f 2729/1020/2150 2727/1020/2150 2728/1070/2150 2657/1071/2150
f 2662/1072/2151 2729/1020/2151 2657/1071/2151 2614/1073/2151
f 2621/1017/2152 2726/1020/2152 2730/1020/2152
f 2731/1020/2153 2730/1020/2153 2726/1020/2153 2727/1020/2153
f 2732/1020/2154 2731/1020/2154 2727/1020/2154 2729/1020/2154
f 2733/1074/2155 2732/1020/2155 2729/1020/2155 2662/1072/2155
f 2621/1017/2156 2730/1020/2156 2642/1020/2156
f 2734/1020/2157 2642/1020/2157 2730/1020/2157 2731/1020/2157
f 2735/1020/2158 2734/1020/2158 2731/1020/2158 2732/1020/2158
f 2736/1075/2159 2735/1020/2159 2732/1020/2159 2733/1074/2159
f 2737/1020/2160 2643/1020/2160 2642/1020/2160 2734/1020/2160
f 2738/1020/2161 2737/1020/2161 2734/1020/2161 2735/1020/2161
f 2632/1076/2162 2738/1020/2162 2735/1020/2162 2736/1075/2162
f 2625/1017/2163 2739/1069/2163 2740/1020/2163
f 2741/1020/2164 2740/1020/2164 2739/1069/2164 2742/1070/2164
f 2743/1020/2165 2741/1020/2165 2742/1070/2165 2659/1071/2165
f 2656/1072/2166 2743/1020/2166 2659/1071/2166 2615/1073/2166
f 2625/1017/2167 2740/1020/2167 2744/1020/2167
f 2745/1020/2168 2744/1020/2168 2740/1020/2168 2741/1020/2168
f 2746/1020/2169 2745/1020/2169 2741/1020/2169 2743/1020/2169
f 2747/1074/2170 2746/1020/2170 2743/1020/2170 2656/1072/2170
f 2625/1017/2171 2744/1020/2171 2644/1020/2171
f 2748/1020/2172 2644/1020/2172 2744/1020/2172 2745/1020/2172
f 2749/1020/2173 2748/1020/2173 2745/1020/2173 2746/1020/2173
f 2750/1075/2174 2749/1020/2174 2746/1020/2174 2747/1074/2174
f 2751/1020/2175 2645/1020/2175 2644/1020/2175 2748/1020/2175
f 2664/1020/2176 2751/1020/2176 2748/1020/2176 2749/1020/2176
f 2620/1076/2177 2664/1020/2177 2749/1020/2177 2750/1075/2177
f 2633/1017/2178 2752/1069/2178 2753/1020/2178
f 2754/1020/2179 2753/1020/2179 2752/1069/2179 2755/1070/2179
f 2756/1020/2180 2754/1020/2180 2755/1070/2180 2663/1071/2180
f 2660/1072/2181 2756/1020/2181 2663/1071/2181 2617/1073/2181
f 2633/1017/2182 2753/1020/2182 2757/1020/2182
f 2758/1020/2183 2757/1020/2183 2753/1020/2183 2754/1020/2183
f 2759/1020/2184 2758/1020/2184 2754/1020/2184 2756/1020/2184
f 2760/1074/2185 2759/1020/2185 2756/1020/2185 2660/1072/2185
f 2633/1017/2186 2757/1020/2186 2646/1020/2186
f 2761/1020/2187 2646/1020/2187 2757/1020/2187 2758/1020/2187
f 2762/1020/2188 2761/1020/2188 2758/1020/2188 2759/1020/2188
f 2763/1075/2189 2762/1020/2189 2759/1020/2189 2760/1074/2189
f 2764/1020/2190 2647/1020/2190 2646/1020/2190 2761/1020/2190
f 2669/1020/2191 2764/1020/2191 2761/1020/2191 2762/1020/2191
f 2628/1076/2192 2669/1020/2192 2762/1020/2192 2763/1075/2192
f 2629/1017/2193 2765/1069/2193 2766/1020/2193
f 2767/1020/2194 2766/1020/2194 2765/1069/2194 2768/1070/2194
f 2769/1020/2195 2767/1020/2195 2768/1070/2195 2661/1071/2195
f 2658/1072/2196 2769/1020/2196 2661/1071/2196 2616/1073/2196
f 2629/1017/2197 2766/1020/2197 2770/1020/2197
f 2771/1020/2198 2770/1020/2198 2766/1020/2198 2767/1020/2198
f 2772/1020/2199 2771/1020/2199 2767/1020/2199 2769/1020/2199
f 2773/1074/2200 2772/1020/2200 2769/1020/2200 2658/1072/2200
f 2629/1017/2201 2770/1020/2201 2648/1020/2201
f 2774/1020/2202 2648/1020/2202 2770/1020/2202 2771/1020/2202
f 2775/1020/2203 2774/1020/2203 2771/1020/2203 2772/1020/2203
f 2776/1075/2204 2775/1020/2204 2772/1020/2204 2773/1074/2204
f 2777/1020/2205 2649/1020/2205 2648/1020/2205 2774/1020/2205
f 2667/1020/2206 2777/1020/2206 2774/1020/2206 2775/1020/2206
f 2624/1076/2207 2667/1020/2207 2775/1020/2207 2776/1075/2207
f 2710/1077/2208 2650/1021/2208 2651/1024/2208 2680/1078/2208
f 2639/1079/2209 2710/1077/2209 2680/1078/2209 2676/1080/2209
f 2630/1018/2210 2639/1079/2210 2676/1080/2210 2631/1015/2210
f 2713/1081/2211 2652/1025/2211 2653/1028/2211 2707/1082/2211
f 2715/1083/2212 2713/1081/2212 2707/1082/2212 2703/1084/2212
f 2626/1018/2213 2715/1083/2213 2703/1084/2213 2627/1015/2213
f 2686/1077/2214 2654/1021/2214 2641/1024/2214 2723/1078/2214
f 2688/1079/2215 2686/1077/2215 2723/1078/2215 2724/1080/2215
f 2622/1018/2216 2688/1079/2216 2724/1080/2216 2623/1015/2216
f 2683/1081/2217 2655/1025/2217 2637/1028/2217 2696/1082/2217
f 2635/1083/2218 2683/1081/2218 2696/1082/2218 2697/1084/2218
f 2618/1018/2219 2635/1083/2219 2697/1084/2219 2619/1015/2219
f 2747/1085/2220 2656/1029/2220 2657/1032/2220 2728/1086/2220
f 2750/1087/2221 2747/1085/2221 2728/1086/2221 2725/1088/2221
f 2620/1016/2222 2750/1087/2222 2725/1088/2222 2621/1017/2222
f 2773/1089/2223 2658/1033/2223 2659/1036/2223 2742/1090/2223
f 2776/1091/2224 2773/1089/2224 2742/1090/2224 2739/1092/2224
f 2624/1016/2225 2776/1091/2225 2739/1092/2225 2625/1017/2225
f 2760/1085/2226 2660/1029/2226 2661/1032/2226 2768/1086/2226
f 2763/1087/2227 2760/1085/2227 2768/1086/2227 2765/1088/2227
f 2628/1016/2228 2763/1087/2228 2765/1088/2228 2629/1017/2228
f 2733/1089/2229 2662/1033/2229 2663/1036/2229 2755/1090/2229
f 2736/1091/2230 2733/1089/2230 2755/1090/2230 2752/1092/2230
f 2632/1016/2231 2736/1091/2231 2752/1092/2231 2633/1017/2231
f 2751/1093/2232 2664/1037/2232 2665/1040/2232 2693/1094/2232
f 2645/1095/2233 2751/1093/2233 2693/1094/2233 2689/1096/2233
f 2625/1017/2234 2645/1095/2234 2689/1096/2234 2622/1018/2234
f 2673/1097/2235 2666/1041/2235 2643/1044/2235 2737/1098/2235
f 2675/1099/2236 2673/1097/2236 2737/1098/2236 2738/1100/2236
f 2631/1015/2237 2675/1099/2237 2738/1100/2237 2632/1016/2237
f 2777/1093/2238 2667/1037/2238 2668/1040/2238 2720/1094/2238
f 2649/1095/2239 2777/1093/2239 2720/1094/2239 2716/1096/2239
f 2629/1017/2240 2649/1095/2240 2716/1096/2240 2626/1018/2240
f 2764/1093/2241 2669/1037/2241 2670/1040/2241 2701/1094/2241
f 2647/1095/2242 2764/1093/2242 2701/1094/2242 2698/1096/2242
f 2633/1017/2243 2647/1095/2243 2698/1096/2243 2630/1018/2243
g Box39
usemtl keypad
f 2778/1101/2244 2779/1102/2244 2780/1103/2244 2781/1104/2244
f 2782/1104/2245 2783/1101/2245 2784/1102/2245 2785/1103/2245
f 2786/1104/2246 2787/1101/2246 2788/1102/2246 2789/1103/2246
f 2790/1104/2247 2791/1101/2247 2792/1102/2247 2793/1103/2247
f 2794/1104/2248 2795/1101/2248 2796/1102/2248 2797/1103/2248
f 2798/1104/2249 2799/1101/2249 2800/1102/2249 2801/1103/2249
f 2786/1104/2250 2802/1105/2250 2803/1105/2250
f 2781/1104/2251 2804/1105/2251 2805/1105/2251
f 2798/1104/2252 2806/1105/2252 2807/1105/2252
f 2780/1103/2253 2808/1106/2253 2809/1106/2253
f 2789/1103/2254 2810/1106/2254 2811/1106/2254
f 2793/1103/2255 2812/1106/2255 2813/1106/2255
f 2801/1103/2256 2814/1106/2256 2815/1106/2256
f 2797/1103/2257 2816/1106/2257 2817/1106/2257
f 2818/1107/2258 2779/1108/2258 2778/1109/2258 2819/1110/2258
f 2820/1111/2259 2780/1112/2259 2779/1113/2259 2821/1114/2259
f 2822/1107/2260 2781/1108/2260 2780/1109/2260 2809/1110/2260
f 2823/1111/2261 2778/1112/2261 2781/1113/2261 2805/1114/2261
f 2824/1115/2262 2783/1116/2262 2782/1117/2262 2825/1118/2262
f 2826/1119/2263 2784/1120/2263 2783/1121/2263 2827/1122/2263
f 2828/1115/2264 2785/1116/2264 2784/1117/2264 2829/1118/2264
f 2830/1119/2265 2782/1120/2265 2785/1121/2265 2831/1122/2265
f 2832/1123/2266 2788/1124/2266 2787/1125/2266 2833/1126/2266
f 2834/1127/2267 2786/1128/2267 2789/1129/2267 2811/1130/2267
f 2835/1123/2268 2792/1124/2268 2791/1125/2268 2836/1126/2268
f 2837/1123/2269 2796/1124/2269 2795/1125/2269 2838/1126/2269
f 2786/1104/2270 2834/1131/2270 2839/1105/2270
f 2840/1105/2271 2839/1105/2271 2834/1131/2271 2841/1132/2271
f 2842/1105/2272 2840/1105/2272 2841/1132/2272 2843/1133/2272
f 2844/1134/2273 2842/1105/2273 2843/1133/2273 2799/1135/2273
f 2786/1104/2274 2839/1105/2274 2845/1105/2274
f 2846/1105/2275 2845/1105/2275 2839/1105/2275 2840/1105/2275
f 2847/1105/2276 2846/1105/2276 2840/1105/2276 2842/1105/2276
f 2848/1136/2277 2847/1105/2277 2842/1105/2277 2844/1134/2277
f 2786/1104/2278 2845/1105/2278 2802/1105/2278
f 2849/1105/2279 2802/1105/2279 2845/1105/2279 2846/1105/2279
f 2850/1105/2280 2849/1105/2280 2846/1105/2280 2847/1105/2280
f 2819/1137/2281 2850/1105/2281 2847/1105/2281 2848/1136/2281
f 2851/1105/2282 2803/1105/2282 2802/1105/2282 2849/1105/2282
f 2823/1105/2283 2851/1105/2283 2849/1105/2283 2850/1105/2283
f 2778/1138/2284 2823/1105/2284 2850/1105/2284 2819/1137/2284
f 2781/1104/2285 2822/1139/2285 2852/1105/2285
f 2853/1105/2286 2852/1105/2286 2822/1139/2286 2854/1140/2286
f 2855/1105/2287 2853/1105/2287 2854/1140/2287 2856/1141/2287
f 2857/1142/2288 2855/1105/2288 2856/1141/2288 2790/1143/2288
f 2781/1104/2289 2852/1105/2289 2858/1105/2289
f 2859/1105/2290 2858/1105/2290 2852/1105/2290 2853/1105/2290
f 2860/1105/2291 2859/1105/2291 2853/1105/2291 2855/1105/2291
f 2861/1144/2292 2860/1105/2292 2855/1105/2292 2857/1142/2292
f 2781/1104/2293 2858/1105/2293 2804/1105/2293
f 2862/1105/2294 2804/1105/2294 2858/1105/2294 2859/1105/2294
f 2863/1105/2295 2862/1105/2295 2859/1105/2295 2860/1105/2295
f 2833/1145/2296 2863/1105/2296 2860/1105/2296 2861/1144/2296
f 2864/1105/2297 2805/1105/2297 2804/1105/2297 2862/1105/2297
f 2865/1105/2298 2864/1105/2298 2862/1105/2298 2863/1105/2298
f 2787/1146/2299 2865/1105/2299 2863/1105/2299 2833/1145/2299
f 2798/1104/2300 2866/1131/2300 2867/1105/2300
f 2868/1105/2301 2867/1105/2301 2866/1131/2301 2869/1132/2301
f 2870/1105/2302 2868/1105/2302 2869/1132/2302 2838/1133/2302
f 2871/1134/2303 2870/1105/2303 2838/1133/2303 2795/1135/2303
f 2798/1104/2304 2867/1105/2304 2872/1105/2304
f 2873/1105/2305 2872/1105/2305 2867/1105/2305 2868/1105/2305
f 2874/1105/2306 2873/1105/2306 2868/1105/2306 2870/1105/2306
f 2875/1136/2307 2874/1105/2307 2870/1105/2307 2871/1134/2307
f 2798/1104/2308 2872/1105/2308 2806/1105/2308
f 2876/1105/2309 2806/1105/2309 2872/1105/2309 2873/1105/2309
f 2877/1105/2310 2876/1105/2310 2873/1105/2310 2874/1105/2310
f 2821/1137/2311 2877/1105/2311 2874/1105/2311 2875/1136/2311
f 2878/1105/2312 2807/1105/2312 2806/1105/2312 2876/1105/2312
f 2818/1105/2313 2878/1105/2313 2876/1105/2313 2877/1105/2313
f 2779/1138/2314 2818/1105/2314 2877/1105/2314 2821/1137/2314
f 2780/1103/2315 2820/1147/2315 2879/1106/2315
f 2880/1106/2316 2879/1106/2316 2820/1147/2316 2881/1148/2316
f 2882/1106/2317 2880/1106/2317 2881/1148/2317 2883/1149/2317
f 2884/1150/2318 2882/1106/2318 2883/1149/2318 2794/1151/2318
f 2780/1103/2319 2879/1106/2319 2885/1106/2319
f 2886/1106/2320 2885/1106/2320 2879/1106/2320 2880/1106/2320
f 2887/1106/2321 2886/1106/2321 2880/1106/2321 2882/1106/2321
f 2888/1152/2322 2887/1106/2322 2882/1106/2322 2884/1150/2322
f 2780/1103/2323 2885/1106/2323 2808/1106/2323
f 2889/1106/2324 2808/1106/2324 2885/1106/2324 2886/1106/2324
f 2890/1106/2325 2889/1106/2325 2886/1106/2325 2887/1106/2325
f 2836/1153/2326 2890/1106/2326 2887/1106/2326 2888/1152/2326
f 2891/1106/2327 2809/1106/2327 2808/1106/2327 2889/1106/2327
f 2892/1106/2328 2891/1106/2328 2889/1106/2328 2890/1106/2328
f 2791/1154/2329 2892/1106/2329 2890/1106/2329 2836/1153/2329
f 2789/1103/2330 2893/1155/2330 2894/1106/2330
f 2895/1106/2331 2894/1106/2331 2893/1155/2331 2896/1156/2331
f 2897/1106/2332 2895/1106/2332 2896/1156/2332 2825/1157/2332
f 2830/1158/2333 2897/1106/2333 2825/1157/2333 2782/1159/2333
f 2789/1103/2334 2894/1106/2334 2898/1106/2334
f 2899/1106/2335 2898/1106/2335 2894/1106/2335 2895/1106/2335
f 2900/1106/2336 2899/1106/2336 2895/1106/2336 2897/1106/2336
f 2901/1160/2337 2900/1106/2337 2897/1106/2337 2830/1158/2337
f 2789/1103/2338 2898/1106/2338 2810/1106/2338
f 2902/1106/2339 2810/1106/2339 2898/1106/2339 2899/1106/2339
f 2903/1106/2340 2902/1106/2340 2899/1106/2340 2900/1106/2340
f 2904/1161/2341 2903/1106/2341 2900/1106/2341 2901/1160/2341
f 2905/1106/2342 2811/1106/2342 2810/1106/2342 2902/1106/2342
f 2906/1106/2343 2905/1106/2343 2902/1106/2343 2903/1106/2343
f 2800/1162/2344 2906/1106/2344 2903/1106/2344 2904/1161/2344
f 2793/1103/2345 2907/1155/2345 2908/1106/2345
f 2909/1106/2346 2908/1106/2346 2907/1155/2346 2910/1156/2346
f 2911/1106/2347 2909/1106/2347 2910/1156/2347 2827/1157/2347
f 2824/1158/2348 2911/1106/2348 2827/1157/2348 2783/1159/2348
f 2793/1103/2349 2908/1106/2349 2912/1106/2349
f 2913/1106/2350 2912/1106/2350 2908/1106/2350 2909/1106/2350
f 2914/1106/2351 2913/1106/2351 2909/1106/2351 2911/1106/2351
f 2915/1160/2352 2914/1106/2352 2911/1106/2352 2824/1158/2352
f 2793/1103/2353 2912/1106/2353 2812/1106/2353
f 2916/1106/2354 2812/1106/2354 2912/1106/2354 2913/1106/2354
f 2917/1106/2355 2916/1106/2355 2913/1106/2355 2914/1106/2355
f 2918/1161/2356 2917/1106/2356 2914/1106/2356 2915/1160/2356
f 2919/1106/2357 2813/1106/2357 2812/1106/2357 2916/1106/2357
f 2832/1106/2358 2919/1106/2358 2916/1106/2358 2917/1106/2358
f 2788/1162/2359 2832/1106/2359 2917/1106/2359 2918/1161/2359
f 2801/1103/2360 2920/1155/2360 2921/1106/2360
f 2922/1106/2361 2921/1106/2361 2920/1155/2361 2923/1156/2361
f 2924/1106/2362 2922/1106/2362 2923/1156/2362 2831/1157/2362
f 2828/1158/2363 2924/1106/2363 2831/1157/2363 2785/1159/2363
f 2801/1103/2364 2921/1106/2364 2925/1106/2364
f 2926/1106/2365 2925/1106/2365 2921/1106/2365 2922/1106/2365
f 2927/1106/2366 2926/1106/2366 2922/1106/2366 2924/1106/2366
f 2928/1160/2367 2927/1106/2367 2924/1106/2367 2828/1158/2367
f 2801/1103/2368 2925/1106/2368 2814/1106/2368
f 2929/1106/2369 2814/1106/2369 2925/1106/2369 2926/1106/2369
f 2930/1106/2370 2929/1106/2370 2926/1106/2370 2927/1106/2370
f 2931/1161/2371 2930/1106/2371 2927/1106/2371 2928/1160/2371
f 2932/1106/2372 2815/1106/2372 2814/1106/2372 2929/1106/2372
f 2837/1106/2373 2932/1106/2373 2929/1106/2373 2930/1106/2373
f 2796/1162/2374 2837/1106/2374 2930/1106/2374 2931/1161/2374
f 2797/1103/2375 2933/1155/2375 2934/1106/2375
f 2935/1106/2376 2934/1106/2376 2933/1155/2376 2936/1156/2376
f 2937/1106/2377 2935/1106/2377 2936/1156/2377 2829/1157/2377
f 2826/1158/2378 2937/1106/2378 2829/1157/2378 2784/1159/2378
f 2797/1103/2379 2934/1106/2379 2938/1106/2379
f 2939/1106/2380 2938/1106/2380 2934/1106/2380 2935/1106/2380
f 2940/1106/2381 2939/1106/2381 2935/1106/2381 2937/1106/2381
f 2941/1160/2382 2940/1106/2382 2937/1106/2382 2826/1158/2382
f 2797/1103/2383 2938/1106/2383 2816/1106/2383
f 2942/1106/2384 2816/1106/2384 2938/1106/2384 2939/1106/2384
f 2943/1106/2385 2942/1106/2385 2939/1106/2385 2940/1106/2385
f 2944/1161/2386 2943/1106/2386 2940/1106/2386 2941/1160/2386
f 2945/1106/2387 2817/1106/2387 2816/1106/2387 2942/1106/2387
f 2835/1106/2388 2945/1106/2388 2942/1106/2388 2943/1106/2388
f 2792/1162/2389 2835/1106/2389 2943/1106/2389 2944/1161/2389
f 2878/1163/2390 2818/1107/2390 2819/1110/2390 2848/1164/2390
f 2807/1165/2391 2878/1163/2391 2848/1164/2391 2844/1166/2391
f 2798/1104/2392 2807/1165/2392 2844/1166/2392 2799/1101/2392
f 2881/1167/2393 2820/1111/2393 2821/1114/2393 2875/1168/2393
f 2883/1169/2394 2881/1167/2394 2875/1168/2394 2871/1170/2394
f 2794/1104/2395 2883/1169/2395 2871/1170/2395 2795/1101/2395
f 2854/1163/2396 2822/1107/2396 2809/1110/2396 2891/1164/2396
f 2856/1165/2397 2854/1163/2397 2891/1164/2397 2892/1166/2397
f 2790/1104/2398 2856/1165/2398 2892/1166/2398 2791/1101/2398
f 2851/1167/2399 2823/1111/2399 2805/1114/2399 2864/1168/2399
f 2803/1169/2400 2851/1167/2400 2864/1168/2400 2865/1170/2400
f 2786/1104/2401 2803/1169/2401 2865/1170/2401 2787/1101/2401
f 2915/1171/2402 2824/1115/2402 2825/1118/2402 2896/1172/2402
f 2918/1173/2403 2915/1171/2403 2896/1172/2403 2893/1174/2403
f 2788/1102/2404 2918/1173/2404 2893/1174/2404 2789/1103/2404
f 2941/1175/2405 2826/1119/2405 2827/1122/2405 2910/1176/2405
f 2944/1177/2406 2941/1175/2406 2910/1176/2406 2907/1178/2406
f 2792/1102/2407 2944/1177/2407 2907/1178/2407 2793/1103/2407
f 2928/1171/2408 2828/1115/2408 2829/1118/2408 2936/1172/2408
f 2931/1173/2409 2928/1171/2409 2936/1172/2409 2933/1174/2409
f 2796/1102/2410 2931/1173/2410 2933/1174/2410 2797/1103/2410
f 2901/1175/2411 2830/1119/2411 2831/1122/2411 2923/1176/2411
f 2904/1177/2412 2901/1175/2412 2923/1176/2412 2920/1178/2412
f 2800/1102/2413 2904/1177/2413 2920/1178/2413 2801/1103/2413
f 2919/1179/2414 2832/1123/2414 2833/1126/2414 2861/1180/2414
f 2813/1181/2415 2919/1179/2415 2861/1180/2415 2857/1182/2415
f 2793/1103/2416 2813/1181/2416 2857/1182/2416 2790/1104/2416
f 2841/1183/2417 2834/1127/2417 2811/1130/2417 2905/1184/2417
f 2843/1185/2418 2841/1183/2418 2905/1184/2418 2906/1186/2418
f 2799/1101/2419 2843/1185/2419 2906/1186/2419 2800/1102/2419
f 2945/1179/2420 2835/1123/2420 2836/1126/2420 2888/1180/2420
f 2817/1181/2421 2945/1179/2421 2888/1180/2421 2884/1182/2421
f 2797/1103/2422 2817/1181/2422 2884/1182/2422 2794/1104/2422
f 2932/1179/2423 2837/1123/2423 2838/1126/2423 2869/1180/2423
f 2815/1181/2424 2932/1179/2424 2869/1180/2424 2866/1182/2424
f 2801/1103/2425 2815/1181/2425 2866/1182/2425 2798/1104/2425
g Box38
usemtl keypad
f 2946/1187/2426 2947/1188/2426 2948/1189/2426 2949/1190/2426
f 2950/1190/2427 2951/1187/2427 2952/1188/2427 2953/1189/2427
f 2954/1190/2428 2955/1187/2428 2956/1188/2428 2957/1189/2428
f 2958/1190/2429 2959/1187/2429 2960/1188/2429 2961/1189/2429
f 2962/1190/2430 2963/1187/2430 2964/1188/2430 2965/1189/2430
f 2966/1190/2431 2967/1187/2431 2968/1188/2431 2969/1189/2431
f 2954/1190/2432 2970/1191/2432 2971/1191/2432
f 2949/1190/2433 2972/1191/2433 2973/1191/2433
f 2966/1190/2434 2974/1191/2434 2975/1191/2434
f 2948/1189/2435 2976/1192/2435 2977/1192/2435
f 2957/1189/2436 2978/1192/2436 2979/1192/2436
f 2961/1189/2437 2980/1192/2437 2981/1192/2437
f 2969/1189/2438 2982/1192/2438 2983/1192/2438
f 2965/1189/2439 2984/1192/2439 2985/1192/2439
f 2986/1193/2440 2947/1194/2440 2946/1195/2440 2987/1196/2440
f 2988/1197/2441 2948/1198/2441 2947/1199/2441 2989/1200/2441
f 2990/1193/2442 2949/1194/2442 2948/1195/2442 2977/1196/2442
f 2991/1197/2443 2946/1198/2443 2949/1199/2443 2973/1200/2443
f 2992/1201/2444 2951/1202/2444 2950/1203/2444 2993/1204/2444
f 2994/1205/2445 2952/1206/2445 2951/1207/2445 2995/1208/2445
f 2996/1201/2446 2953/1202/2446 2952/1203/2446 2997/1204/2446
f 2998/1205/2447 2950/1206/2447 2953/1207/2447 2999/1208/2447
f 3000/1209/2448 2956/1210/2448 2955/1211/2448 3001/1212/2448
f 3002/1213/2449 2954/1214/2449 2957/1215/2449 2979/1216/2449
f 3003/1209/2450 2960/1210/2450 2959/1211/2450 3004/1212/2450
f 3005/1209/2451 2964/1210/2451 2963/1211/2451 3006/1212/2451
f 2954/1190/2452 3002/1217/2452 3007/1191/2452
f 3008/1191/2453 3007/1191/2453 3002/1217/2453 3009/1218/2453
f 3010/1191/2454 3008/1191/2454 3009/1218/2454 3011/1219/2454
f 3012/1220/2455 3010/1191/2455 3011/1219/2455 2967/1221/2455
f 2954/1190/2456 3007/1191/2456 3013/1191/2456
f 3014/1191/2457 3013/1191/2457 3007/1191/2457 3008/1191/2457
f 3015/1191/2458 3014/1191/2458 3008/1191/2458 3010/1191/2458
f 3016/1222/2459 3015/1191/2459 3010/1191/2459 3012/1220/2459
f 2954/1190/2460 3013/1191/2460 2970/1191/2460
f 3017/1191/2461 2970/1191/2461 3013/1191/2461 3014/1191/2461
f 3018/1191/2462 3017/1191/2462 3014/1191/2462 3015/1191/2462
f 2987/1223/2463 3018/1191/2463 3015/1191/2463 3016/1222/2463
f 3019/1191/2464 2971/1191/2464 2970/1191/2464 3017/1191/2464
f 2991/1191/2465 3019/1191/2465 3017/1191/2465 3018/1191/2465
f 2946/1224/2466 2991/1191/2466 3018/1191/2466 2987/1223/2466
f 2949/1190/2467 2990/1225/2467 3020/1191/2467
f 3021/1191/2468 3020/1191/2468 2990/1225/2468 3022/1226/2468
f 3023/1191/2469 3021/1191/2469 3022/1226/2469 3024/1227/2469
f 3025/1228/2470 3023/1191/2470 3024/1227/2470 2958/1229/2470
f 2949/1190/2471 3020/1191/2471 3026/1191/2471
f 3027/1191/2472 3026/1191/2472 3020/1191/2472 3021/1191/2472
f 3028/1191/2473 3027/1191/2473 3021/1191/2473 3023/1191/2473
f 3029/1230/2474 3028/1191/2474 3023/1191/2474 3025/1228/2474
f 2949/1190/2475 3026/1191/2475 2972/1191/2475
f 3030/1191/2476 2972/1191/2476 3026/1191/2476 3027/1191/2476
f 3031/1191/2477 3030/1191/2477 3027/1191/2477 3028/1191/2477
f 3001/1231/2478 3031/1191/2478 3028/1191/2478 3029/1230/2478
f 3032/1191/2479 2973/1191/2479 2972/1191/2479 3030/1191/2479
f 3033/1191/2480 3032/1191/2480 3030/1191/2480 3031/1191/2480
f 2955/1232/2481 3033/1191/2481 3031/1191/2481 3001/1231/2481
f 2966/1190/2482 3034/1217/2482 3035/1191/2482
f 3036/1191/2483 3035/1191/2483 3034/1217/2483 3037/1218/2483
f 3038/1191/2484 3036/1191/2484 3037/1218/2484 3006/1219/2484
f 3039/1220/2485 3038/1191/2485 3006/1219/2485 2963/1221/2485
f 2966/1190/2486 3035/1191/2486 3040/1191/2486
f 3041/1191/2487 3040/1191/2487 3035/1191/2487 3036/1191/2487
f 3042/1191/2488 3041/1191/2488 3036/1191/2488 3038/1191/2488
f 3043/1222/2489 3042/1191/2489 3038/1191/2489 3039/1220/2489
f 2966/1190/2490 3040/1191/2490 2974/1191/2490
f 3044/1191/2491 2974/1191/2491 3040/1191/2491 3041/1191/2491
f 3045/1191/2492 3044/1191/2492 3041/1191/2492 3042/1191/2492
f 2989/1223/2493 3045/1191/2493 3042/1191/2493 3043/1222/2493
f 3046/1191/2494 2975/1191/2494 2974/1191/2494 3044/1191/2494
f 2986/1191/2495 3046/1191/2495 3044/1191/2495 3045/1191/2495
f 2947/1224/2496 2986/1191/2496 3045/1191/2496 2989/1223/2496
f 2948/1189/2497 2988/1233/2497 3047/1192/2497
f 3048/1192/2498 3047/1192/2498 2988/1233/2498 3049/1234/2498
f 3050/1192/2499 3048/1192/2499 3049/1234/2499 3051/1235/2499
f 3052/1236/2500 3050/1192/2500 3051/1235/2500 2962/1237/2500
f 2948/1189/2501 3047/1192/2501 3053/1192/2501
f 3054/1192/2502 3053/1192/2502 3047/1192/2502 3048/1192/2502
f 3055/1192/2503 3054/1192/2503 3048/1192/2503 3050/1192/2503
f 3056/1238/2504 3055/1192/2504 3050/1192/2504 3052/1236/2504
f 2948/1189/2505 3053/1192/2505 2976/1192/2505
f 3057/1192/2506 2976/1192/2506 3053/1192/2506 3054/1192/2506
f 3058/1192/2507 3057/1192/2507 3054/1192/2507 3055/1192/2507
f 3004/1239/2508 3058/1192/2508 3055/1192/2508 3056/1238/2508
f 3059/1192/2509 2977/1192/2509 2976/1192/2509 3057/1192/2509
f 3060/1192/2510 3059/1192/2510 3057/1192/2510 3058/1192/2510
f 2959/1240/2511 3060/1192/2511 3058/1192/2511 3004/1239/2511
f 2957/1189/2512 3061/1241/2512 3062/1192/2512
f 3063/1192/2513 3062/1192/2513 3061/1241/2513 3064/1242/2513
f 3065/1192/2514 3063/1192/2514 3064/1242/2514 2993/1243/2514
f 2998/1244/2515 3065/1192/2515 2993/1243/2515 2950/1245/2515
f 2957/1189/2516 3062/1192/2516 3066/1192/2516
f 3067/1192/2517 3066/1192/2517 3062/1192/2517 3063/1192/2517
f 3068/1192/2518 3067/1192/2518 3063/1192/2518 3065/1192/2518
f 3069/1246/2519 3068/1192/2519 3065/1192/2519 2998/1244/2519
f 2957/1189/2520 3066/1192/2520 2978/1192/2520
f 3070/1192/2521 2978/1192/2521 3066/1192/2521 3067/1192/2521
f 3071/1192/2522 3070/1192/2522 3067/1192/2522 3068/1192/2522
f 3072/1247/2523 3071/1192/2523 3068/1192/2523 3069/1246/2523
f 3073/1192/2524 2979/1192/2524 2978/1192/2524 3070/1192/2524
f 3074/1192/2525 3073/1192/2525 3070/1192/2525 3071/1192/2525
f 2968/1248/2526 3074/1192/2526 3071/1192/2526 3072/1247/2526
f 2961/1189/2527 3075/1241/2527 3076/1192/2527
f 3077/1192/2528 3076/1192/2528 3075/1241/2528 3078/1242/2528
f 3079/1192/2529 3077/1192/2529 3078/1242/2529 2995/1243/2529
f 2992/1244/2530 3079/1192/2530 2995/1243/2530 2951/1245/2530
f 2961/1189/2531 3076/1192/2531 3080/1192/2531
f 3081/1192/2532 3080/1192/2532 3076/1192/2532 3077/1192/2532
f 3082/1192/2533 3081/1192/2533 3077/1192/2533 3079/1192/2533
f 3083/1246/2534 3082/1192/2534 3079/1192/2534 2992/1244/2534
f 2961/1189/2535 3080/1192/2535 2980/1192/2535
f 3084/1192/2536 2980/1192/2536 3080/1192/2536 3081/1192/2536
f 3085/1192/2537 3084/1192/2537 3081/1192/2537 3082/1192/2537
f 3086/1247/2538 3085/1192/2538 3082/1192/2538 3083/1246/2538
f 3087/1192/2539 2981/1192/2539 2980/1192/2539 3084/1192/2539
f 3000/1192/2540 3087/1192/2540 3084/1192/2540 3085/1192/2540
f 2956/1248/2541 3000/1192/2541 3085/1192/2541 3086/1247/2541
f 2969/1189/2542 3088/1241/2542 3089/1192/2542
f 3090/1192/2543 3089/1192/2543 3088/1241/2543 3091/1242/2543
f 3092/1192/2544 3090/1192/2544 3091/1242/2544 2999/1243/2544
f 2996/1244/2545 3092/1192/2545 2999/1243/2545 2953/1245/2545
f 2969/1189/2546 3089/1192/2546 3093/1192/2546
f 3094/1192/2547 3093/1192/2547 3089/1192/2547 3090/1192/2547
f 3095/1192/2548 3094/1192/2548 3090/1192/2548 3092/1192/2548
f 3096/1246/2549 3095/1192/2549 3092/1192/2549 2996/1244/2549
f 2969/1189/2550 3093/1192/2550 2982/1192/2550
f 3097/1192/2551 2982/1192/2551 3093/1192/2551 3094/1192/2551
f 3098/1192/2552 3097/1192/2552 3094/1192/2552 3095/1192/2552
f 3099/1247/2553 3098/1192/2553 3095/1192/2553 3096/1246/2553
f 3100/1192/2554 2983/1192/2554 2982/1192/2554 3097/1192/2554
f 3005/1192/2555 3100/1192/2555 3097/1192/2555 3098/1192/2555
f 2964/1248/2556 3005/1192/2556 3098/1192/2556 3099/1247/2556
f 2965/1189/2557 3101/1241/2557 3102/1192/2557
f 3103/1192/2558 3102/1192/2558 3101/1241/2558 3104/1242/2558
f 3105/1192/2559 3103/1192/2559 3104/1242/2559 2997/1243/2559
f 2994/1244/2560 3105/1192/2560 2997/1243/2560 2952/1245/2560
f 2965/1189/2561 3102/1192/2561 3106/1192/2561
f 3107/1192/2562 3106/1192/2562 3102/1192/2562 3103/1192/2562
f 3108/1192/2563 3107/1192/2563 3103/1192/2563 3105/1192/2563
f 3109/1246/2564 3108/1192/2564 3105/1192/2564 2994/1244/2564
f 2965/1189/2565 3106/1192/2565 2984/1192/2565
f 3110/1192/2566 2984/1192/2566 3106/1192/2566 3107/1192/2566
f 3111/1192/2567 3110/1192/2567 3107/1192/2567 3108/1192/2567
f 3112/1247/2568 3111/1192/2568 3108/1192/2568 3109/1246/2568
f 3113/1192/2569 2985/1192/2569 2984/1192/2569 3110/1192/2569
f 3003/1192/2570 3113/1192/2570 3110/1192/2570 3111/1192/2570
f 2960/1248/2571 3003/1192/2571 3111/1192/2571 3112/1247/2571
f 3046/1249/2572 2986/1193/2572 2987/1196/2572 3016/1250/2572
f 2975/1251/2573 3046/1249/2573 3016/1250/2573 3012/1252/2573
f 2966/1190/2574 2975/1251/2574 3012/1252/2574 2967/1187/2574
f 3049/1253/2575 2988/1197/2575 2989/1200/2575 3043/1254/2575
f 3051/1255/2576 3049/1253/2576 3043/1254/2576 3039/1256/2576
f 2962/1190/2577 3051/1255/2577 3039/1256/2577 2963/1187/2577
f 3022/1249/2578 2990/1193/2578 2977/1196/2578 3059/1250/2578
f 3024/1251/2579 3022/1249/2579 3059/1250/2579 3060/1252/2579
f 2958/1190/2580 3024/1251/2580 3060/1252/2580 2959/1187/2580
f 3019/1253/2581 2991/1197/2581 2973/1200/2581 3032/1254/2581
f 2971/1255/2582 3019/1253/2582 3032/1254/2582 3033/1256/2582
f 2954/1190/2583 2971/1255/2583 3033/1256/2583 2955/1187/2583
f 3083/1257/2584 2992/1201/2584 2993/1204/2584 3064/1258/2584
f 3086/1259/2585 3083/1257/2585 3064/1258/2585 3061/1260/2585
f 2956/1188/2586 3086/1259/2586 3061/1260/2586 2957/1189/2586
f 3109/1261/2587 2994/1205/2587 2995/1208/2587 3078/1262/2587
f 3112/1263/2588 3109/1261/2588 3078/1262/2588 3075/1264/2588
f 2960/1188/2589 3112/1263/2589 3075/1264/2589 2961/1189/2589
f 3096/1257/2590 2996/1201/2590 2997/1204/2590 3104/1258/2590
f 3099/1259/2591 3096/1257/2591 3104/1258/2591 3101/1260/2591
f 2964/1188/2592 3099/1259/2592 3101/1260/2592 2965/1189/2592
f 3069/1261/2593 2998/1205/2593 2999/1208/2593 3091/1262/2593
f 3072/1263/2594 3069/1261/2594 3091/1262/2594 3088/1264/2594
f 2968/1188/2595 3072/1263/2595 3088/1264/2595 2969/1189/2595
f 3087/1265/2596 3000/1209/2596 3001/1212/2596 3029/1266/2596
f 2981/1267/2597 3087/1265/2597 3029/1266/2597 3025/1268/2597
f 2961/1189/2598 2981/1267/2598 3025/1268/2598 2958/1190/2598
f 3009/1269/2599 3002/1213/2599 2979/1216/2599 3073/1270/2599
f 3011/1271/2600 3009/1269/2600 3073/1270/2600 3074/1272/2600
f 2967/1187/2601 3011/1271/2601 3074/1272/2601 2968/1188/2601
f 3113/1265/2602 3003/1209/2602 3004/1212/2602 3056/1266/2602
f 2985/1267/2603 3113/1265/2603 3056/1266/2603 3052/1268/2603
f 2965/1189/2604 2985/1267/2604 3052/1268/2604 2962/1190/2604
f 3100/1265/2605 3005/1209/2605 3006/1212/2605 3037/1266/2605
f 2983/1267/2606 3100/1265/2606 3037/1266/2606 3034/1268/2606
f 2969/1189/2607 2983/1267/2607 3034/1268/2607 2966/1190/2607
